code,name,population,foreigners,foreign_share,share_under20,share_65plus,density,canton,major_region,urban_rural,language,sa_recipients,sa_rate,jobs_primary,jobs_secondary,jobs_tertiary,jobs_total,tax_normal,tax_special,tax_total,tax_per_capita,jobs_per_capita
1,Aeugst am Albis,1991,294.0,14.8,18.8,20.4,251.7,ZH,Zurich,rural,German,17.0,0.9,42.0,18.0,410.0,470.0,4821708.65,902644.05,5724352.7,2875.114364640884,0.2360622802611753
10,Obfelden,5787,1242.0,21.5,23.5,17.5,767.5,ZH,Zurich,intermediate,German,136.0,2.4,53.0,284.0,1129.0,1466.0,5790084.95,591236.3,6381321.25,1102.6993692759634,0.25332642128909627
100,Stadel,2349,317.0,13.5,20.1,17.8,182.2,ZH,Zurich,intermediate,German,31.0,1.3,92.0,63.0,404.0,559.0,2289562.55,172083.85,2461646.4,1047.9550446998724,0.23797360578969776
1001,Doppleschwand,806,34.0,4.2,24.3,15.8,116.0,LU,Central CH,rural,German,,,76.0,49.0,94.0,219.0,362504.4,5514.0,368018.4,456.5985111662531,0.271712158808933
1002,Entlebuch,3267,231.0,7.1,21.2,19.0,57.4,LU,Central CH,rural,German,25.0,0.8,385.0,481.0,1045.0,1911.0,1466934.15,293908.15,1760842.2999999998,538.9783593510865,0.5849403122130394
1004,Flühli,1785,222.0,12.4,19.6,21.2,16.5,LU,Central CH,rural,German,12.0,0.7,226.0,148.0,721.0,1095.0,644968.75,51892.4,696861.15,390.39840336134455,0.6134453781512605
1005,Hasle (LU),1730,50.0,2.9,21.7,18.1,42.9,LU,Central CH,rural,German,16.0,0.9,247.0,345.0,339.0,931.0,551798.7,33664.2,585462.8999999999,338.41786127167626,0.5381502890173411
1007,Romoos,638,22.0,3.4,23.0,20.4,17.1,LU,Central CH,rural,German,,,185.0,44.0,53.0,282.0,125835.05,7991.3,133826.35,209.75916927899686,0.44200626959247646
1008,Schüpfheim,4269,323.0,7.6,22.7,20.3,111.2,LU,Central CH,intermediate,German,98.0,2.3,370.0,650.0,1484.0,2504.0,1583515.05,115046.0,1698561.05,397.8826540173343,0.586554228156477
1009,Werthenstein,2168,312.0,14.4,23.4,15.8,137.2,LU,Central CH,rural,German,24.0,1.1,167.0,710.0,1075.0,1952.0,837250.8,30340.45,867591.25,400.18046586715866,0.9003690036900369
101,Steinmaur,3613,991.0,27.4,20.0,18.2,384.8,ZH,Zurich,intermediate,German,25.0,0.7,196.0,162.0,518.0,876.0,3530549.75,550261.85,4080811.6,1129.4800996401882,0.24245779130916137
1010,Escholzmatt-Marbach,4405,243.0,5.5,19.9,22.0,41.4,LU,Central CH,rural,German,69.0,1.6,657.0,834.0,836.0,2327.0,1334679.2,130147.05,1464826.25,332.5371736662883,0.5282633371169126
102,Weiach,2077,526.0,25.3,19.2,13.5,216.8,ZH,Zurich,intermediate,German,34.0,1.7,31.0,93.0,192.0,316.0,1584663.1,256708.55,1841371.6500000001,886.5535146846414,0.15214251324025035
1021,Aesch (LU),1350,194.0,14.4,19.9,18.7,292.8,LU,Central CH,rural,German,18.0,1.4,73.0,283.0,182.0,538.0,1553285.4,125847.85,1679133.25,1243.8024074074074,0.3985185185185185
1023,Ballwil,2668,220.0,8.2,22.2,18.6,304.2,LU,Central CH,intermediate,German,17.0,0.6,131.0,319.0,437.0,887.0,2059447.05,118817.15,2178264.2,816.4408545727138,0.33245877061469264
1024,Emmen,31573,11783.0,37.3,20.1,17.7,1550.0,LU,Central CH,urban,German,1091.0,3.5,113.0,6159.0,10425.0,16697.0,13115497.45,1430005.8,14545503.25,460.6943670224559,0.5288379311436987
1025,Ermensee,1012,118.0,11.7,22.4,15.9,177.9,LU,Central CH,intermediate,German,,,41.0,166.0,199.0,406.0,725954.1,155119.65,881073.75,870.6262351778656,0.40118577075098816
1026,Eschenbach (LU),3777,472.0,12.5,21.3,18.4,285.9,LU,Central CH,intermediate,German,25.0,0.7,163.0,500.0,888.0,1551.0,3357942.7,394630.1,3752572.8000000003,993.5326449563146,0.4106433677521843
1030,Hitzkirch,5975,987.0,16.5,21.7,17.7,216.5,LU,Central CH,intermediate,German,108.0,1.8,453.0,1210.0,1528.0,3191.0,4232263.15,966218.15,5198481.300000001,870.0387112970712,0.5340585774058577
1031,Hochdorf,9911,2199.0,22.2,21.9,19.3,1029.2,LU,Central CH,urban,German,219.0,2.2,162.0,1936.0,3289.0,5387.0,5990905.7,334925.15,6325830.850000001,638.2636313187368,0.5435374836040763
1032,Hohenrain,2435,212.0,8.7,23.3,17.9,104.8,LU,Central CH,rural,German,11.0,0.5,312.0,200.0,715.0,1227.0,1752378.7,152838.5,1905217.2,782.4300616016427,0.5039014373716633
1033,Inwil,2897,385.0,13.3,23.2,14.0,280.7,LU,Central CH,intermediate,German,27.0,0.9,149.0,502.0,841.0,1492.0,2340883.75,146313.45,2487197.2,858.5423541594754,0.515015533310321
1037,Rain,2984,216.0,7.2,25.2,14.5,316.8,LU,Central CH,intermediate,German,19.0,0.6,126.0,299.0,551.0,976.0,2977022.15,131215.3,3108237.4499999997,1041.6345341823055,0.32707774798927614
1039,Römerswil,1770,165.0,9.3,24.3,15.6,106.6,LU,Central CH,rural,German,10.0,0.6,234.0,262.0,189.0,685.0,1038517.7,142323.7,1180841.4,667.142033898305,0.3870056497175141
1040,Rothenburg,7859,912.0,11.6,21.8,19.9,507.4,LU,Central CH,urban,German,90.0,1.2,159.0,1310.0,5841.0,7310.0,6431377.1,397363.55,6828740.649999999,868.9070683293039,0.9301437841964627
1041,Schongau,1068,81.0,7.6,22.7,15.9,85.9,LU,Central CH,rural,German,7.0,0.7,154.0,155.0,134.0,443.0,862014.4,50251.25,912265.65,854.1813202247191,0.4147940074906367
1051,Adligenswil,5504,664.0,12.1,21.7,24.5,787.4,LU,Central CH,urban,German,57.0,1.0,69.0,315.0,1305.0,1689.0,7107716.6,1099090.25,8206806.85,1491.0622910610464,0.30686773255813954
1052,Buchrain,6621,1469.0,22.2,22.4,15.9,1379.4,LU,Central CH,urban,German,184.0,2.8,53.0,1237.0,1313.0,2603.0,5653781.55,399399.35,6053180.899999999,914.2396767859839,0.3931430297538136
1053,Dierikon,1609,319.0,19.8,22.7,14.4,578.8,LU,Central CH,urban,German,42.0,2.6,35.0,795.0,2619.0,3449.0,1038342.3,111578.7,1149921.0,714.680546923555,2.143567433188316
1054,Ebikon,14469,3472.0,24.0,20.7,18.9,1494.7,LU,Central CH,urban,German,429.0,3.0,42.0,2439.0,4643.0,7124.0,9780331.65,1590851.75,11371183.4,785.8997442808763,0.49236298292902064
1055,Gisikon,1460,313.0,21.4,22.1,12.9,1351.9,LU,Central CH,intermediate,German,26.0,1.8,9.0,203.0,163.0,375.0,2119020.15,389144.45,2508164.6,1717.9209589041097,0.2568493150684932
1056,Greppen,1196,239.0,20.0,20.7,16.6,360.2,LU,Central CH,intermediate,German,11.0,0.9,33.0,22.0,108.0,163.0,1800456.75,300975.9,2101432.65,1757.0507107023411,0.1362876254180602
1058,Horw,15043,2643.0,17.6,18.6,21.6,1169.8,LU,Central CH,urban,German,371.0,2.5,87.0,519.0,4744.0,5350.0,22910847.4,9329676.0,32240523.4,2143.2243169580534,0.3556471448514259
1059,Kriens,28983,6358.0,21.9,18.9,21.0,1061.6,LU,Central CH,urban,German,982.0,3.4,112.0,2036.0,11063.0,13211.0,20642221.85,2769159.9,23411381.75,807.7625418348687,0.4558189283373012
1061,Luzern,83840,21303.0,25.4,16.3,19.4,2880.1,LU,Central CH,urban,German,3692.0,4.5,115.0,7487.0,76067.0,83669.0,82678135.45,25092388.55,107770524.0,1285.4308683206107,0.9979604007633588
1062,Malters,7691,1085.0,14.1,21.1,16.0,269.2,LU,Central CH,intermediate,German,142.0,1.9,340.0,1832.0,1930.0,4102.0,4532888.0,401396.2,4934284.2,641.5660122220778,0.5333506696138344
1063,Meggen,7716,1403.0,18.2,17.5,27.2,1061.3,LU,Central CH,urban,German,45.0,0.6,48.0,205.0,2384.0,2637.0,30483326.2,17755668.45,48238994.65,6251.813718247797,0.3417573872472784
1064,Meierskappel,1596,281.0,17.6,24.7,15.0,235.1,LU,Central CH,intermediate,German,8.0,0.5,116.0,162.0,191.0,469.0,1954804.95,641541.35,2596346.3,1626.783395989975,0.29385964912280704
1065,Root,6010,1613.0,26.8,21.9,13.1,607.1,LU,Central CH,intermediate,German,145.0,2.4126455906821964,69.0,2263.0,3147.0,5479.0,3835889.65,644523.25,4480412.899999999,745.4929950083193,0.9116472545757072
1066,Schwarzenberg,1796,155.0,8.6,23.3,17.8,45.7,LU,Central CH,rural,German,,,136.0,96.0,230.0,462.0,1123044.0,343518.0,1466562.0,816.5712694877506,0.2572383073496659
1067,Udligenswil,2455,318.0,13.0,21.8,20.3,394.7,LU,Central CH,intermediate,German,6.0,0.3,60.0,69.0,340.0,469.0,3499815.65,792718.3,4292533.95,1748.4863340122201,0.19103869653767822
1068,Vitznau,1461,431.0,29.5,15.5,24.0,163.8,LU,Central CH,rural,German,7.0,0.5,59.0,27.0,705.0,791.0,1992099.75,1389527.35,3381627.1,2314.5976043805613,0.5414099931553731
1069,Weggis,4570,1197.0,26.2,14.6,26.8,387.6,LU,Central CH,intermediate,German,46.0,1.0,126.0,714.0,1958.0,2798.0,12969274.4,4098520.0,17067794.4,3734.747133479212,0.6122538293216631
1081,Beromünster,6701,834.0,12.4,23.6,16.2,159.1,LU,Central CH,intermediate,German,93.0,1.4,499.0,836.0,1568.0,2903.0,4219534.45,299965.65,4519500.100000001,674.4515893150277,0.4332189225488733
1082,Büron,2714,726.0,26.8,21.7,14.4,505.4,LU,Central CH,rural,German,48.0,1.8,52.0,705.0,449.0,1206.0,1441821.8,158989.15,1600810.95,589.834543109801,0.4443625644804716
1083,Buttisholz,3421,422.0,12.3,24.5,16.0,204.7,LU,Central CH,intermediate,German,31.0,0.9,212.0,841.0,869.0,1922.0,2317849.05,121893.3,2439742.3499999996,713.1664279450451,0.5618240280619702
1084,Eich,1623,110.0,6.8,17.3,22.5,273.2,LU,Central CH,rural,German,,,83.0,114.0,411.0,608.0,3920212.2,304864.5,4225076.7,2603.251201478743,0.37461491065927294
1085,Geuensee,2878,613.0,21.3,24.4,16.1,444.8,LU,Central CH,rural,German,50.0,1.7,77.0,425.0,533.0,1035.0,2126982.25,133070.85,2260053.1,785.2859972202918,0.3596247394023627
1086,Grosswangen,3221,378.0,11.7,24.2,16.3,163.5,LU,Central CH,intermediate,German,55.0,1.7,343.0,519.0,602.0,1464.0,1836605.55,48093.4,1884698.95,585.1285159888233,0.4545172306737038
1088,Hildisrieden,2445,223.0,9.1,21.3,20.8,347.3,LU,Central CH,rural,German,14.0,0.6,116.0,102.0,438.0,656.0,3303260.8,295552.9,3598813.6999999997,1471.907443762781,0.2683026584867076
1089,Knutwil,2373,259.0,10.9,22.0,16.3,243.6,LU,Central CH,rural,German,17.0,0.7,94.0,290.0,449.0,833.0,2236621.75,302153.9,2538775.65,1069.8591024020227,0.35103244837758113
1091,Mauensee,1543,140.0,9.1,20.3,14.5,213.7,LU,Central CH,rural,German,12.0,0.8,55.0,76.0,165.0,296.0,1645884.85,520590.2,2166475.0500000003,1404.066785482826,0.1918340894361633
1093,Neuenkirch,7183,822.0,11.4,22.0,16.7,281.9,LU,Central CH,intermediate,German,72.0,1.0,358.0,826.0,1666.0,2850.0,4957281.75,443552.6,5400834.35,751.8911805652234,0.39677015174718083
1094,Nottwil,4091,508.0,12.4,24.0,14.5,396.0,LU,Central CH,rural,German,42.0,1.0,134.0,253.0,2637.0,3024.0,3416248.6,264211.35,3680459.95,899.6479956000978,0.7391835736983623
1095,Oberkirch,5068,592.0,11.7,22.8,15.0,556.9,LU,Central CH,urban,German,48.0,1.0,122.0,232.0,3224.0,3578.0,6127262.5,428679.55,6555942.05,1293.5955110497237,0.7059984214680347
1097,Rickenbach (LU),3564,675.0,18.9,22.9,16.1,300.8,LU,Central CH,rural,German,70.0,2.0,103.0,609.0,661.0,1373.0,1989045.5,189794.0,2178839.5,611.3466610549943,0.38524130190796857
1098,Ruswil,7305,797.0,10.9,22.5,17.6,161.4,LU,Central CH,intermediate,German,169.0,2.4,656.0,1034.0,1749.0,3439.0,3939901.1,190880.15,4130781.25,565.4731348391513,0.47077344284736483
1099,Schenkon,3076,236.0,7.7,21.3,17.1,456.4,LU,Central CH,urban,German,,,90.0,413.0,1147.0,1650.0,6226416.55,777791.4,7004207.95,2277.050698959688,0.5364109232769831
11,Ottenbach,2858,424.0,14.8,21.1,21.6,569.3,ZH,Zurich,intermediate,German,59.0,2.1,38.0,292.0,361.0,691.0,3637536.75,406333.2,4043869.95,1414.9300034989503,0.241777466759972
1100,Schlierbach,986,82.0,8.3,26.2,14.2,137.5,LU,Central CH,rural,German,,,65.0,46.0,92.0,203.0,611826.95,80291.9,692118.85,701.9460953346855,0.20588235294117646
1102,Sempach,4131,360.0,8.7,23.2,19.9,463.6,LU,Central CH,rural,German,13.0,0.3,107.0,658.0,1319.0,2084.0,4646885.8,794672.15,5441557.95,1317.2495642701526,0.5044783345436941
1103,Sursee,10519,1842.0,17.5,18.8,18.8,1804.3,LU,Central CH,urban,German,271.0,2.6,16.0,2639.0,11692.0,14347.0,9048325.0,918857.05,9967182.05,947.5408356307635,1.363912919479038
1104,Triengen,4748,1273.0,26.8,22.3,16.5,214.9,LU,Central CH,intermediate,German,85.0,1.8,266.0,1242.0,1122.0,2630.0,2823105.55,165874.85,2988980.4,629.5240943555181,0.5539174389216512
1107,Wolhusen,4446,989.0,22.2,22.7,17.2,311.1,LU,Central CH,intermediate,German,160.0,3.7,162.0,475.0,1765.0,2402.0,2210917.45,121505.6,2332423.0500000003,524.6115721997302,0.5402609086819613
111,Bäretswil,5098,550.0,10.8,21.3,21.5,229.7,ZH,Zurich,intermediate,German,58.0,1.2,138.0,427.0,1157.0,1722.0,4799007.95,569498.6,5368506.55,1053.061308356218,0.3377795213809337
112,Bubikon,7496,844.0,11.3,21.8,20.8,645.7,ZH,Zurich,intermediate,German,63.0,0.9,100.0,1512.0,2357.0,3969.0,9123132.15,919059.2,10042191.35,1339.6733391141943,0.5294823906083245
1121,Alberswil,683,84.0,12.3,20.6,11.6,193.5,LU,Central CH,rural,German,,,61.0,41.0,186.0,288.0,343913.05,16427.65,360340.7,527.5852122986823,0.4216691068814056
1122,Altbüron,1029,108.0,10.5,21.8,16.8,152.4,LU,Central CH,rural,German,15.0,1.4,99.0,298.0,138.0,535.0,788416.5,57134.25,845550.75,821.7208454810495,0.5199222546161322
1123,Altishofen,2006,352.0,17.5,24.0,12.9,140.1,LU,Central CH,intermediate,German,26.0,1.3,193.0,253.0,2484.0,2930.0,1628798.5,56256.75,1685055.25,840.0076021934198,1.46061814556331
1125,Dagmersellen,5807,1051.0,18.1,21.7,15.8,243.3,LU,Central CH,rural,German,59.0,1.0,222.0,1784.0,1484.0,3490.0,3758601.65,172066.65,3930668.3,676.8845014637507,0.6009987945582917
1127,Egolzwil,1624,186.0,11.5,20.2,14.8,388.5,LU,Central CH,rural,German,25.0,1.6,47.0,183.0,380.0,610.0,1471270.65,75033.6,1546304.25,952.157789408867,0.37561576354679804
1128,Ettiswil,2853,310.0,10.9,24.0,15.6,226.8,LU,Central CH,rural,German,44.0,1.6,142.0,254.0,561.0,957.0,1367440.5,29508.3,1396948.8,489.64206098843323,0.33543638275499477
1129,Fischbach,702,89.0,12.7,20.1,16.1,87.2,LU,Central CH,rural,German,12.0,1.7,107.0,36.0,66.0,209.0,259466.3,8185.8,267652.1,381.2707977207977,0.29772079772079774
113,Dürnten,7779,1461.0,18.8,21.3,18.6,761.2,ZH,Zurich,urban,German,181.0,2.4,124.0,298.0,1489.0,1911.0,7069305.6,958965.85,8028271.449999999,1032.0441509191412,0.24566139606633244
1131,Grossdietwil,876,100.0,11.4,17.9,17.5,85.9,LU,Central CH,rural,German,12.0,1.4,113.0,188.0,184.0,485.0,571094.7,17566.85,588661.5499999999,671.9880707762557,0.5536529680365296
1132,Hergiswil bei Willisau,1910,130.0,6.8,23.4,19.1,60.9,LU,Central CH,rural,German,14.0,0.7,317.0,168.0,365.0,850.0,633832.95,30082.7,663915.6499999999,347.59981675392663,0.44502617801047123
1135,Luthern,1248,73.0,5.8,22.0,19.8,33.1,LU,Central CH,rural,German,7.0,0.6,293.0,169.0,228.0,690.0,315645.5,7572.85,323218.35,258.9890625,0.5528846153846154
1136,Menznau,3056,375.0,12.3,22.5,17.3,100.7,LU,Central CH,rural,German,41.0,1.4,276.0,701.0,659.0,1636.0,1168614.5,107971.6,1276586.1,417.7310536649215,0.5353403141361257
1137,Nebikon,2766,864.0,31.2,22.8,15.1,741.6,LU,Central CH,intermediate,German,37.0,1.3,30.0,438.0,713.0,1181.0,1799984.55,159183.8,1959168.35,708.3038141720897,0.4269703543022415
1139,Pfaffnau,2714,462.0,17.0,20.4,17.7,153.5,LU,Central CH,rural,German,46.0,1.7,156.0,212.0,1419.0,1787.0,1338545.4,290531.15,1629076.5499999998,600.2492815033161,0.6584377302873987
114,Fischenthal,2606,414.0,15.9,22.3,16.8,86.2,ZH,Zurich,rural,German,41.0,1.6,142.0,223.0,306.0,671.0,1429420.6,122311.3,1551731.9000000001,595.4458557175749,0.25748273215656176
1140,Reiden,7415,2034.0,27.4,21.1,17.2,274.3,LU,Central CH,rural,German,106.0,1.4,197.0,1620.0,3250.0,5067.0,3638672.45,370489.35,4009161.8000000003,540.6826432906272,0.6833445718138907
1142,Roggliswil,768,44.0,5.7,22.0,13.5,123.7,LU,Central CH,rural,German,,,74.0,102.0,104.0,280.0,411675.35,7429.55,419104.89999999997,545.7095052083333,0.3645833333333333
1143,Schötz,4786,958.0,20.0,24.3,13.0,313.4,LU,Central CH,intermediate,German,105.0,2.3,181.0,680.0,1059.0,1920.0,2355941.25,123608.4,2479549.65,518.0839218554116,0.4011700793982449
1145,Ufhusen,934,70.0,7.5,20.9,16.8,76.5,LU,Central CH,rural,German,9.0,1.0,146.0,57.0,114.0,317.0,353471.1,32185.15,385656.25,412.90819057815844,0.33940042826552463
1146,Wauwil,2558,580.0,22.7,20.7,16.3,864.2,LU,Central CH,rural,German,25.0,1.0,263.0,184.0,356.0,803.0,1505962.95,146340.35,1652303.3,645.9356137607506,0.3139171227521501
1147,Wikon,1486,280.0,18.8,21.9,18.9,179.5,LU,Central CH,urban,German,30.0,2.0,44.0,492.0,311.0,847.0,1221508.45,85176.2,1306684.65,879.3301816958277,0.5699865410497981
115,Gossau (ZH),10336,1612.0,15.6,20.6,20.6,566.0,ZH,Zurich,intermediate,German,146.0,1.4,144.0,737.0,1744.0,2625.0,11266631.05,1828872.0,13095503.05,1266.979784249226,0.2539667182662539
1150,Zell (LU),2119,324.0,15.3,21.0,19.4,152.3,LU,Central CH,rural,German,59.0,2.8,151.0,788.0,724.0,1663.0,1115722.1,79951.25,1195673.35,564.263025011798,0.7848041529023124
1151,Willisau,9108,1270.0,13.9,22.2,20.2,192.9,LU,Central CH,intermediate,German,241.0,2.7,519.0,1444.0,4113.0,6076.0,5413822.9,342084.9,5755907.800000001,631.9617698726395,0.6671058410188845
116,Grüningen,3845,557.0,14.5,20.9,18.9,437.4,ZH,Zurich,intermediate,German,48.0,1.3,121.0,440.0,1276.0,1837.0,4037215.5,317147.15,4354362.65,1132.474031209363,0.4777633289986996
117,Hinwil,11576,2061.0,17.8,19.5,20.7,519.6,ZH,Zurich,intermediate,German,257.0,2.2,190.0,2518.0,4793.0,7501.0,10378870.75,945395.95,11324266.7,978.2538614374567,0.6479785763648929
118,Rüti (ZH),12701,3310.0,26.1,19.9,19.8,1262.5,ZH,Zurich,urban,German,442.0,3.5,57.0,1356.0,3783.0,5196.0,9040846.9,974621.8,10015468.700000001,788.5574915360996,0.4091016455397213
119,Seegräben,1422,208.0,14.6,20.3,18.4,377.2,ZH,Zurich,intermediate,German,26.0,1.8,43.0,63.0,476.0,582.0,1713467.3,161617.0,1875084.3,1318.624683544304,0.4092827004219409
12,Rifferswil,1149,114.0,9.9,26.3,18.2,176.5,ZH,Zurich,rural,German,12.0,1.0,46.0,79.0,170.0,295.0,1683200.65,396756.15,2079956.7999999998,1810.2322019147082,0.25674499564838993
120,Wald (ZH),10343,2728.0,26.4,20.1,18.6,409.3,ZH,Zurich,intermediate,German,245.0,2.4,182.0,882.0,2427.0,3491.0,6455562.25,856306.5,7311868.75,706.9388717006672,0.3375229623900222
1201,Altdorf (UR),9880,1686.0,17.1,19.0,21.8,967.7,UR,Central CH,urban,German,164.0,1.7,86.0,1658.0,5108.0,6852.0,7513379.95,1028888.0,8542267.95,864.6020192307692,0.6935222672064777
1202,Andermatt,1538,429.0,27.9,13.5,23.1,24.7,UR,Central CH,intermediate,German,,,46.0,240.0,1466.0,1752.0,1673579.65,1333500.7,3007080.3499999996,1955.1887841352404,1.1391417425227568
1203,Attinghausen,1765,106.0,6.0,24.2,16.6,37.6,UR,Central CH,urban,German,,,98.0,133.0,230.0,461.0,970142.75,34788.15,1004930.9,569.3659490084985,0.26118980169971673
1205,Bürglen (UR),3877,248.0,6.4,20.0,20.6,73.1,UR,Central CH,urban,German,43.0,1.1,220.0,421.0,958.0,1599.0,2026093.2,176685.4,2202778.6,568.1657467113748,0.41243229301005935
1206,Erstfeld,3866,864.0,22.3,20.1,23.7,65.4,UR,Central CH,intermediate,German,80.0,2.1,120.0,387.0,909.0,1416.0,1512459.5,79417.85,1591877.35,411.76341179513713,0.3662700465597517
1207,Flüelen,2020,295.0,14.6,17.9,21.5,163.2,UR,Central CH,urban,German,26.0,1.3,41.0,296.0,645.0,982.0,2352825.05,240699.1,2593524.15,1283.9228465346534,0.4861386138613861
1208,Göschenen,445,113.0,25.4,13.5,29.7,4.3,UR,Central CH,rural,German,,,27.0,72.0,164.0,263.0,139761.45,10920.35,150681.80000000002,338.610786516854,0.5910112359550562
1209,Gurtnellen,496,41.0,8.3,14.9,29.4,6.0,UR,Central CH,rural,German,,,49.0,63.0,91.0,203.0,157545.0,3301.35,160846.35,324.286995967742,0.4092741935483871
121,Wetzikon (ZH),26018,7107.0,27.3,20.2,17.9,1547.8,ZH,Zurich,urban,German,774.0,3.0,70.0,3475.0,11386.0,14931.0,21275337.2,2566503.7,23841840.9,916.3594780536552,0.5738719348143593
1210,Hospental,179,36.0,20.1,14.0,24.0,5.1,UR,Central CH,rural,German,,,,6.0,21.0,27.0,71626.1,32329.05,103955.15000000001,580.755027932961,0.15083798882681565
1211,Isenthal,467,9.0,1.9,22.1,20.1,7.7,UR,Central CH,rural,German,,,114.0,22.0,57.0,193.0,97399.45,637.25,98036.7,209.92869379014988,0.4132762312633833
1212,Realp,153,28.0,18.3,11.8,33.3,2.0,UR,Central CH,rural,German,,,,0.0,36.0,36.0,91063.75,54942.35,146006.1,954.2882352941177,0.23529411764705882
1213,Schattdorf,5453,574.0,10.5,20.9,22.1,333.9,UR,Central CH,urban,German,65.0,1.2,104.0,1377.0,1844.0,3325.0,3052604.5,352264.15,3404868.65,624.4028333027691,0.6097560975609756
1214,Seedorf (UR),2051,160.0,7.8,25.3,18.4,106.3,UR,Central CH,intermediate,German,,,34.0,383.0,423.0,840.0,1251524.65,34433.9,1285958.5499999998,626.9910043881033,0.40955631399317405
1215,Seelisberg,715,120.0,16.8,15.0,29.1,53.8,UR,Central CH,rural,German,,,65.0,40.0,133.0,238.0,501102.1,89320.05,590422.15,825.7652447552448,0.3328671328671329
1216,Silenen,2041,160.0,7.8,18.7,22.0,14.1,UR,Central CH,rural,German,6.0,0.3,117.0,97.0,224.0,438.0,672960.35,19704.9,692665.25,339.37542871141596,0.21460068593826556
1217,Sisikon,382,97.0,25.4,19.4,17.8,23.2,UR,Central CH,rural,German,9.0,2.3,24.0,10.0,42.0,76.0,259939.3,9094.35,269033.64999999997,704.2765706806282,0.19895287958115182
1218,Spiringen,858,17.0,2.0,21.8,20.5,13.3,UR,Central CH,rural,German,,,147.0,64.0,121.0,332.0,199895.2,4026.45,203921.65000000002,237.67092074592077,0.38694638694638694
1219,Unterschächen,715,8.0,1.1,24.1,19.4,8.9,UR,Central CH,rural,German,,,83.0,12.0,80.0,175.0,209942.85,6079.3,216022.15,302.1288811188811,0.24475524475524477
1220,Wassen,416,102.0,24.5,17.1,24.3,4.3,UR,Central CH,rural,German,,,34.0,56.0,175.0,265.0,203062.75,16774.2,219836.95,528.4542067307692,0.6370192307692307
13,Stallikon,3854,785.0,20.4,22.6,17.7,320.6,ZH,Zurich,intermediate,German,37.0,1.0,39.0,137.0,657.0,833.0,6755278.4,2088265.85,8843544.25,2294.640438505449,0.21613907628437987
1301,Einsiedeln,16310,2841.0,17.4,19.7,19.8,164.9,SZ,Central CH,urban,German,224.0,1.4,465.0,2067.0,4691.0,7223.0,16794844.8,3161582.25,19956427.05,1223.5700214592275,0.44285714285714284
131,Adliswil,19243,7591.0,39.4,20.4,18.5,2476.6,ZH,Zurich,urban,German,523.0,2.7,20.0,631.0,7128.0,7779.0,26866546.5,12037696.65,38904243.15,2021.734820454191,0.4042508964298706
1311,Gersau,2384,662.0,27.8,15.3,24.6,166.1,SZ,Central CH,rural,German,16.0,0.7,112.0,111.0,422.0,645.0,2815725.55,1291727.3,4107452.8499999996,1722.9248531879193,0.27055369127516776
1321,Feusisberg,5468,1379.0,25.2,16.7,18.9,312.5,SZ,Central CH,intermediate,German,35.0,0.6,150.0,854.0,3361.0,4365.0,40397344.95,36909742.4,77307087.35,14138.092053767372,0.7982809070958303
1322,Freienbach,16711,5055.0,30.2,17.4,20.2,1210.9,SZ,Central CH,urban,German,161.0,1.0,150.0,2901.0,14421.0,17472.0,87317950.95,76580065.15,163898016.10000002,9807.792238645205,1.0455388666148047
1323,Wollerau,7495,2025.0,27.0,17.1,21.4,1187.8,SZ,Central CH,urban,German,101.0,1.4,71.0,728.0,4199.0,4998.0,63345852.65,64075613.8,127421466.44999999,17000.86276851234,0.666844563042028
1331,Küssnacht (SZ),13843,3478.0,25.1,18.6,20.1,471.2,SZ,Central CH,urban,German,205.0,1.5,295.0,2719.0,4269.0,7283.0,27941474.9,15077792.75,43019267.65,3107.654962797081,0.5261142815863613
1341,Altendorf,7215,1583.0,21.9,18.7,18.4,353.5,SZ,Central CH,urban,German,59.0,0.8,203.0,1007.0,3030.0,4240.0,22461149.55,10588360.85,33049510.4,4580.666722106722,0.5876645876645876
1342,Galgenen,5342,1163.0,21.8,20.5,17.2,402.6,SZ,Central CH,intermediate,German,38.0,0.7,148.0,276.0,962.0,1386.0,6684231.7,1727243.05,8411474.75,1574.592802321228,0.25945338824410336
1343,Innerthal,180,12.0,6.7,16.1,21.7,3.6,SZ,Central CH,rural,German,,,13.0,0.0,41.0,54.0,58563.5,0.0,58563.5,325.35277777777776,0.3
1344,Lachen,9394,2996.0,31.9,19.0,19.3,3850.0,SZ,Central CH,urban,German,198.0,2.1,9.0,1573.0,4194.0,5776.0,22354478.0,8823393.8,31177871.8,3318.9133276559505,0.6148605492867788
1345,Reichenburg,4063,1015.0,25.0,21.9,13.5,351.8,SZ,Central CH,intermediate,German,38.0,1.0,112.0,646.0,636.0,1394.0,3488765.8,578984.8,4067750.5999999996,1001.1692345557469,0.34309623430962344
1346,Schübelbach,9595,3076.0,32.1,20.5,15.9,330.7,SZ,Central CH,urban,German,227.0,2.4,168.0,933.0,1833.0,2934.0,6819655.95,1395624.1,8215280.050000001,856.2042782699324,0.30578426263679
1347,Tuggen,3358,598.0,17.8,19.7,16.5,248.6,SZ,Central CH,intermediate,German,59.0,1.8,115.0,534.0,885.0,1534.0,4481211.25,715225.6,5196436.85,1547.4797051816556,0.45681953543776055
1348,Vorderthal,983,97.0,9.9,16.5,20.5,35.1,SZ,Central CH,rural,German,,,97.0,78.0,89.0,264.0,574382.0,34189.75,608571.75,619.0963886063072,0.2685656154628688
1349,Wangen (SZ),5489,924.0,16.8,18.4,19.3,648.8,SZ,Central CH,urban,German,61.0,1.1,110.0,677.0,1293.0,2080.0,6680728.9,851495.95,7532224.850000001,1372.2399070869012,0.3789396975769721
135,Kilchberg (ZH),9303,3086.0,33.2,21.9,17.5,3605.8,ZH,Zurich,urban,German,105.0,1.1,10.0,1161.0,3123.0,4294.0,40196924.35,38310961.45,78507885.80000001,8438.985897022467,0.4615715360636354
136,Langnau am Albis,8056,2375.0,29.5,21.4,20.8,929.2,ZH,Zurich,urban,German,173.0,2.2,22.0,153.0,1383.0,1558.0,13275548.1,4198064.45,17473612.55,2169.018439672294,0.19339622641509435
1361,Alpthal,618,61.0,9.9,17.0,17.8,27.0,SZ,Central CH,rural,German,8.0,1.3,53.0,30.0,129.0,212.0,555039.1,283463.5,838502.6,1356.8003236245954,0.343042071197411
1362,Arth,12359,3624.0,29.3,20.3,17.2,294.1,SZ,Central CH,urban,German,214.0,1.7,326.0,1286.0,2750.0,4362.0,9835687.15,2729644.9,12565332.05,1016.6948822720285,0.35294117647058826
1363,Illgau,815,28.0,3.4,25.5,13.7,74.4,SZ,Central CH,rural,German,,,61.0,35.0,76.0,172.0,291864.65,0.0,291864.65,358.1161349693252,0.21104294478527608
1364,Ingenbohl,9197,1922.0,20.9,17.3,24.6,686.3,SZ,Central CH,intermediate,German,163.0,1.8,77.0,727.0,2870.0,3674.0,8567106.95,2792156.3,11359263.25,1235.105278895292,0.39947809068174406
1365,Lauerz,1124,135.0,12.0,23.8,14.8,122.4,SZ,Central CH,rural,German,9.0,0.8,57.0,62.0,143.0,262.0,704175.35,245304.7,949480.05,844.733140569395,0.23309608540925267
1366,Morschach,1206,256.0,21.2,21.1,14.3,57.9,SZ,Central CH,rural,German,16.0,1.3,73.0,31.0,854.0,958.0,781028.25,415828.15,1196856.4,992.4182421227197,0.7943615257048093
1367,Muotathal,3516,252.0,7.2,22.4,19.1,20.4,SZ,Central CH,intermediate,German,34.0,1.0,261.0,682.0,627.0,1570.0,1612441.75,164997.6,1777439.35,505.52882536973834,0.4465301478953356
1368,Oberiberg,867,87.0,10.0,15.9,32.8,26.1,SZ,Central CH,rural,German,6.0,0.7,81.0,49.0,242.0,372.0,1612675.55,257211.9,1869887.45,2156.732929642445,0.4290657439446367
1369,Riemenstalden,84,4.0,4.8,33.3,20.2,7.5,SZ,Central CH,rural,German,,,22.0,0.0,16.0,38.0,5369.45,0.0,5369.45,63.92202380952381,0.4523809523809524
137,Oberrieden,5289,1231.0,23.3,19.6,24.7,1895.7,ZH,Zurich,urban,German,66.0,1.3,18.0,114.0,944.0,1076.0,13905540.6,6104062.3,20009602.9,3783.2487993949703,0.20344110417848366
1370,Rothenthurm,2519,409.0,16.2,24.5,13.5,110.7,SZ,Central CH,rural,German,22.0,0.9,121.0,329.0,461.0,911.0,1218727.1,235335.2,1454062.3,577.2379118697896,0.3616514489876935
1371,Sattel,2021,301.0,14.9,22.6,14.7,116.2,SZ,Central CH,rural,German,7.0,0.4,165.0,84.0,388.0,637.0,1815269.0,871588.9,2686857.9,1329.4695200395843,0.3151904997525977
1372,Schwyz,15685,3112.0,19.8,18.7,19.4,294.9,SZ,Central CH,urban,German,314.0,2.0,441.0,3336.0,9577.0,13354.0,15240208.15,2461913.0,17702121.15,1128.60192221868,0.8513866751673573
1373,Steinen,3696,360.0,9.7,21.6,16.5,311.9,SZ,Central CH,rural,German,35.0,1.0,161.0,470.0,791.0,1422.0,2365314.0,135574.15,2500888.15,676.6472267316017,0.3847402597402597
1374,Steinerberg,951,90.0,9.5,20.8,17.6,137.4,SZ,Central CH,rural,German,6.0,0.6,96.0,44.0,207.0,347.0,714023.55,153902.45,867926.0,912.64563617245,0.3648790746582545
1375,Unteriberg,2432,255.0,10.5,18.8,18.8,52.4,SZ,Central CH,rural,German,21.0,0.9,143.0,268.0,524.0,935.0,1411139.35,257350.55,1668489.9000000001,686.0567023026316,0.38445723684210525
138,Richterswil,13987,2843.0,20.3,21.5,20.3,1857.5,ZH,Zurich,urban,German,375.0,2.7,55.0,1462.0,2860.0,4377.0,21520595.45,6366810.35,27887405.799999997,1993.8089511689425,0.31293343819260744
139,Rüschlikon,6218,1947.0,31.3,22.5,18.5,2122.2,ZH,Zurich,urban,German,68.0,1.1,,276.0,2644.0,2920.0,24319964.15,28337035.3,52656999.45,8468.478522032809,0.4696043743969122
14,Wettswil am Albis,5282,858.0,16.2,23.2,20.2,1401.1,ZH,Zurich,intermediate,German,52.0,1.0,15.0,452.0,934.0,1401.0,13066646.65,4138461.4,17205108.05,3257.309361984097,0.2652404392275653
1401,Alpnach,6222,1040.0,16.7,20.6,17.3,115.7,OW,Central CH,rural,German,52.0,0.8,190.0,1136.0,1979.0,3305.0,4635110.35,745928.7,5381039.05,864.8407344905174,0.5311796849887496
1402,Engelberg,4297,1231.0,28.6,15.7,23.2,57.4,OW,Central CH,intermediate,German,31.0,0.7,151.0,244.0,2358.0,2753.0,8134588.55,5832073.05,13966661.6,3250.3285082615776,0.6406795438678148
1403,Giswil,3806,431.0,11.3,20.6,19.3,44.3,OW,Central CH,rural,German,32.0,0.8,291.0,402.0,729.0,1422.0,1823739.05,170508.4,1994247.45,523.9746321597478,0.3736205990541251
1404,Kerns,6424,696.0,10.8,22.1,17.5,69.4,OW,Central CH,rural,German,58.0,0.9,390.0,745.0,1401.0,2536.0,4228290.95,486929.25,4715220.2,734.0006537982566,0.39476961394769616
1405,Lungern,2086,221.0,10.6,20.5,23.3,44.9,OW,Central CH,rural,German,24.0,1.2,138.0,674.0,389.0,1201.0,976529.1,966943.4,1943472.5,931.6742569511026,0.5757430488974113
1406,Sachseln,5211,662.0,12.7,20.0,21.0,96.7,OW,Central CH,intermediate,German,56.0,1.1,194.0,1861.0,1399.0,3454.0,5049127.05,1001591.55,6050718.6,1161.1434657455382,0.6628286317405488
1407,Sarnen,10654,1767.0,16.6,18.9,22.7,145.7,OW,Central CH,urban,German,122.0,1.1,358.0,2038.0,6493.0,8889.0,14036436.1,9416238.8,23452674.9,2201.302318378074,0.8343345222451661
141,Thalwil,18392,5587.0,30.4,20.2,19.1,3337.9,ZH,Zurich,urban,German,333.0,1.8,,1143.0,5804.0,6947.0,42367567.9,23521586.0,65889153.9,3582.489881470204,0.37771857329273595
1501,Beckenried,3749,518.0,13.8,19.6,20.9,154.7,NW,Central CH,rural,German,32.0,0.9,134.0,252.0,808.0,1194.0,4839821.1,1674263.95,6514085.05,1737.552694051747,0.31848492931448386
1502,Buochs,5483,891.0,16.3,18.9,20.8,550.5,NW,Central CH,rural,German,63.0,1.2,107.0,492.0,1365.0,1964.0,5465651.25,1043513.0,6509164.25,1187.1537935436804,0.35819806675177823
1503,Dallenwil,1847,175.0,9.5,19.4,19.8,119.4,NW,Central CH,rural,German,17.0,0.9,113.0,291.0,462.0,866.0,1029314.75,179710.35,1209025.1,654.5885760693017,0.4688684353004873
1504,Emmetten,1624,293.0,18.0,16.1,21.0,65.2,NW,Central CH,rural,German,11.0,0.7,47.0,79.0,302.0,428.0,1182956.3,1188633.85,2371590.1500000004,1460.3387623152712,0.26354679802955666
1505,Ennetbürgen,5206,973.0,18.7,16.4,24.3,558.6,NW,Central CH,rural,German,64.0,1.3,94.0,377.0,1776.0,2247.0,12437376.1,3012227.7,15449603.8,2967.653438340377,0.43161736457933153
1506,Ennetmoos,2322,225.0,9.7,21.6,16.9,165.0,NW,Central CH,rural,German,13.0,0.6,143.0,299.0,408.0,850.0,1938912.7,170974.65,2109887.35,908.6508828596038,0.3660637381567614
1507,Hergiswil (NW),6022,1402.0,23.3,15.0,23.2,421.1,NW,Central CH,intermediate,German,43.0,0.7,51.0,452.0,2626.0,3129.0,28537980.95,15960309.5,44498290.45,7389.287686815012,0.519594818997011
1508,Oberdorf (NW),3093,278.0,9.0,21.0,20.8,190.9,NW,Central CH,urban,German,21.0,0.7,172.0,623.0,543.0,1338.0,2104146.3,219516.9,2323663.1999999997,751.2651794374393,0.4325897187196896
1509,Stans,8119,1281.0,15.8,17.5,22.3,732.8,NW,Central CH,urban,German,92.0,1.1,87.0,3569.0,6992.0,10648.0,7940162.25,1621101.65,9561263.9,1177.640583815741,1.3114915630003694
151,Erlenbach (ZH),5678,1410.0,24.8,21.2,20.0,1964.7,ZH,Zurich,urban,German,66.0,1.2,28.0,134.0,1827.0,1989.0,30962056.75,19070241.9,50032298.65,8811.6059616062,0.3502994011976048
1510,Stansstad,4850,983.0,20.3,14.8,26.6,534.7,NW,Central CH,urban,German,49.0,1.0,58.0,380.0,1384.0,1822.0,9591456.95,3946995.55,13538452.5,2791.433505154639,0.3756701030927835
1511,Wolfenschiessen,2105,251.0,11.9,22.1,19.0,22.7,NW,Central CH,rural,German,24.0,1.1,183.0,182.0,438.0,803.0,955005.1,134934.7,1089939.8,517.7861282660333,0.3814726840855107
152,Herrliberg,6749,1575.0,23.3,20.5,21.6,750.7,ZH,Zurich,urban,German,74.0,1.1,45.0,136.0,1367.0,1548.0,36210930.75,20141934.2,56352864.95,8349.809594013928,0.22936731367610017
153,Hombrechtikon,8964,1951.0,21.8,19.8,21.7,735.4,ZH,Zurich,intermediate,German,190.0,2.2,213.0,566.0,2067.0,2846.0,9701312.9,1295856.75,10997169.65,1226.8149988844266,0.3174921909861669
154,Küsnacht (ZH),14833,4095.0,27.6,21.4,22.7,1200.1,ZH,Zurich,urban,German,238.0,1.6,72.0,793.0,5611.0,6476.0,79277237.05,45128337.3,124405574.35,8387.081126542169,0.4365940807658599
155,Männedorf,11437,2405.0,21.0,20.1,20.8,2397.7,ZH,Zurich,urban,German,185.0,1.6,26.0,944.0,4390.0,5360.0,26696743.65,6760582.7,33457326.349999998,2925.3586036548045,0.46865436740403954
156,Meilen,14754,3515.0,23.8,21.2,21.0,1235.7,ZH,Zurich,urban,German,250.0,1.7,102.0,1144.0,4883.0,6129.0,48562687.55,20709581.45,69272269.0,4695.151755456148,0.4154127694184628
157,Oetwil am See,4947,1487.0,30.1,21.1,15.7,809.7,ZH,Zurich,intermediate,German,132.0,2.7,38.0,740.0,1389.0,2167.0,3439893.65,550923.8,3990817.45,806.7146654538104,0.4380432585405296
158,Stäfa,14889,2979.0,20.0,18.6,24.1,1733.3,ZH,Zurich,urban,German,232.0,1.6,79.0,2868.0,3727.0,6674.0,31225445.85,8517658.15,39743104.0,2669.2930351266036,0.4482503861911478
159,Uetikon am See,6325,1365.0,21.6,19.7,21.0,1828.0,ZH,Zurich,urban,German,95.0,1.5,26.0,231.0,1397.0,1654.0,16772142.55,5186192.05,21958334.6,3471.6734545454547,0.261501976284585
160,Zumikon,5633,1402.0,24.9,22.7,23.8,1027.9,ZH,Zurich,urban,German,53.0,0.9,,245.0,1677.0,1922.0,29696839.7,15900525.65,45597365.35,8094.685842357536,0.34120362151606604
161,Zollikon,13472,3591.0,26.7,20.8,21.9,1716.2,ZH,Zurich,urban,German,187.0,1.4,,303.0,6450.0,6753.0,62727961.85,40690607.0,103418568.85,7676.556476395486,0.5012618764845606
1630,Glarus Nord,19428,5294.0,27.2,20.1,18.5,132.2,GL,Eastern CH,urban,German,277.0,1.4,402.0,3348.0,5239.0,8989.0,12996600.15,1532594.15,14529194.3,747.8481727403747,0.4626827259625283
1631,Glarus Süd,9528,1695.0,17.8,16.8,26.9,22.2,GL,Eastern CH,rural,German,194.0,2.0,448.0,2040.0,2339.0,4827.0,5105053.6,744991.15,5850044.75,613.984545549958,0.5066120906801007
1632,Glarus,12515,3564.0,28.5,19.6,20.6,120.7,GL,Eastern CH,urban,German,215.0,1.7,144.0,2601.0,6297.0,9042.0,9597332.05,952826.0,10550158.05,843.0010427487016,0.7224930083899321
1701,Baar,24996,7850.0,31.4,19.7,17.5,1005.9,ZG,Central CH,urban,German,434.0,1.8,250.0,4426.0,23995.0,28671.0,53374181.05,42669895.05,96044076.1,3842.377824451912,1.1470235237638022
1702,Cham,17643,4760.0,27.0,21.7,16.6,995.1,ZG,Central CH,urban,German,285.0,1.7,185.0,1963.0,10756.0,12904.0,31019331.75,20385648.5,51404980.25,2913.6190132063707,0.7313948874907895
1703,Hünenberg,8948,1697.0,19.0,21.6,18.9,486.0,ZG,Central CH,urban,German,99.0,1.1,288.0,1338.0,5643.0,7269.0,23023341.2,12137186.8,35160528.0,3929.4286991506483,0.8123603039785426
1704,Menzingen,4615,986.0,21.4,18.6,20.7,167.8,ZG,Central CH,intermediate,German,78.0,1.7,259.0,208.0,1264.0,1731.0,4963149.6,1898863.55,6862013.149999999,1486.8934236186349,0.37508125677139764
1705,Neuheim,2340,607.0,25.9,22.2,17.1,295.1,ZG,Central CH,intermediate,German,32.0,1.4,63.0,367.0,567.0,997.0,3698301.65,2412296.9,6110598.55,2611.3669017094016,0.42606837606837605
1706,Oberägeri,6415,1931.0,30.1,20.7,19.5,213.5,ZG,Central CH,urban,German,89.0,1.4,203.0,323.0,1324.0,1850.0,15237282.8,26234720.5,41472003.3,6464.848526890101,0.2883865939204988
1707,Risch,11253,3136.0,27.9,20.5,14.8,757.3,ZG,Central CH,urban,German,161.0,1.4,124.0,1422.0,12220.0,13766.0,19395401.85,16480188.5,35875590.35,3188.091206789301,1.2233182262507776
1708,Steinhausen,10308,2762.0,26.8,20.6,18.7,2045.2,ZG,Central CH,urban,German,133.0,1.3,42.0,1577.0,7324.0,8943.0,15540819.75,7447947.8,22988767.55,2230.186995537447,0.8675785797438882
1709,Unterägeri,9243,2460.0,26.6,21.0,19.9,360.9,ZG,Central CH,urban,German,126.0,1.4,137.0,696.0,2594.0,3427.0,15791742.25,13676742.15,29468484.4,3188.194785242886,0.3707670669695986
1710,Walchwil,3934,1496.0,38.0,18.5,21.1,290.5,ZG,Central CH,intermediate,German,36.0,0.9,114.0,244.0,772.0,1130.0,11461971.9,21881286.6,33343258.5,8475.663065582105,0.28723945094051856
1711,Zug,31469,11349.0,36.1,19.1,18.0,1454.9,ZG,Central CH,urban,German,462.0,1.5,137.0,6230.0,41324.0,47691.0,110370810.7,159722473.1,270093283.8,8582.83656296673,1.5154914360163971
172,Fehraltorf,6791,1255.0,18.5,22.0,18.4,717.1,ZH,Zurich,intermediate,German,88.0,1.3,56.0,1282.0,3495.0,4833.0,6595405.05,1083027.8,7678432.85,1130.6777867766161,0.7116772198498013
173,Hittnau,3756,294.0,7.8,22.4,17.3,290.0,ZH,Zurich,intermediate,German,32.0,0.8,61.0,280.0,501.0,842.0,4308129.4,243072.75,4551202.15,1211.7151624068158,0.22417465388711394
176,Lindau,5723,1167.0,20.4,20.8,18.7,477.3,ZH,Zurich,intermediate,German,87.0,1.6,110.0,1577.0,1737.0,3424.0,6574475.35,824827.6,7399302.949999999,1292.9063340905118,0.5982876113926262
177,Pfäffikon,12379,2410.0,19.5,19.2,21.2,634.2,ZH,Zurich,urban,German,227.0,1.8,244.0,1577.0,4279.0,6100.0,16181515.35,2643607.45,18825122.8,1520.730495193473,0.49277001373293483
178,Russikon,4511,608.0,13.5,21.5,21.4,317.5,ZH,Zurich,intermediate,German,48.0,1.1,92.0,323.0,844.0,1259.0,6833969.6,878957.35,7712926.949999999,1709.8042451784524,0.2790955442252272
180,Weisslingen,3436,352.0,10.2,20.6,20.6,268.2,ZH,Zurich,intermediate,German,76.0,2.2,68.0,151.0,641.0,860.0,5292781.0,477282.8,5770063.8,1679.2967986030267,0.25029103608847497
181,Wila,2043,288.0,14.1,21.2,19.4,222.3,ZH,Zurich,intermediate,German,50.0,2.5,59.0,255.0,319.0,633.0,1226199.3,132695.15,1358894.45,665.1465736661771,0.30983847283406757
182,Wildberg,1029,81.0,7.9,23.1,18.7,97.4,ZH,Zurich,rural,German,9.0,0.9,67.0,113.0,89.0,269.0,889017.1,95912.55,984929.65,957.1716715257531,0.26141885325558795
191,Dübendorf,30801,11339.0,36.8,18.7,15.3,2261.5,ZH,Zurich,urban,German,550.0,1.8,170.0,1822.0,18613.0,20605.0,35591596.55,10349297.8,45940894.349999994,1491.5390523034964,0.6689717866303042
192,Egg,8786,1846.0,21.0,20.3,22.3,604.7,ZH,Zurich,intermediate,German,114.0,1.3,153.0,409.0,2135.0,2697.0,14568465.35,3844075.95,18412541.3,2095.668256316868,0.30696562713407693
193,Fällanden,9461,2327.0,24.6,22.8,18.6,1482.9,ZH,Zurich,urban,German,206.0,2.2,19.0,1186.0,1828.0,3033.0,12886891.25,3536758.55,16423649.8,1735.9316985519501,0.32057921995560723
194,Greifensee,5329,1138.0,21.4,22.4,21.6,2306.9,ZH,Zurich,urban,German,85.0,1.6,14.0,575.0,1154.0,1743.0,8578264.1,1804664.2,10382928.299999999,1948.3821167198346,0.3270782510790017
195,Maur,10757,2324.0,21.6,20.4,20.6,728.3,ZH,Zurich,intermediate,German,173.0,1.6,98.0,315.0,1956.0,2369.0,26607123.3,10389665.95,36996789.25,3439.322232034954,0.22022868829599332
196,Mönchaltorf,4118,736.0,17.9,20.9,23.4,542.6,ZH,Zurich,intermediate,German,39.0,0.9,49.0,428.0,913.0,1390.0,3802083.35,443387.85,4245471.2,1030.9546381738708,0.3375424963574551
197,Schwerzenbach,5133,1399.0,27.3,20.6,18.2,1937.0,ZH,Zurich,urban,German,95.0,1.9,55.0,365.0,2318.0,2738.0,5498327.0,1180563.6,6678890.6,1301.1670757841418,0.5334112604714591
198,Uster,35748,8495.0,23.8,20.2,18.3,1254.8,ZH,Zurich,urban,German,589.0,1.7,183.0,3696.0,14435.0,18314.0,41997207.75,7413965.65,49411173.4,1382.2080508000447,0.5123083808884413
199,Volketswil,19412,5002.0,25.8,21.7,16.8,1382.6,ZH,Zurich,urban,German,322.0,1.7,64.0,2942.0,8612.0,11618.0,20235964.05,4237916.1,24473880.15,1260.7603621471253,0.5984957758087781
2,Affoltern am Albis,12588,3754.0,29.8,20.3,19.0,1188.7,ZH,Zurich,urban,German,307.0,2.5,42.0,1222.0,5648.0,6912.0,10764251.05,1765863.45,12530114.5,995.4015332062281,0.5490943755958055
200,Wangen-Brüttisellen,8097,2247.0,27.8,21.2,15.9,1022.3,ZH,Zurich,urban,German,190.0,2.4,68.0,1451.0,3880.0,5399.0,9484430.6,3073898.15,12558328.75,1550.9853958256144,0.6667901691984686
2008,Châtillon (FR),513,41.0,8.0,23.2,14.4,400.8,FR,Espace Mittelland,rural,French,,,5.0,20.0,26.0,51.0,523880.9,74859.65,598740.55,1167.135575048733,0.09941520467836257
2011,Cugy (FR),1942,384.0,19.8,22.3,15.4,196.6,FR,Espace Mittelland,rural,French,13.0,0.7,88.0,143.0,208.0,439.0,1077409.3,154010.6,1231419.9000000001,634.0988156539651,0.22605561277033986
2016,Fétigny,1180,180.0,15.3,24.1,13.8,287.8,FR,Espace Mittelland,rural,French,10.0,0.9,20.0,17.0,292.0,329.0,602341.35,60940.2,663281.5499999999,562.1030084745762,0.2788135593220339
2022,Gletterens,1118,164.0,14.7,24.1,18.1,376.4,FR,Espace Mittelland,rural,French,,,15.0,72.0,195.0,282.0,745043.2,119331.25,864374.45,773.1435152057245,0.2522361359570662
2025,Lully (FR),1217,224.0,18.4,26.0,12.7,220.5,FR,Espace Mittelland,rural,French,16.0,1.3,43.0,46.0,334.0,423.0,567013.1,123831.05,690844.15,567.6615858668858,0.3475760065735415
2027,Ménières,437,81.0,18.5,28.4,15.8,99.8,FR,Espace Mittelland,rural,French,,,50.0,21.0,80.0,151.0,268172.7,29952.85,298125.55,682.2094965675057,0.34553775743707094
2029,Montagny (FR),2932,539.0,18.4,23.8,14.9,167.3,FR,Espace Mittelland,rural,French,30.0,1.0,88.0,159.0,338.0,585.0,1325440.15,80782.5,1406222.65,479.6120907230559,0.1995225102319236
2035,Nuvilly,487,84.0,17.2,27.3,12.1,122.4,FR,Espace Mittelland,rural,French,17.0,3.7,33.0,25.0,121.0,179.0,158247.3,56307.65,214554.94999999998,440.56457905544147,0.3675564681724846
2038,Prévondavaux,101,18.0,17.8,16.8,11.9,55.5,FR,Espace Mittelland,rural,French,6.0,6.4,10.0,6.0,12.0,28.0,38600.55,0.0,38600.55,382.18366336633665,0.27722772277227725
2041,Saint-Aubin (FR),1929,437.0,22.7,23.0,14.3,244.5,FR,Espace Mittelland,rural,French,29.0,1.6,58.0,123.0,315.0,496.0,1322698.4,67229.85,1389928.25,720.5434162778641,0.257128045619492
2043,Sévaz,319,61.0,19.1,21.0,13.8,127.6,FR,Espace Mittelland,rural,French,,,11.0,79.0,420.0,510.0,196747.1,15325.3,212072.4,664.8037617554859,1.598746081504702
2044,Surpierre,1208,154.0,12.7,21.4,16.8,81.7,FR,Espace Mittelland,rural,French,21.0,1.7,75.0,61.0,66.0,202.0,566700.6,26300.35,593000.95,490.89482615894036,0.1672185430463576
2045,Vallon,501,101.0,20.2,22.2,15.0,142.7,FR,Espace Mittelland,rural,French,9.0,1.8,21.0,12.0,37.0,70.0,290901.75,63759.2,354660.95,707.9060878243513,0.13972055888223553
2050,Les Montets,1586,300.0,18.9,24.0,15.4,154.1,FR,Espace Mittelland,rural,French,11.0,0.7,60.0,106.0,158.0,324.0,846995.65,97214.5,944210.15,595.3405737704918,0.2042875157629256
2051,Delley-Portalban,1309,211.0,16.1,19.7,18.3,181.1,FR,Espace Mittelland,rural,French,10.0,0.8,81.0,19.0,131.0,231.0,1170867.0,402979.65,1573846.65,1202.3274637127577,0.17647058823529413
2053,Belmont-Broye,5844,1557.0,26.6,24.5,14.0,226.5,FR,Espace Mittelland,rural,French,124.0,2.2,141.0,1147.0,1420.0,2708.0,3464197.3,359131.1,3823328.4,654.2314168377824,0.46338124572210815
2054,Estavayer,10133,2335.0,23.0,22.1,17.4,250.9,FR,Espace Mittelland,intermediate,French,178.0,1.8,217.0,1547.0,2727.0,4491.0,5902605.25,1741354.25,7643959.5,754.3629231224711,0.44320536859765125
2055,Cheyres-Châbles,2405,352.0,14.6,21.0,19.4,245.7,FR,Espace Mittelland,rural,French,,,73.0,86.0,215.0,374.0,2148946.85,758417.75,2907364.6,1208.8834095634097,0.15550935550935552
2063,Billens-Hennens,883,176.0,19.9,19.8,16.5,180.6,FR,Espace Mittelland,rural,French,19.0,2.2,43.0,25.0,218.0,286.0,357554.95,30271.25,387826.2,439.21426953567385,0.32389580973952437
2067,Le Châtelard,354,28.0,7.9,20.9,18.9,47.3,FR,Espace Mittelland,rural,French,,,64.0,69.0,43.0,176.0,184439.9,4733.45,189173.35,534.3879943502825,0.4971751412429379
2068,Châtonnaye,884,172.0,19.5,22.3,13.8,140.1,FR,Espace Mittelland,rural,French,11.0,1.3,44.0,40.0,102.0,186.0,375199.15,71962.7,447161.85000000003,505.8391968325792,0.21040723981900453
2079,Grangettes,213,24.0,11.3,32.4,12.2,64.4,FR,Espace Mittelland,rural,French,6.0,2.7,21.0,21.0,15.0,57.0,216344.5,3879.9,220224.4,1033.9173708920187,0.2676056338028169
2086,Massonnens,586,96.0,16.4,26.8,14.8,136.6,FR,Espace Mittelland,rural,French,,,38.0,24.0,44.0,106.0,313832.9,40382.5,354215.4,604.4631399317407,0.18088737201365188
2087,Mézières (FR),1081,176.0,16.3,19.8,17.4,121.1,FR,Espace Mittelland,rural,French,12.0,1.1,64.0,97.0,80.0,241.0,647436.8,70680.1,718116.9,664.3079555966698,0.22294172062904719
2096,Romont (FR),5593,2304.0,41.2,22.0,15.4,513.6,FR,Espace Mittelland,intermediate,French,209.0,3.8,59.0,1524.0,2574.0,4157.0,2571606.3,314877.85,2886484.15,516.0887091006615,0.7432504916860361
2097,Rue,2590,353.0,13.6,22.7,14.2,129.2,FR,Espace Mittelland,rural,French,12.0,0.46332046332046334,122.0,62.0,229.0,413.0,1611108.8,575715.75,2186824.55,844.333803088803,0.15945945945945947
2099,Siviriez,2528,467.0,18.5,24.4,14.5,124.7,FR,Espace Mittelland,rural,French,24.0,1.0,162.0,171.0,274.0,607.0,1535039.45,154012.45,1689051.9,668.137618670886,0.2401107594936709
2102,Ursy,3979,734.0,18.4,25.3,13.5,232.3,FR,Espace Mittelland,rural,French,13.0,0.3267152550892184,104.0,488.0,528.0,1120.0,2311101.9,319849.94999999995,2630951.8499999996,661.20931138477,0.28147775823071125
211,Altikon,729,55.0,7.5,21.7,20.2,94.7,ZH,Zurich,rural,German,,,65.0,11.0,83.0,159.0,537852.7,35894.4,573747.1,787.0330589849108,0.21810699588477367
2113,Vuisternens-devant-Romont,2381,248.0,10.4,24.6,16.7,99.1,FR,Espace Mittelland,rural,French,15.0,0.6,199.0,181.0,434.0,814.0,1339915.1,89021.1,1428936.2000000002,600.1412011759766,0.34187316253674926
2114,Villorsonnens,1512,175.0,11.6,24.0,16.3,97.7,FR,Espace Mittelland,rural,French,9.0,0.6,126.0,172.0,109.0,407.0,846140.3,89881.7,936022.0,619.0621693121693,0.2691798941798942
2115,Torny,1058,145.0,13.7,24.7,15.6,103.9,FR,Espace Mittelland,rural,French,13.0,1.2,66.0,22.0,56.0,144.0,611029.35,176682.15,787711.5,744.5288279773157,0.13610586011342155
2117,Villaz,2345,392.0,16.7,24.6,15.3,152.0,FR,Espace Mittelland,rural,French,33.0,1.4,96.0,252.0,393.0,741.0,1125569.0,118956.1,1244525.1,530.714328358209,0.3159914712153518
2121,Haut-Intyamon,1664,279.0,16.8,23.7,19.0,27.6,FR,Espace Mittelland,rural,French,30.0,1.8,81.0,143.0,148.0,372.0,637850.15,60953.5,698803.65,419.9541165865385,0.22355769230769232
2122,Pont-en-Ogoz,1973,300.0,15.2,21.9,17.0,194.2,FR,Espace Mittelland,rural,French,17.0,0.9,55.0,83.0,296.0,434.0,1891754.55,403084.9,2294839.45,1163.121870248353,0.21996958945767867
2123,Botterens,733,129.0,17.6,23.9,14.9,171.7,FR,Espace Mittelland,rural,French,8.0,1.1,15.0,113.0,33.0,161.0,540162.6,69102.1,609264.7,831.1933151432469,0.21964529331514324
2124,Broc,2649,820.0,31.0,19.3,19.1,264.1,FR,Espace Mittelland,intermediate,French,77.0,2.8,14.0,340.0,640.0,994.0,1152853.15,214342.75,1367195.9,516.1177425443564,0.37523593808984523
2125,Bulle,25722,10755.0,41.8,21.4,15.0,1078.0,FR,Espace Mittelland,urban,French,862.0,3.4,55.0,5475.0,11205.0,16735.0,14858415.05,3519140.0,18377555.05,714.4683558821242,0.6506103724438224
2128,Châtel-sur-Montsalvens,348,73.0,21.0,19.8,15.8,171.4,FR,Espace Mittelland,rural,French,,,,,26.0,26.0,223113.45,40293.25,263406.7,756.9158045977011,0.07471264367816093
2129,Corbières,1021,147.0,14.4,24.0,15.4,106.1,FR,Espace Mittelland,rural,French,10.0,1.0,30.0,83.0,70.0,183.0,612148.6,55755.9,667904.5,654.1669931439765,0.1792360430950049
213,Brütten,2161,164.0,7.6,19.3,21.5,327.4,ZH,Zurich,intermediate,German,10.0,0.5,79.0,49.0,300.0,428.0,4168484.35,759693.7,4928178.05,2280.5081212401665,0.1980564553447478
2130,Crésuz,449,79.0,17.6,20.9,22.5,250.8,FR,Espace Mittelland,rural,French,,,,13.0,22.0,35.0,367159.5,1062016.75,1429176.25,3183.020601336303,0.0779510022271715
2131,Echarlens,839,128.0,15.3,20.5,14.8,180.0,FR,Espace Mittelland,urban,French,8.0,0.9,32.0,36.0,78.0,146.0,699299.05,93056.5,792355.55,944.4047079856973,0.17401668653158522
2134,Grandvillard,871,103.0,11.8,26.3,14.6,35.8,FR,Espace Mittelland,rural,French,12.0,1.4,39.0,50.0,121.0,210.0,596428.05,41422.95,637851.0,732.3203214695752,0.24110218140068887
2135,Gruyères,2282,530.0,23.2,23.9,15.1,80.2,FR,Espace Mittelland,intermediate,French,30.0,1.3,49.0,446.0,768.0,1263.0,1521129.55,194975.45,1716105.0,752.0179666958808,0.5534618755477652
2137,Hauteville,702,98.0,14.0,25.9,12.8,66.6,FR,Espace Mittelland,rural,French,,,33.0,30.0,66.0,129.0,409967.45,134501.1,544468.55,775.5962250712251,0.18376068376068377
2138,Jaun,636,39.0,6.1,21.2,25.9,11.5,FR,Espace Mittelland,rural,German,,,63.0,77.0,144.0,284.0,167385.45,16097.6,183483.05000000002,288.49536163522015,0.44654088050314467
214,Dägerlen,1092,89.0,8.2,20.3,17.2,137.4,ZH,Zurich,rural,German,,,68.0,68.0,153.0,289.0,1123938.4,94329.35,1218267.75,1115.6298076923076,0.26465201465201466
2140,Marsens,2071,335.0,16.2,25.0,12.7,264.2,FR,Espace Mittelland,intermediate,French,13.0,0.6,34.0,91.0,851.0,976.0,1683911.8,180107.8,1864019.6,900.0577498792854,0.4712699179140512
2143,Morlon,661,77.0,11.6,20.7,18.9,250.4,FR,Espace Mittelland,urban,French,,,19.0,14.0,95.0,128.0,625167.25,133033.5,758200.75,1147.0510590015128,0.19364599092284418
2145,Le Pâquier (FR),1372,265.0,19.3,25.0,13.8,304.9,FR,Espace Mittelland,rural,French,,,39.0,130.0,106.0,275.0,1109414.5,148712.0,1258126.5,917.0018221574344,0.20043731778425655
2147,Pont-la-Ville,630,88.0,14.0,20.6,13.7,144.5,FR,Espace Mittelland,rural,French,,,35.0,,87.0,122.0,870745.35,66770.8,937516.15,1488.120873015873,0.19365079365079366
2148,Riaz,2874,517.0,18.0,23.9,15.6,370.8,FR,Espace Mittelland,urban,French,23.0,0.8,48.0,119.0,1035.0,1202.0,1992910.9,260400.55,2253311.4499999997,784.033211551844,0.41823242867084204
2149,La Roche,1829,295.0,16.1,23.2,16.6,76.0,FR,Espace Mittelland,rural,French,14.0,0.8,82.0,292.0,379.0,753.0,1284868.3,144747.55,1429615.85,781.6379715691635,0.41170038272279935
215,Dättlikon,829,57.0,6.9,24.2,18.9,287.8,ZH,Zurich,rural,German,,,34.0,29.0,101.0,164.0,1074809.2,525408.55,1600217.75,1930.2988540410133,0.19782870928829915
2152,Sâles,1448,141.0,9.7,25.6,14.2,76.9,FR,Espace Mittelland,rural,French,13.0,0.9,154.0,174.0,169.0,497.0,1135186.0,12060.35,1147246.35,792.2972030386741,0.343232044198895
2153,Sorens,1105,129.0,11.7,23.5,16.3,126.9,FR,Espace Mittelland,rural,French,9.0,0.8,52.0,136.0,156.0,344.0,660781.8,76538.0,737319.8,667.2577375565611,0.31131221719457014
2155,Vaulruz,1116,193.0,17.3,21.2,16.9,110.5,FR,Espace Mittelland,rural,French,7.0,0.6,68.0,272.0,495.0,835.0,640182.85,67844.0,708026.85,634.4326612903226,0.7482078853046595
216,Dinhard,1730,146.0,8.4,21.8,21.0,244.7,ZH,Zurich,rural,German,13.0,0.8,70.0,128.0,219.0,417.0,2173233.65,80425.35,2253659.0,1302.693063583815,0.24104046242774566
2160,Vuadens,2541,477.0,18.8,23.7,13.7,243.2,FR,Espace Mittelland,urban,French,54.0,2.2,70.0,957.0,403.0,1430.0,1411865.2,151215.5,1563080.7,615.143919716647,0.5627705627705628
2162,Bas-Intyamon,1598,273.0,17.1,24.0,14.4,47.9,FR,Espace Mittelland,rural,French,26.0,1.6,47.0,499.0,254.0,800.0,596688.0,83518.35,680206.35,425.6610450563204,0.5006257822277848
2163,Val-de-Charmey,2620,427.0,16.3,19.1,24.9,23.4,FR,Espace Mittelland,rural,French,29.0,1.1,121.0,269.0,764.0,1154.0,1905180.05,594490.9,2499670.95,954.0728816793894,0.4404580152671756
2173,Autigny,794,112.0,14.1,22.8,14.4,127.7,FR,Espace Mittelland,rural,French,11.0,1.4,49.0,22.0,71.0,142.0,542968.35,96383.85,639352.2,805.2294710327456,0.17884130982367757
2174,Avry,1921,429.0,22.3,22.2,15.7,329.5,FR,Espace Mittelland,intermediate,French,71.0,3.7,37.0,201.0,1114.0,1352.0,1890829.4,436842.15,2327671.55,1211.69783966684,0.7038001041124414
2175,Belfaux,3406,1123.0,33.0,25.8,14.6,383.6,FR,Espace Mittelland,urban,French,52.0,1.5,79.0,293.0,604.0,976.0,2018178.9,410175.95,2428354.85,712.9638432178509,0.2865531415149736
2177,Chénens,835,145.0,17.4,26.9,12.1,211.9,FR,Espace Mittelland,rural,French,6.0,0.7,15.0,124.0,105.0,244.0,591049.45,52353.75,643403.2,770.542754491018,0.29221556886227545
218,Ellikon an der Thur,1035,114.0,11.0,21.0,15.9,206.2,ZH,Zurich,rural,German,13.0,1.3,82.0,316.0,296.0,694.0,1012002.9,50476.45,1062479.35,1026.5500966183577,0.6705314009661836
2183,Corminboeuf,2893,436.0,15.1,24.2,16.7,400.1,FR,Espace Mittelland,urban,French,10.0,0.3,43.0,166.0,905.0,1114.0,3640690.1,991426.25,4632116.35,1601.146335983408,0.3850674040788109
2186,Cottens (FR),1521,268.0,17.6,25.0,17.6,306.0,FR,Espace Mittelland,rural,French,28.0,1.9,37.0,47.0,322.0,406.0,1147049.3,105858.85,1252908.1500000001,823.7397435897436,0.2669296515450362
219,Elsau,3707,590.0,15.9,21.4,20.2,459.4,ZH,Zurich,urban,German,70.0,1.9,43.0,398.0,773.0,1214.0,3846525.8,359925.45,4206451.25,1134.7319260857837,0.3274885352036687
2194,Ferpicloz,263,39.0,14.8,19.4,18.3,257.8,FR,Espace Mittelland,intermediate,French,,,,50.0,54.0,104.0,390527.9,62451.0,452978.9,1722.3532319391636,0.39543726235741444
2196,Fribourg,37653,13978.0,37.1,18.8,16.9,4053.1,FR,Espace Mittelland,urban,French,1552.0,4.1,18.0,1959.0,32633.0,34610.0,21963703.5,6092210.85,28055914.35,745.1176360449367,0.9191830664223303
2197,Givisiez,3183,1219.0,38.3,24.8,12.7,919.9,FR,Espace Mittelland,urban,French,78.0,2.5,,1015.0,5391.0,6406.0,2083123.15,409172.0,2492295.15,783.001932139491,2.0125667609173736
2198,Granges-Paccot,3853,1295.0,33.6,24.2,10.5,965.7,FR,Espace Mittelland,urban,French,187.0,4.9,23.0,548.0,3137.0,3708.0,1910115.55,641835.4,2551950.95,662.328302621334,0.9623669867635609
22,Benken (ZH),847,106.0,12.5,20.0,18.7,149.6,ZH,Zurich,rural,German,12.0,1.4,190.0,43.0,124.0,357.0,1434748.4,203066.8,1637815.2,1933.6661157024794,0.4214876033057851
220,Hagenbuch,1148,140.0,12.2,22.5,16.4,141.2,ZH,Zurich,rural,German,21.0,1.9,56.0,45.0,92.0,193.0,778239.1,69291.6,847530.7,738.2671602787456,0.1681184668989547
2206,Marly,8596,2513.0,29.2,20.9,20.6,1113.5,FR,Espace Mittelland,intermediate,French,428.0,5.2,15.0,595.0,2173.0,2783.0,5797849.85,984170.25,6782020.1,788.9739530013959,0.32375523499302
2208,Matran,1721,412.0,23.9,22.8,15.4,591.4,FR,Espace Mittelland,intermediate,French,18.0,1.1,7.0,805.0,842.0,1654.0,1484365.05,418571.45,1902936.5,1105.7155723416618,0.9610691458454387
221,Hettlingen,3118,288.0,9.2,21.9,19.2,528.5,ZH,Zurich,intermediate,German,29.0,0.9,51.0,361.0,418.0,830.0,5803087.4,610911.15,6413998.550000001,2057.0874118024376,0.2661962796664529
2211,Neyruz (FR),2837,574.0,20.2,25.1,13.1,513.0,FR,Espace Mittelland,intermediate,French,14.0,0.5,11.0,63.0,270.0,344.0,2477303.8,482001.45,2959305.25,1043.1107684173423,0.12125484666901656
2216,Pierrafortscha,154,21.0,13.6,17.5,24.0,30.4,FR,Espace Mittelland,rural,French,,,25.0,16.0,6.0,47.0,459399.2,28129.7,487528.9,3165.772077922078,0.3051948051948052
2220,Le Mouret,3250,482.0,14.8,22.0,18.2,175.1,FR,Espace Mittelland,intermediate,French,54.0,1.7,97.0,246.0,642.0,985.0,1970829.1,161073.5,2131902.6,655.9700307692308,0.3030769230769231
2226,Treyvaux,1531,192.0,12.5,22.6,16.7,134.3,FR,Espace Mittelland,intermediate,French,12.0,0.8,72.0,78.0,172.0,322.0,863489.1,66210.15,929699.25,607.2496734160679,0.21032005225342912
2228,Villars-sur-Glâne,12328,4128.0,33.5,22.3,17.5,2249.6,FR,Espace Mittelland,urban,French,562.0,4.6,12.0,2387.0,8345.0,10744.0,10683636.85,2368000.35,13051637.2,1058.6986696950032,0.8715120051914341
223,Neftenbach,5761,700.0,12.2,22.3,18.5,382.3,ZH,Zurich,urban,German,67.0,1.2,156.0,510.0,1131.0,1797.0,7980449.4,1418824.45,9399273.85,1631.5351241103974,0.31192501301857317
2230,Villarsel-sur-Marly,68,17.0,25.0,17.6,20.6,48.9,FR,Espace Mittelland,rural,French,,,12.0,4.0,4.0,20.0,79042.8,0.0,79042.8,1162.394117647059,0.29411764705882354
2233,Hauterive (FR),2668,460.0,17.2,24.3,14.9,222.9,FR,Espace Mittelland,intermediate,French,123.0,4.6,99.0,244.0,950.0,1293.0,1919615.8,113248.05,2032863.85,761.9429722638681,0.4846326836581709
2234,La Brillaz,2118,262.0,12.4,23.4,15.7,205.6,FR,Espace Mittelland,rural,French,27.0,1.3,45.0,25.0,187.0,257.0,1735385.65,185420.8,1920806.45,906.8963408876298,0.12134088762983947
2235,La Sonnaz,1381,217.0,15.7,23.9,11.7,198.4,FR,Espace Mittelland,intermediate,French,8.0,0.6,53.0,48.0,128.0,229.0,929141.0,91060.65,1020201.65,738.7412382331644,0.165821868211441
2236,Gibloux,7934,1320.0,16.6,23.5,12.9,220.0,FR,Espace Mittelland,intermediate,French,115.0,1.5,175.0,1005.0,2018.0,3198.0,4723436.5,898244.0,5621680.5,708.5556465843207,0.4030753718174943
2237,Prez,2454,428.0,17.4,25.9,14.3,152.9,FR,Espace Mittelland,rural,French,25.0,1.0,92.0,87.0,275.0,454.0,1561113.5,125885.95,1686999.45,687.4488386308068,0.1850040749796251
2238,Bois-d'Amont,2344,390.0,16.6,25.0,15.1,190.9,FR,Espace Mittelland,rural,French,24.0,1.0,85.0,106.0,221.0,412.0,1360756.35,221201.8,1581958.1500000001,674.896821672355,0.1757679180887372
2239,Grolley-Ponthaux,2889,575.0,19.9,22.1,14.7,256.8,FR,Espace Mittelland,intermediate,French,57.0,1.9730010384215992,66.0,311.0,647.0,1024.0,1668076.2,222817.55,1890893.75,654.5149705780547,0.35444790584977504
224,Pfungen,4053,1013.0,25.0,21.5,14.2,812.2,ZH,Zurich,intermediate,German,76.0,1.9,19.0,450.0,1071.0,1540.0,2892425.15,324159.25,3216584.4,793.6304959289415,0.3799654576856649
225,Rickenbach (ZH),2770,323.0,11.7,24.6,18.9,460.1,ZH,Zurich,intermediate,German,31.0,1.1,79.0,85.0,370.0,534.0,2396765.75,299363.8,2696129.55,973.3319675090252,0.1927797833935018
2250,Courgevaux,1394,388.0,27.8,22.2,17.1,412.4,FR,Espace Mittelland,urban,German,15.0,1.1,12.0,164.0,387.0,563.0,1247844.25,234432.9,1482277.15,1063.326506456241,0.40387374461979914
2254,Courtepin,5702,2137.0,37.5,23.3,13.1,260.1,FR,Espace Mittelland,intermediate,French,97.0,1.8,116.0,1609.0,995.0,2720.0,2887753.7,585906.55,3473660.25,609.2003244475623,0.47702560505085934
2257,Cressier (FR),1056,290.0,27.5,23.8,14.1,253.2,FR,Espace Mittelland,rural,French,,,45.0,440.0,141.0,626.0,872938.55,156868.3,1029806.8500000001,975.1958806818183,0.5928030303030303
2258,Fräschels,442,37.0,8.4,17.0,18.8,142.1,FR,Espace Mittelland,rural,German,,,35.0,18.0,55.0,108.0,361665.25,13845.7,375510.95,849.5722850678733,0.24434389140271492
226,Schlatt (ZH),759,62.0,8.2,25.7,19.2,84.6,ZH,Zurich,rural,German,18.0,2.3,35.0,37.0,76.0,148.0,498175.35,30994.7,529170.0499999999,697.1937417654808,0.19499341238471674
2261,Greng,170,19.0,11.2,18.2,18.8,177.1,FR,Espace Mittelland,rural,German,,,16.0,0.0,40.0,56.0,869156.8,188521.0,1057677.8,6221.634117647059,0.32941176470588235
2262,Gurmels,4524,555.0,12.3,23.2,17.2,261.2,FR,Espace Mittelland,rural,German,22.0,0.5,131.0,239.0,517.0,887.0,3060171.25,162588.0,3222759.25,712.3694186560566,0.1960654288240495
2265,Kerzers,5280,1556.0,29.5,21.4,16.1,430.0,FR,Espace Mittelland,intermediate,German,57.0,1.1,248.0,610.0,1861.0,2719.0,4327523.5,314093.8,4641617.3,879.0941856060606,0.5149621212121213
2266,Kleinbösingen,703,45.0,6.4,22.5,19.1,232.8,FR,Espace Mittelland,intermediate,German,,,25.0,30.0,61.0,116.0,703938.25,37214.8,741153.05,1054.2717638691324,0.16500711237553342
227,Seuzach,7692,1125.0,14.6,18.8,24.1,1017.5,ZH,Zurich,intermediate,German,108.0,1.4,35.0,621.0,2016.0,2672.0,11477164.75,1205523.0,12682687.75,1648.8153601144045,0.34737389495579823
2271,Meyriez,565,51.0,9.0,17.2,22.8,1661.8,FR,Espace Mittelland,urban,German,,,0.0,6.0,323.0,329.0,841704.2,330150.1,1171854.2999999998,2074.078407079646,0.5823008849557522
2272,Misery-Courtion,2321,691.0,29.8,24.7,12.1,204.5,FR,Espace Mittelland,rural,French,28.0,1.2,83.0,71.0,281.0,435.0,1101710.7,102779.3,1204490.0,518.9530374838432,0.1874192158552348
2274,Muntelier,956,90.0,9.4,19.4,25.1,861.3,FR,Espace Mittelland,urban,German,,,7.0,154.0,352.0,513.0,2246502.4,568688.9,2815191.3,2944.760774058577,0.5366108786610879
2275,Murten,9414,1830.0,19.4,19.9,20.7,258.6,FR,Espace Mittelland,urban,German,168.0,1.8,506.0,1585.0,3589.0,5680.0,8361691.05,987620.25,9349311.3,993.1284576163162,0.6033567027830891
2276,Ried bei Kerzers,1223,199.0,16.3,18.7,17.6,162.0,FR,Espace Mittelland,rural,German,,,392.0,190.0,300.0,882.0,1202595.3,62055.45,1264650.75,1034.05621422731,0.7211774325429272
2278,Ulmiz,423,15.0,3.5,16.5,18.0,148.9,FR,Espace Mittelland,rural,German,,,30.0,14.0,129.0,173.0,303977.9,4228.85,308206.75,728.621158392435,0.408983451536643
228,Turbenthal,5049,1001.0,19.8,22.3,19.5,200.2,ZH,Zurich,intermediate,German,186.0,3.7,114.0,266.0,1299.0,1679.0,2944222.3,220488.35,3164710.65,626.7994949494949,0.3325410972469796
2284,Mont-Vully,4433,797.0,18.0,17.7,19.9,253.0,FR,Espace Mittelland,intermediate,French,24.0,0.6,165.0,225.0,855.0,1245.0,5785343.95,1308700.3,7094044.25,1600.2806789984209,0.28084818407399054
2292,Brünisried,694,26.0,3.7,20.2,17.9,213.5,FR,Espace Mittelland,rural,German,,,25.0,24.0,34.0,83.0,295702.05,4766.05,300468.1,432.9511527377521,0.11959654178674352
2293,Düdingen,8793,1364.0,15.5,18.6,21.3,285.9,FR,Espace Mittelland,intermediate,German,172.0,2.0,268.0,1265.0,2465.0,3998.0,6101180.1,1054910.35,7156090.449999999,813.8394688957125,0.4546798589787331
2294,Giffers,1710,196.0,11.5,21.2,17.9,327.6,FR,Espace Mittelland,intermediate,German,30.0,1.8,42.0,98.0,417.0,557.0,940735.9,56530.2,997266.1,583.1965497076023,0.32573099415204676
2295,Bösingen,3339,333.0,10.0,19.7,21.4,233.2,FR,Espace Mittelland,intermediate,German,35.0,1.0,113.0,316.0,524.0,953.0,2067521.75,229206.8,2296728.55,687.8492213237496,0.2854147948487571
2296,Heitenried,1419,89.0,6.3,21.8,17.7,155.4,FR,Espace Mittelland,rural,German,,,93.0,70.0,162.0,325.0,707307.1,18343.15,725650.25,511.381430584919,0.22903453136011276
2299,Plaffeien,3619,285.0,7.9,18.3,22.4,54.4,FR,Espace Mittelland,intermediate,German,47.0,1.3,146.0,492.0,1060.0,1698.0,1471493.35,87365.3,1558858.6500000001,430.7429262227135,0.4691903840840011
23,Berg am Irchel,592,66.0,11.1,14.5,24.8,84.5,ZH,Zurich,intermediate,German,12.0,2.0,54.0,27.0,79.0,160.0,2360743.9,217839.05,2578582.9499999997,4355.714442567567,0.2702702702702703
230,Winterthur,116906,29480.0,25.2,20.1,16.4,1717.4,ZH,Zurich,urban,German,5784.0,5.0,182.0,11899.0,65108.0,77189.0,96205634.5,14915990.5,111121625.0,950.5211451935743,0.6602655124630045
2300,Plasselb,1038,79.0,7.6,17.4,22.0,57.2,FR,Espace Mittelland,rural,German,19.0,1.9,36.0,44.0,65.0,145.0,431029.35,35907.1,466936.44999999995,449.84243737957604,0.1396917148362235
2301,Rechthalten,1135,60.0,5.3,18.8,23.9,155.5,FR,Espace Mittelland,rural,German,12.0,1.1,54.0,46.0,119.0,219.0,707795.15,54282.15,762077.3,671.433744493392,0.19295154185022026
2303,St. Silvester,1017,78.0,7.7,18.0,20.8,144.5,FR,Espace Mittelland,rural,German,7.0,0.7,56.0,16.0,112.0,184.0,392603.9,24995.6,417599.5,410.61897738446413,0.18092428711897737
2304,St. Ursen,1431,159.0,11.1,20.4,18.6,91.0,FR,Espace Mittelland,rural,German,17.0,1.2,116.0,62.0,196.0,374.0,762682.05,57549.85,820231.9,573.1879105520616,0.2613556953179595
2305,Schmitten (FR),4262,504.0,11.8,20.7,18.7,315.9,FR,Espace Mittelland,intermediate,German,69.0,1.7,96.0,491.0,924.0,1511.0,2836871.7,468564.85,3305436.5500000003,775.5599601126232,0.35452839042702955
2306,Tafers,7805,986.0,12.6,20.3,21.0,188.8,FR,Espace Mittelland,rural,German,91.0,1.2,336.0,703.0,2083.0,3122.0,5008120.8,416980.8,5425101.6,695.0802818705957,0.4
2307,Tentlingen,1336,132.0,9.9,18.0,20.6,370.1,FR,Espace Mittelland,intermediate,German,23.0,1.7,22.0,90.0,221.0,333.0,763054.95,65816.55,828871.5,620.4127994011976,0.24925149700598803
2308,Ueberstorf,2404,103.0,4.3,20.1,21.8,149.2,FR,Espace Mittelland,rural,German,6.0,0.3,137.0,102.0,233.0,472.0,1726646.7,148839.55,1875486.25,780.1523502495841,0.19633943427620631
2309,Wünnewil-Flamatt,5641,1207.0,21.4,21.4,18.2,425.1,FR,Espace Mittelland,intermediate,German,121.0,2.2,114.0,950.0,1377.0,2441.0,2692615.7,439645.1,3132260.8000000003,555.2669384860841,0.43272469420315546
231,Zell (ZH),6491,1400.0,21.6,21.2,18.7,500.5,ZH,Zurich,intermediate,German,185.0,2.9,91.0,439.0,1053.0,1583.0,4096305.2,855138.6,4951443.8,762.816792481898,0.2438761361885688
2321,Attalens,3682,665.0,18.1,24.6,14.4,378.0,FR,Espace Mittelland,intermediate,French,31.0,0.9,41.0,207.0,599.0,847.0,3051711.6,803130.6,3854842.2,1046.9424769147204,0.2300380228136882
2323,Bossonnens,1575,364.0,23.1,25.7,12.4,382.3,FR,Espace Mittelland,intermediate,French,13.0,0.8,17.0,178.0,311.0,506.0,910850.0,203580.1,1114430.1,707.5746666666668,0.32126984126984126
2325,Châtel-Saint-Denis,8163,2489.0,30.5,21.5,14.2,170.3,FR,Espace Mittelland,intermediate,French,116.0,1.5,94.0,1167.0,2700.0,3961.0,5539875.75,1613001.45,7152877.2,876.2559353178979,0.4852382702437829
2328,Granges (Veveyse),922,138.0,15.0,22.9,14.6,206.3,FR,Espace Mittelland,rural,French,8.0,0.9,23.0,102.0,156.0,281.0,545512.55,111847.15,657359.7000000001,712.97147505423,0.3047722342733189
2333,Remaufens,1288,251.0,19.5,26.5,13.6,217.9,FR,Espace Mittelland,intermediate,French,8.0,0.6,33.0,79.0,125.0,237.0,1203840.5,54497.6,1258338.1,976.9705745341615,0.18400621118012422
2335,Saint-Martin (FR),1021,101.0,9.9,22.3,15.4,104.4,FR,Espace Mittelland,rural,French,,,74.0,75.0,72.0,221.0,805922.35,18018.75,823941.1,806.994221351616,0.21645445641527913
2336,Semsales,1551,198.0,12.8,24.6,16.7,52.8,FR,Espace Mittelland,rural,French,9.0,0.6,57.0,276.0,294.0,627.0,835703.15,86847.05,922550.2000000001,594.8099290780142,0.40425531914893614
2337,Le Flon,1193,159.0,13.3,25.5,14.8,124.7,FR,Espace Mittelland,rural,French,8.0,0.7,49.0,39.0,94.0,182.0,583887.9,55921.25,639809.15,536.3027242246437,0.15255658005029338
2338,La Verrerie,1324,179.0,13.5,24.4,12.4,98.6,FR,Espace Mittelland,rural,French,23.0,1.8,113.0,107.0,107.0,327.0,739282.65,71841.65,811124.3,612.6316465256798,0.24697885196374622
24,Buch am Irchel,1038,82.0,7.9,25.0,17.1,101.7,ZH,Zurich,rural,German,8.0,0.8,67.0,43.0,92.0,202.0,1147127.1,67133.95,1214261.05,1169.8083333333334,0.19460500963391136
2401,Egerkingen,4211,1507.0,35.8,21.6,17.2,605.9,SO,Espace Mittelland,rural,German,156.0,3.7,21.0,519.0,3556.0,4096.0,2650352.65,446397.6,3096750.25,735.3954523866065,0.9726905723106151
2402,Härkingen,1752,313.0,17.9,21.1,15.5,318.0,SO,Espace Mittelland,intermediate,German,21.0,1.2,26.0,372.0,2867.0,3265.0,1143420.9,50424.45,1193845.3499999999,681.4185787671232,1.8635844748858448
2403,Kestenholz,1873,161.0,8.6,21.5,19.5,218.0,SO,Espace Mittelland,rural,German,19.0,1.0,46.0,228.0,420.0,694.0,1277771.3,89617.4,1367388.7,730.0526962092899,0.37052856380138816
2404,Neuendorf,2374,374.0,15.8,20.9,16.3,332.5,SO,Espace Mittelland,rural,German,37.0,1.6,57.0,134.0,2260.0,2451.0,1620443.5,44118.15,1664561.65,701.1632898062342,1.0324347093513058
2405,Niederbuchsiten,1274,204.0,16.0,19.6,16.7,232.1,SO,Espace Mittelland,rural,German,20.0,1.6,78.0,327.0,325.0,730.0,830653.75,24103.7,854757.45,670.9242150706436,0.5729984301412873
2406,Oberbuchsiten,2343,697.0,29.7,20.5,15.2,249.5,SO,Espace Mittelland,rural,German,82.0,3.6,15.0,102.0,483.0,600.0,1567651.15,121951.9,1689603.0499999998,721.1280623132735,0.2560819462227913
2407,Oensingen,6607,2499.0,37.8,20.8,16.7,546.0,SO,Espace Mittelland,urban,German,267.0,4.2,57.0,1948.0,3666.0,5671.0,3908002.7,450232.5,4358235.2,659.639049492962,0.858332072044801
2408,Wolfwil,2385,265.0,11.1,21.1,21.1,346.7,SO,Espace Mittelland,rural,German,40.0,1.7,48.0,270.0,482.0,800.0,1696935.75,136648.55,1833584.3,768.7984486373166,0.33542976939203356
241,Aesch (ZH),1672,323.0,19.3,22.3,18.2,319.1,ZH,Zurich,rural,German,8.0,0.5,47.0,36.0,295.0,378.0,4406841.7,607366.75,5014208.45,2998.928498803828,0.22607655502392343
242,Birmensdorf (ZH),7057,1848.0,26.2,21.8,19.2,618.0,ZH,Zurich,intermediate,German,126.0,1.8,53.0,434.0,2196.0,2683.0,9706479.55,1850879.9,11557359.450000001,1637.7156652968686,0.3801898823862831
2421,Aedermannsdorf,578,28.0,4.8,20.9,24.6,44.7,SO,Espace Mittelland,rural,German,6.0,1.0,38.0,38.0,102.0,178.0,342944.6,23960.2,366904.8,634.7833910034602,0.3079584775086505
2422,Balsthal,6375,2258.0,35.4,21.7,19.4,405.8,SO,Espace Mittelland,rural,German,288.0,4.6,37.0,979.0,1935.0,2951.0,3481951.05,266228.9,3748179.9499999997,587.9497960784313,0.4629019607843137
2424,Herbetswil,587,73.0,12.4,20.6,23.9,36.0,SO,Espace Mittelland,rural,German,,,52.0,46.0,58.0,156.0,288145.3,9901.9,298047.2,507.7465076660988,0.2657580919931857
2425,Holderbank (SO),732,115.0,15.7,18.9,19.7,94.3,SO,Espace Mittelland,rural,German,20.0,2.8,58.0,134.0,87.0,279.0,366928.35,225013.85,591942.2,808.6642076502732,0.38114754098360654
2426,Laupersdorf,1865,206.0,11.0,22.6,20.4,120.3,SO,Espace Mittelland,rural,German,24.0,1.3,95.0,198.0,156.0,449.0,921978.9,17853.45,939832.35,503.9315549597855,0.24075067024128685
2427,Matzendorf,1349,130.0,9.6,19.0,20.2,119.7,SO,Espace Mittelland,rural,German,18.0,1.3,61.0,131.0,232.0,424.0,844761.9,139118.75,983880.65,729.3407338769459,0.3143068939955523
2428,Mümliswil-Ramiswil,2381,269.0,11.3,17.8,21.6,67.1,SO,Espace Mittelland,rural,German,44.0,1.9,198.0,224.0,380.0,802.0,1324770.5,42919.45,1367689.95,574.4182906341873,0.3368332633347333
243,Dietikon,28162,13577.0,48.2,20.4,15.2,3015.2,ZH,Zurich,urban,German,1225.0,4.4,28.0,4504.0,14724.0,19256.0,17044455.6,3076051.7,20120507.3,714.4559086712592,0.6837582558056956
2430,Welschenrohr-Gänsbrunnen,1162,170.0,14.6,18.1,24.5,47.5,SO,Espace Mittelland,rural,German,29.0,2.5,63.0,127.0,115.0,305.0,493218.65,13844.55,507063.2,436.37108433734943,0.26247848537005164
244,Geroldswil,5262,1511.0,28.7,22.5,19.5,2726.4,ZH,Zurich,urban,German,137.0,2.7,,614.0,1663.0,2277.0,6319873.45,995277.15,7315150.600000001,1390.1844545800077,0.43272519954389965
2445,Biezwil,356,21.0,5.9,21.6,24.2,85.8,SO,Espace Mittelland,rural,German,,,27.0,25.0,29.0,81.0,241525.0,3317.3,244842.3,687.7592696629213,0.22752808988764045
245,Oberengstringen,6810,2415.0,35.5,17.2,20.1,3167.4,ZH,Zurich,urban,German,268.0,4.0,,278.0,985.0,1263.0,6623100.75,1742725.15,8365825.9,1228.461953010279,0.18546255506607928
2455,Lüterkofen-Ichertswil,895,69.0,7.7,21.3,22.3,202.0,SO,Espace Mittelland,intermediate,German,,,33.0,35.0,123.0,191.0,1105566.3,38716.75,1144283.05,1278.5285474860336,0.21340782122905028
2457,Messen,1471,55.0,3.7,21.0,19.7,123.7,SO,Espace Mittelland,rural,German,13.0,0.9,103.0,57.0,271.0,431.0,1336332.5,82760.9,1419093.4,964.7133922501699,0.2929979605710401
246,Oetwil an der Limmat,2560,482.0,18.8,16.7,21.8,924.2,ZH,Zurich,urban,German,46.0,1.8,7.0,42.0,208.0,257.0,4622115.2,1151474.2,5773589.4,2255.3083593750002,0.100390625
2461,Schnottwil,1131,66.0,5.8,18.6,19.3,157.7,SO,Espace Mittelland,rural,German,9.0,0.8,53.0,171.0,134.0,358.0,946701.85,41906.8,988608.65,874.1013704686119,0.3165340406719717
2463,Unterramsern,222,14.0,6.3,18.5,14.9,140.5,SO,Espace Mittelland,rural,German,,,20.0,23.0,19.0,62.0,357770.55,0.0,357770.55,1611.579054054054,0.27927927927927926
2464,Lüsslingen-Nennigkofen,1119,110.0,9.8,21.8,19.6,143.3,SO,Espace Mittelland,rural,German,,,63.0,340.0,130.0,533.0,917160.65,40700.8,957861.4500000001,855.9977211796247,0.47631814119749777
2465,Buchegg,2898,155.0,5.3,16.9,21.8,113.0,SO,Espace Mittelland,rural,German,10.0,0.4,222.0,152.0,854.0,1228.0,2687131.65,177011.85,2864143.5,988.3172877846791,0.42374051069703245
247,Schlieren,20350,9353.0,46.0,18.1,13.0,3088.0,ZH,Zurich,urban,German,813.0,4.1,28.0,3193.0,17677.0,20898.0,13433994.2,2657083.6,16091077.799999999,790.7163538083538,1.026928746928747
2471,Bättwil,1169,161.0,13.8,20.2,19.5,700.0,SO,Espace Mittelland,intermediate,German,28.0,2.4,35.0,173.0,234.0,442.0,1094008.15,139206.5,1233214.65,1054.9312660393498,0.3781009409751925
2472,Büren (SO),1066,144.0,13.5,22.0,17.7,171.1,SO,Espace Mittelland,rural,German,20.0,1.9,33.0,11.0,126.0,170.0,991052.85,137377.25,1128430.1,1058.5648217636024,0.15947467166979362
2473,Dornach,6795,1859.0,27.4,18.9,23.3,1173.6,SO,Espace Mittelland,urban,German,208.0,3.0,13.0,393.0,2346.0,2752.0,10189962.5,3856808.85,14046771.35,2067.221685062546,0.4050036791758646
2474,Gempen,923,147.0,15.9,22.1,20.0,154.1,SO,Espace Mittelland,rural,German,15.0,1.7,32.0,29.0,350.0,411.0,1264984.45,124897.5,1389881.95,1505.830931744312,0.4452871072589382
2475,Hochwald,1273,146.0,11.5,18.8,24.9,152.5,SO,Espace Mittelland,rural,German,17.0,1.4,45.0,31.0,166.0,242.0,2247199.85,465550.35,2712750.2,2130.989945011783,0.19010212097407697
2476,Hofstetten-Flüh,3353,634.0,18.9,20.2,22.3,445.9,SO,Espace Mittelland,intermediate,German,42.0,1.3,27.0,149.0,335.0,511.0,5468584.15,1206382.1,6674966.25,1990.7444825529376,0.1524008350730689
2477,Metzerlen-Mariastein,946,124.0,13.1,19.1,24.3,111.6,SO,Espace Mittelland,rural,German,7.0,0.7,56.0,20.0,170.0,246.0,999766.35,87870.0,1087636.35,1149.7213002114165,0.26004228329809725
2478,Nuglar-St. Pantaleon,1542,148.0,9.6,17.9,23.2,243.2,SO,Espace Mittelland,rural,German,24.0,1.6,32.0,48.0,123.0,203.0,1576442.45,245331.65,1821774.0999999999,1181.4358625162126,0.13164721141374838
2479,Rodersdorf,1382,156.0,11.3,19.0,28.8,258.3,SO,Espace Mittelland,rural,German,19.0,1.4,37.0,9.0,154.0,200.0,1732099.25,332152.95,2064252.2,1493.6701881331403,0.1447178002894356
248,Uitikon,5105,1027.0,20.1,21.9,20.3,1165.5,ZH,Zurich,intermediate,German,30.0,0.6,18.0,98.0,1039.0,1155.0,24504349.6,8466034.1,32970383.700000003,6458.44930460333,0.22624877571008814
2480,Seewen,1065,105.0,9.9,16.9,22.4,65.3,SO,Espace Mittelland,rural,German,21.0,2.0,61.0,55.0,123.0,239.0,830730.15,453172.15,1283902.3,1205.5420657276995,0.2244131455399061
2481,Witterswil,1446,263.0,18.2,18.9,23.2,541.6,SO,Espace Mittelland,intermediate,German,8.0,0.5,52.0,190.0,349.0,591.0,1938322.15,377466.6,2315788.75,1601.5136583679114,0.4087136929460581
249,Unterengstringen,4119,1079.0,26.2,19.7,20.4,1233.2,ZH,Zurich,urban,German,104.0,2.5,10.0,254.0,707.0,971.0,7361910.5,1867085.3,9228995.8,2240.591357125516,0.23573682932750667
2491,Hauenstein-Ifenthal,313,28.0,8.9,21.1,19.5,58.5,SO,Espace Mittelland,rural,German,,,33.0,9.0,37.0,79.0,276685.4,4663.55,281348.95,898.8784345047924,0.2523961661341853
2492,Kienberg,529,75.0,14.2,20.6,18.9,62.0,SO,Espace Mittelland,rural,German,8.0,1.6,54.0,9.0,49.0,112.0,261137.45,39528.35,300665.8,568.3663516068053,0.21172022684310018
2493,Lostorf,4067,475.0,11.7,19.7,21.8,306.9,SO,Espace Mittelland,intermediate,German,62.0,1.5,61.0,301.0,718.0,1080.0,3973584.7,526184.2,4499768.9,1106.4098598475537,0.2655520039341038
2495,Niedergösgen,4099,1246.0,30.4,20.2,19.7,948.8,SO,Espace Mittelland,urban,German,143.0,3.5,33.0,518.0,720.0,1271.0,2641782.95,282313.4,2924096.35,713.3682239570627,0.31007562820200046
2497,Obergösgen,2436,682.0,28.0,18.3,23.7,671.1,SO,Espace Mittelland,urban,German,94.0,3.9,21.0,137.0,415.0,573.0,1252049.7,75908.7,1327958.4,545.1389162561576,0.23522167487684728
2499,Stüsslingen,1263,127.0,10.1,20.3,21.6,150.5,SO,Espace Mittelland,rural,German,,,51.0,28.0,124.0,203.0,939432.15,156166.35,1095598.5,867.4572446555819,0.16072842438638163
25,Dachsen,1950,293.0,15.0,19.7,21.4,722.2,ZH,Zurich,intermediate,German,31.0,1.6,,158.0,234.0,392.0,2180840.25,418437.2,2599277.45,1332.962794871795,0.20102564102564102
250,Urdorf,10332,2699.0,26.1,20.7,19.6,1363.1,ZH,Zurich,urban,German,157.0,1.5,30.0,1647.0,7018.0,8695.0,9775324.15,1604743.1,11380067.25,1101.4389518002322,0.8415602013162988
2500,Trimbach,6644,2769.0,41.7,20.2,18.9,874.2,SO,Espace Mittelland,urban,German,553.0,8.4,41.0,489.0,1114.0,1644.0,3033715.15,321433.85,3355149.0,504.989313666466,0.24744130042143286
2501,Winznau,2017,350.0,17.4,19.2,23.0,511.9,SO,Espace Mittelland,urban,German,52.0,2.7,28.0,69.0,266.0,363.0,1052935.65,66456.45,1119392.0999999999,554.9787307882993,0.17997025285076848
2502,Wisen (SO),437,28.0,6.4,18.1,22.0,91.2,SO,Espace Mittelland,rural,German,,,25.0,6.0,72.0,103.0,377653.65,42547.85,420201.5,961.5594965675057,0.23569794050343248
2503,Erlinsbach (SO),3634,647.0,17.8,20.9,20.1,409.7,SO,Espace Mittelland,urban,German,128.0,3.6,41.0,97.0,553.0,691.0,2457813.35,193544.45,2651357.8000000003,729.5976334617502,0.19014859658778205
251,Weiningen (ZH),4883,1490.0,30.5,20.3,17.3,907.6,ZH,Zurich,urban,German,121.0,2.5,90.0,475.0,1684.0,2249.0,7667381.4,1066032.1,8733413.5,1788.5344050788449,0.4605775138234692
2511,Aeschi (SO),1306,106.0,8.1,17.5,22.5,238.3,SO,Espace Mittelland,intermediate,German,20.0,1.5,44.0,63.0,183.0,290.0,1048863.05,77966.35,1126829.4000000001,862.8096477794794,0.222052067381317
2513,Biberist,9188,2451.0,26.7,18.9,20.5,750.0,SO,Espace Mittelland,urban,German,414.0,4.5,62.0,758.0,2563.0,3383.0,5188094.6,337425.95,5525520.55,601.384474314323,0.36819764910753155
2514,Bolken,581,32.0,5.5,21.9,16.4,274.1,SO,Espace Mittelland,intermediate,German,8.0,1.4,17.0,,42.0,59.0,370246.1,48242.3,418488.39999999997,720.2898450946643,0.10154905335628227
2516,Deitingen,2323,310.0,13.3,19.3,22.5,305.7,SO,Espace Mittelland,intermediate,German,39.0,1.7,77.0,373.0,536.0,986.0,1595782.7,172633.7,1768416.4,761.2640551011623,0.4244511407662505
2517,Derendingen,6799,2191.0,32.2,18.4,19.7,1209.8,SO,Espace Mittelland,urban,German,342.0,5.1,26.0,666.0,1453.0,2145.0,3251033.45,275558.8,3526592.25,518.6927857037799,0.3154875717017208
2518,Etziken,1055,117.0,11.1,21.9,17.5,313.1,SO,Espace Mittelland,intermediate,German,19.0,1.9,29.0,214.0,102.0,345.0,662275.95,40901.6,703177.5499999999,666.5190047393364,0.32701421800947866
2519,Gerlafingen,5696,2316.0,40.7,21.4,17.3,3078.9,SO,Espace Mittelland,urban,German,356.0,6.4,0.0,717.0,987.0,1704.0,2641124.0,231009.15,2872133.15,504.2368591994382,0.2991573033707865
2520,Halten,851,72.0,8.5,18.7,24.6,460.0,SO,Espace Mittelland,intermediate,German,17.0,2.0,37.0,11.0,110.0,158.0,693420.8,46906.15,740326.9500000001,869.9494124559343,0.18566392479435959
2523,Horriwil,866,48.0,5.5,22.6,18.6,328.0,SO,Espace Mittelland,intermediate,German,16.0,1.8,18.0,105.0,61.0,184.0,835576.25,52807.7,888383.95,1025.847517321016,0.21247113163972287
2524,Hüniken,157,6.0,3.8,26.1,19.1,153.9,SO,Espace Mittelland,intermediate,German,,,4.0,,12.0,16.0,131790.5,0.0,131790.5,839.4299363057324,0.10191082802547771
2525,Kriegstetten,1373,158.0,11.5,19.5,22.7,1204.4,SO,Espace Mittelland,intermediate,German,19.0,1.4,0.0,54.0,517.0,571.0,1057311.35,46025.95,1103337.3,803.5959941733431,0.415877640203933
2526,Lohn-Ammannsegg,2953,257.0,8.7,18.3,24.4,659.2,SO,Espace Mittelland,intermediate,German,14.0,0.5,16.0,323.0,592.0,931.0,3944963.5,359243.5,4304207.0,1457.5709448018963,0.3152726041313918
2527,Luterbach,3604,738.0,20.5,18.8,22.9,797.3,SO,Espace Mittelland,intermediate,German,91.0,2.5,13.0,341.0,1437.0,1791.0,1882363.95,197838.45,2080202.4,577.1926748057714,0.49694783573806883
2528,Obergerlafingen,1246,151.0,12.1,19.2,22.6,825.2,SO,Espace Mittelland,intermediate,German,28.0,2.3,12.0,230.0,322.0,564.0,736526.9,61546.95,798073.85,640.5087078651685,0.45264847512038525
2529,Oekingen,890,76.0,8.5,23.4,19.9,372.4,SO,Espace Mittelland,intermediate,German,8.0,0.9,15.0,11.0,61.0,87.0,638548.35,37822.55,676370.9,759.9673033707866,0.09775280898876404
2530,Recherswil,2146,261.0,12.2,18.9,20.1,638.7,SO,Espace Mittelland,intermediate,German,30.0,1.4,45.0,163.0,484.0,692.0,1331686.35,55698.75,1387385.1,646.4981826654241,0.32246039142590865
2532,Subingen,3211,570.0,17.8,18.4,19.9,512.1,SO,Espace Mittelland,urban,German,90.0,2.8,37.0,277.0,2776.0,3090.0,2211014.15,117061.15,2328075.3,725.031236374961,0.9623170351915291
2534,Zuchwil,9331,4122.0,44.2,18.5,18.2,2015.3,SO,Espace Mittelland,urban,German,527.0,5.7,4.0,2048.0,4062.0,6114.0,4089075.75,568783.25,4657859.0,499.18111670774834,0.6552352373807737
2535,Drei Höfe,730,54.0,7.4,18.1,21.5,159.7,SO,Espace Mittelland,rural,German,,,27.0,9.0,37.0,73.0,532113.2,14437.25,546550.45,748.6992465753424,0.1
2541,Balm bei Günsberg,215,17.0,7.9,19.1,26.0,39.3,SO,Espace Mittelland,rural,German,,,21.0,14.0,,35.0,174206.1,32693.35,206899.45,962.3230232558141,0.16279069767441862
2542,Bellach,5399,1606.0,29.7,19.0,24.0,1020.6,SO,Espace Mittelland,urban,German,203.0,3.8,43.0,1310.0,1029.0,2382.0,3205172.65,293224.9,3498397.55,647.9713928505279,0.44119281348397854
2543,Bettlach,4943,960.0,19.4,17.6,23.3,405.5,SO,Espace Mittelland,urban,German,134.0,2.7,57.0,1206.0,851.0,2114.0,5137040.75,414993.6,5552034.35,1123.2114808820554,0.42767550070807203
2544,Feldbrunnen-St. Niklaus,1027,122.0,11.9,16.2,25.8,409.2,SO,Espace Mittelland,urban,German,,,,26.0,230.0,256.0,3456444.95,768571.25,4225016.2,4113.93982473223,0.249269717624148
2545,Flumenthal,1026,147.0,14.3,17.0,20.6,329.9,SO,Espace Mittelland,intermediate,German,27.0,2.6,13.0,89.0,333.0,435.0,672909.05,31438.65,704347.7000000001,686.4987329434698,0.4239766081871345
2546,Grenchen,17939,6913.0,38.5,17.9,22.1,689.2,SO,Espace Mittelland,urban,German,1009.0,5.7,89.0,5491.0,5403.0,10983.0,8654600.75,1346467.45,10001068.2,557.5042198561792,0.6122414850326106
2547,Günsberg,1191,76.0,6.4,17.8,22.8,226.4,SO,Espace Mittelland,rural,German,15.0,1.3,26.0,62.0,113.0,201.0,1257943.95,32341.65,1290285.5999999999,1083.36322418136,0.16876574307304787
2548,Hubersdorf,708,47.0,6.6,22.5,22.6,524.4,SO,Espace Mittelland,intermediate,German,8.0,1.1,12.0,10.0,95.0,117.0,565944.95,17431.95,583376.8999999999,823.9786723163841,0.1652542372881356
2549,Kammersrohr,29,,,10.3,34.5,30.5,SO,Espace Mittelland,rural,German,,,9.0,0.0,,9.0,111707.6,0.0,111707.6,3851.9862068965517,0.3103448275862069
2550,Langendorf,3844,666.0,17.3,18.1,27.0,1971.3,SO,Espace Mittelland,urban,German,76.0,2.0,,157.0,1308.0,1465.0,3221949.35,313444.8,3535394.15,919.7175208116545,0.3811134235171696
2551,Lommiswil,1595,130.0,8.2,20.3,23.5,276.9,SO,Espace Mittelland,rural,German,11.0,0.7,33.0,35.0,146.0,214.0,1307853.55,87129.25,1394982.8,874.59736677116,0.1341692789968652
2553,Oberdorf (SO),1844,158.0,8.6,20.2,22.6,154.8,SO,Espace Mittelland,urban,German,24.0,1.3,39.0,27.0,418.0,484.0,2296311.75,210847.9,2507159.65,1359.631046637744,0.26247288503253796
2554,Riedholz,2288,249.0,10.9,21.2,22.7,320.0,SO,Espace Mittelland,intermediate,German,21.0,0.9,32.0,114.0,301.0,447.0,2583772.2,316673.1,2900445.3000000003,1267.6771416083918,0.19536713286713286
2555,Rüttenen,1506,104.0,6.9,19.2,25.4,171.7,SO,Espace Mittelland,intermediate,German,32.0,2.1,18.0,65.0,170.0,253.0,1383199.95,121530.4,1504730.3499999999,999.1569389110225,0.16799468791500663
2556,Selzach,3625,645.0,17.8,20.7,19.9,186.2,SO,Espace Mittelland,intermediate,German,61.0,1.7,124.0,1017.0,680.0,1821.0,2128459.3,180035.4,2308494.6999999997,636.826124137931,0.5023448275862069
2571,Boningen,805,146.0,18.1,22.0,13.7,291.7,SO,Espace Mittelland,rural,German,14.0,1.8,29.0,95.0,101.0,225.0,416272.65,13124.2,429396.85000000003,533.4122360248448,0.2795031055900621
2572,Däniken,2946,669.0,22.7,18.4,20.6,542.5,SO,Espace Mittelland,urban,German,62.0,2.1,32.0,1520.0,987.0,2539.0,1821552.55,84440.8,1905993.35,646.9766972165648,0.8618465716225391
2573,Dulliken,5224,2324.0,44.5,18.6,20.8,864.9,SO,Espace Mittelland,urban,German,230.0,4.4,27.0,449.0,1018.0,1494.0,2084211.55,204254.3,2288465.85,438.0677354517611,0.28598774885145484
2574,Eppenberg-Wöschnau,325,117.0,36.0,13.2,20.9,179.6,SO,Espace Mittelland,urban,German,13.0,4.1,13.0,174.0,117.0,304.0,194420.35,5105.0,199525.35,613.9241538461539,0.9353846153846154
2575,Fulenbach,1798,194.0,10.8,20.8,20.0,401.3,SO,Espace Mittelland,rural,German,35.0,2.0,54.0,254.0,492.0,800.0,1282087.45,78750.15,1360837.5999999999,756.8618464961068,0.44493882091212456
2576,Gretzenbach,2759,682.0,24.7,21.9,19.6,473.2,SO,Espace Mittelland,urban,German,74.0,2.7,35.0,438.0,435.0,908.0,1676933.35,186620.0,1863553.35,675.445215657847,0.32910474809713663
2578,Gunzgen,1714,259.0,15.1,19.5,20.3,436.1,SO,Espace Mittelland,rural,German,37.0,2.2,26.0,260.0,645.0,931.0,967134.85,73025.0,1040159.85,606.8610560093349,0.5431738623103851
2579,Hägendorf,5249,1309.0,24.9,21.0,19.3,376.5,SO,Espace Mittelland,urban,German,135.0,2.6,28.0,505.0,2735.0,3268.0,4474882.95,557305.0,5032187.95,958.6945989712326,0.6225947799580872
2580,Kappel (SO),3428,835.0,24.4,21.8,19.5,672.2,SO,Espace Mittelland,urban,German,130.0,3.8,22.0,185.0,400.0,607.0,2858833.0,197647.55,3056480.55,891.6220974329054,0.17707117852975496
2581,Olten,18339,5544.0,30.2,17.0,18.8,1596.1,SO,Espace Mittelland,urban,German,943.0,5.1,8.0,2393.0,20229.0,22630.0,15787660.9,2188792.9,17976453.8,980.230863187742,1.2339822236763183
2582,Rickenbach (SO),1135,236.0,20.8,18.3,18.0,411.2,SO,Espace Mittelland,urban,German,22.0,2.0,,154.0,468.0,622.0,1078609.55,106919.25,1185528.8,1044.5187665198239,0.5480176211453744
2583,Schönenwerd,5100,1958.0,38.4,20.3,19.4,1374.7,SO,Espace Mittelland,urban,German,232.0,4.5,,754.0,1583.0,2337.0,2713089.2,238805.15,2951894.35,578.8028137254902,0.4582352941176471
2584,Starrkirch-Wil,1871,323.0,17.3,20.9,19.6,1011.4,SO,Espace Mittelland,urban,German,28.0,1.5,6.0,37.0,135.0,178.0,2325657.95,106503.0,2432160.95,1299.9256814537682,0.0951362907536077
2585,Walterswil (SO),764,104.0,13.6,17.5,21.3,170.5,SO,Espace Mittelland,intermediate,German,7.0,0.9,31.0,95.0,134.0,260.0,513537.05,9365.2,522902.25,684.4270287958116,0.3403141361256545
2586,Wangen bei Olten,5452,1428.0,26.2,20.2,18.3,783.3,SO,Espace Mittelland,urban,German,185.0,3.5,17.0,338.0,2192.0,2547.0,4534389.9,367925.05,4902314.95,899.1773569332355,0.46716801173881145
26,Dorf,712,72.0,10.1,20.4,17.0,128.1,ZH,Zurich,rural,German,,,27.0,19.0,130.0,176.0,745304.9,115559.2,860864.1,1209.0787921348315,0.24719101123595505
2601,Solothurn,16633,3595.0,21.6,16.3,21.4,2648.6,SO,Espace Mittelland,urban,German,500.0,3.0,16.0,2931.0,19394.0,22341.0,17657753.55,2685976.2,20343729.75,1223.0944357602357,1.3431732098839657
261,Zürich,427721,140948.0,33.0,17.7,14.4,4864.3,ZH,Zurich,urban,German,17253.0,4.1,186.0,27412.0,509382.0,536980.0,617350871.05,244396700.5,861747571.55,2014.7422538290145,1.2554445538096095
2611,Bärschwil,786,75.0,9.5,16.7,27.7,70.2,SO,Espace Mittelland,rural,German,16.0,2.0,44.0,35.0,47.0,126.0,335669.8,28809.4,364479.2,463.7139949109415,0.16030534351145037
2612,Beinwil (SO),268,36.0,13.4,23.1,23.5,11.8,SO,Espace Mittelland,rural,German,,,82.0,9.0,43.0,134.0,143981.45,3591.8,147573.25,550.6464552238806,0.5
2613,Breitenbach,4153,1067.0,25.7,19.4,21.7,610.7,SO,Espace Mittelland,intermediate,German,154.0,3.8,29.0,517.0,1358.0,1904.0,2921140.25,492673.8,3413814.05,822.0115699494341,0.4584637611365278
2614,Büsserach,2361,354.0,15.0,19.4,19.4,312.7,SO,Espace Mittelland,intermediate,German,60.0,2.6,23.0,279.0,373.0,675.0,2767208.4,158348.3,2925556.6999999997,1239.1176196526894,0.28589580686149935
2615,Erschwil,943,138.0,14.6,21.3,21.0,126.9,SO,Espace Mittelland,rural,German,27.0,2.9,25.0,307.0,100.0,432.0,569901.25,112104.15,682005.4,723.2294803817604,0.45811240721102864
2616,Fehren,602,29.0,4.8,19.1,19.9,406.8,SO,Espace Mittelland,rural,German,11.0,1.9,20.0,8.0,52.0,80.0,358971.25,10154.45,369125.7,613.1656146179403,0.132890365448505
2617,Grindel,503,69.0,13.7,17.1,25.2,163.3,SO,Espace Mittelland,rural,German,13.0,2.6,12.0,5.0,39.0,56.0,284706.6,5338.4,290045.0,576.6302186878728,0.11133200795228629
2618,Himmelried,956,129.0,13.5,17.9,23.5,158.5,SO,Espace Mittelland,rural,German,12.0,1.3,31.0,14.0,78.0,123.0,1041138.0,244382.05,1285520.05,1344.6862447698745,0.12866108786610878
2619,Kleinlützel,1191,123.0,10.3,16.0,28.5,73.0,SO,Espace Mittelland,rural,German,42.0,3.5,58.0,200.0,99.0,357.0,656189.35,148375.5,804564.85,675.5372376154492,0.29974811083123426
2620,Meltingen,650,55.0,8.5,19.4,21.2,112.8,SO,Espace Mittelland,intermediate,German,6.0,0.9,25.0,14.0,96.0,135.0,482877.85,3024.25,485902.1,747.5416923076923,0.2076923076923077
2621,Nunningen,1969,178.0,9.0,18.9,22.8,191.0,SO,Espace Mittelland,intermediate,German,31.0,1.6,43.0,234.0,346.0,623.0,1457923.65,287334.25,1745257.9,886.3676485525647,0.3164042661249365
2622,Zullwil,660,79.0,12.0,22.3,21.2,180.3,SO,Espace Mittelland,intermediate,German,22.0,3.4,15.0,36.0,42.0,93.0,297445.75,13655.15,311100.9,471.365,0.1409090909090909
27,Feuerthalen,3771,880.0,23.3,20.1,18.3,1520.6,ZH,Zurich,urban,German,93.0,2.5,0.0,251.0,1065.0,1316.0,3919865.3,649032.3,4568897.6,1211.587801644126,0.34897905064969503
2701,Basel,173552,66830.0,38.5,17.0,19.0,7276.8,BS,Northwestern CH,urban,German,9227.0,5.3,37.0,32976.0,161115.0,194128.0,204985806.9,122844489.35,327830296.25,1888.9456546164838,1.118558126670969
2702,Bettingen,1288,323.0,25.1,21.4,24.1,577.6,BS,Northwestern CH,urban,German,19.0,1.6,12.0,15.0,331.0,358.0,2135500.25,5726190.95,7861691.2,6103.79751552795,0.2779503105590062
2703,Riehen,21946,6168.0,28.1,21.5,25.5,2019.0,BS,Northwestern CH,urban,German,560.0,2.6,50.0,545.0,4656.0,5251.0,39378884.3,23848923.8,63227808.099999994,2881.062977307937,0.23926911510070173
2761,Aesch (BL),10607,2736.0,25.8,19.1,24.1,1433.4,BL,Northwestern CH,urban,German,113.0,1.1,73.0,1876.0,3430.0,5379.0,9783567.0,3562622.0,13346189.0,1258.2435184312246,0.5071179409823702
2762,Allschwil,21654,6356.0,29.4,19.2,22.6,2435.8,BL,Northwestern CH,urban,German,674.0,3.1,55.0,2860.0,10493.0,13408.0,24216299.0,7995582.0,32211881.0,1487.571857393553,0.6191927588436317
2763,Arlesheim,9270,1876.0,20.2,18.8,28.3,1337.7,BL,Northwestern CH,urban,German,166.0,1.8,23.0,1580.0,4940.0,6543.0,20948830.0,8425082.0,29373912.0,3168.706796116505,0.7058252427184466
2764,Biel-Benken,3555,532.0,15.0,21.5,24.7,862.9,BL,Northwestern CH,urban,German,15.0,0.4,79.0,348.0,639.0,1066.0,7747371.0,2460517.0,10207888.0,2871.417158931083,0.29985935302391
2765,Binningen,15631,4397.0,28.1,19.1,24.3,3504.7,BL,Northwestern CH,urban,German,511.0,3.3,23.0,308.0,5287.0,5618.0,36436905.0,19796753.0,56233658.0,3597.5726441046636,0.3594139850297486
2766,Birsfelden,10264,3305.0,32.2,16.3,24.1,4089.2,BL,Northwestern CH,urban,German,321.0,3.1,8.0,1462.0,2817.0,4287.0,6039306.0,1455978.0,7495284.0,730.2498051441933,0.4176734216679657
2767,Bottmingen,6920,1911.0,27.6,20.8,24.3,2314.4,BL,Northwestern CH,urban,German,143.0,2.1,66.0,300.0,1397.0,1763.0,16361284.0,30732792.0,47094076.0,6805.5023121387285,0.25476878612716763
2768,Ettingen,5587,1080.0,19.3,19.7,23.8,884.0,BL,Northwestern CH,intermediate,German,95.0,1.7,60.0,447.0,738.0,1245.0,5980211.0,1248651.0,7228862.0,1293.871845355289,0.2228387327725076
2769,Münchenstein,12102,3249.0,26.8,19.6,21.2,1683.2,BL,Northwestern CH,urban,German,528.0,4.4,28.0,2054.0,10177.0,12259.0,12512899.0,3684698.0,16197597.0,1338.4231531978185,1.0129730623037514
2770,Muttenz,17917,3906.0,21.8,19.2,24.0,1076.1,BL,Northwestern CH,urban,German,589.0,3.3,38.0,3648.0,9929.0,13615.0,19456450.0,5532158.0,24988608.0,1394.6870569849864,0.7598928392029916
2771,Oberwil (BL),11273,2634.0,23.4,20.3,23.4,1428.8,BL,Northwestern CH,urban,German,296.0,2.7,59.0,354.0,3562.0,3975.0,20193792.0,6911103.0,27104895.0,2404.408320766433,0.35261243679588394
2772,Pfeffingen,2400,387.0,16.1,20.7,24.7,490.8,BL,Northwestern CH,urban,German,,,19.0,15.0,337.0,371.0,5189701.0,2533175.0,7722876.0,3217.865,0.15458333333333332
2773,Reinach (BL),19667,4841.0,24.6,18.2,26.0,2821.7,BL,Northwestern CH,urban,German,607.0,3.1,18.0,3358.0,8441.0,11817.0,20535713.0,11862779.0,32398492.0,1647.353027914781,0.6008542228097828
2774,Schönenbuch,1481,206.0,13.9,20.2,25.1,1097.0,BL,Northwestern CH,intermediate,German,,,18.0,55.0,329.0,402.0,2056218.0,526824.0,2583042.0,1744.120189061445,0.2714382174206617
2775,Therwil,9934,1826.0,18.4,19.4,24.4,1296.9,BL,Northwestern CH,urban,German,166.0,1.7,109.0,597.0,2701.0,3407.0,14250366.0,4673781.0,18924147.0,1904.9876182806522,0.3429635594926515
2781,Blauen,702,64.0,9.1,18.7,26.6,98.6,BL,Northwestern CH,rural,German,14.0,2.0,16.0,51.0,62.0,129.0,1121259.0,428206.0,1549465.0,2207.2150997150998,0.18376068376068377
2782,Brislach,1701,203.0,11.9,20.8,17.2,180.6,BL,Northwestern CH,intermediate,German,36.0,2.1,46.0,158.0,174.0,378.0,971627.0,108681.0,1080308.0,635.1017048794827,0.2222222222222222
2783,Burg im Leimental,271,34.0,12.5,20.3,23.2,95.4,BL,Northwestern CH,rural,German,,,12.0,,20.0,32.0,433464.0,64166.0,497630.0,1836.2730627306273,0.11808118081180811
2784,Dittingen,730,126.0,17.3,18.6,22.3,108.1,BL,Northwestern CH,intermediate,German,11.0,1.5,30.0,62.0,150.0,242.0,442149.0,28467.0,470616.0,644.6794520547945,0.3315068493150685
2785,Duggingen,1598,349.0,21.8,20.7,17.8,272.7,BL,Northwestern CH,intermediate,German,8.0,0.5,22.0,306.0,329.0,657.0,1777333.0,608732.0,2386065.0,1493.157071339174,0.4111389236545682
2786,Grellingen,1926,569.0,29.5,17.7,18.1,585.4,BL,Northwestern CH,intermediate,German,91.0,4.8,6.0,166.0,189.0,361.0,1215588.0,324136.0,1539724.0,799.4413291796469,0.18743509865005192
2787,Laufen,5906,1546.0,26.2,18.4,21.2,518.1,BL,Northwestern CH,intermediate,German,264.0,4.6,14.0,1614.0,2776.0,4404.0,3815756.0,1116280.0,4932036.0,835.0890619708771,0.7456823569251608
2788,Liesberg,1083,156.0,14.4,15.7,25.8,86.9,BL,Northwestern CH,rural,German,35.0,3.2,31.0,538.0,160.0,729.0,778328.0,37969.0,816297.0,753.7368421052631,0.6731301939058172
2789,Nenzlingen,464,79.0,17.0,17.7,20.7,126.8,BL,Northwestern CH,rural,German,,,17.0,54.0,27.0,98.0,417158.0,188144.0,605302.0,1304.530172413793,0.21120689655172414
2790,Roggenburg,264,25.0,9.5,13.6,23.9,39.6,BL,Northwestern CH,rural,German,,,24.0,,29.0,53.0,100398.0,12681.0,113079.0,428.32954545454544,0.20075757575757575
2791,Röschenz,1878,181.0,9.6,20.5,20.4,186.5,BL,Northwestern CH,intermediate,German,32.0,1.7,25.0,41.0,193.0,259.0,1805156.0,238718.0,2043874.0,1088.3248136315228,0.13791267305644303
2792,Wahlen,1542,225.0,14.6,20.4,19.0,285.0,BL,Northwestern CH,intermediate,German,22.0,1.4,41.0,28.0,167.0,236.0,895301.0,54099.0,949400.0,615.6939040207523,0.15304798962386512
2793,Zwingen,2685,690.0,25.7,20.0,15.8,582.4,BL,Northwestern CH,intermediate,German,82.0,3.2,10.0,564.0,527.0,1101.0,1591881.0,312117.0,1903998.0,709.1240223463687,0.4100558659217877
28,Flaach,1474,255.0,17.3,21.7,18.0,144.9,ZH,Zurich,intermediate,German,8.0,0.6,154.0,132.0,485.0,771.0,1312076.35,111154.85,1423231.2000000002,965.5571234735415,0.5230664857530529
2821,Arisdorf,1708,220.0,12.9,19.7,20.7,170.8,BL,Northwestern CH,intermediate,German,12.0,0.7,65.0,137.0,284.0,486.0,1712594.0,412344.0,2124938.0,1244.108899297424,0.28454332552693207
2822,Augst,1057,258.0,24.4,16.1,26.1,640.6,BL,Northwestern CH,urban,German,24.0,2.3,26.0,459.0,282.0,767.0,983993.0,139770.0,1123763.0,1063.1627246925261,0.7256385998107853
2823,Bubendorf,4439,739.0,16.6,20.0,22.8,411.0,BL,Northwestern CH,intermediate,German,88.0,2.0,46.0,2182.0,1092.0,3320.0,3642767.0,448801.0,4091568.0,921.7319216039649,0.7479161973417436
2824,Frenkendorf,6507,2233.0,34.3,20.5,20.1,1417.6,BL,Northwestern CH,urban,German,172.0,2.7,6.0,790.0,1405.0,2201.0,5048843.0,1259513.0,6308356.0,969.4722606423851,0.33825111418472414
2825,Füllinsdorf,4646,1451.0,31.2,19.2,26.4,1005.6,BL,Northwestern CH,urban,German,121.0,2.6,63.0,728.0,1476.0,2267.0,5430113.0,1346099.0,6776212.0,1458.5045200172192,0.48794662074903145
2826,Giebenach,1120,276.0,24.6,20.4,17.9,835.8,BL,Northwestern CH,rural,German,,,4.0,85.0,125.0,214.0,921821.0,92171.0,1013992.0,905.35,0.19107142857142856
2827,Hersberg,362,51.0,14.1,17.4,25.7,218.1,BL,Northwestern CH,rural,German,,,10.0,,24.0,34.0,470442.0,25909.0,496351.0,1371.135359116022,0.09392265193370165
2828,Lausen,5772,1648.0,28.6,19.5,18.6,1036.3,BL,Northwestern CH,urban,German,180.0,3.1,15.0,689.0,1155.0,1859.0,3620188.0,648982.0,4269170.0,739.6344421344421,0.32207207207207206
2829,Liestal,15420,4434.0,28.8,18.8,20.7,848.2,BL,Northwestern CH,urban,German,649.0,4.3,46.0,2024.0,15175.0,17245.0,12781916.0,2739763.0,15521679.0,1006.5939688715953,1.1183527885862516
2830,Lupsingen,1504,169.0,11.2,21.6,24.2,483.6,BL,Northwestern CH,rural,German,,,9.0,9.0,129.0,147.0,1708429.0,154777.0,1863206.0,1238.8337765957447,0.09773936170212766
2831,Pratteln,16458,6798.0,41.3,18.9,20.6,1536.7,BL,Northwestern CH,urban,German,671.0,4.1,41.0,4136.0,11633.0,15810.0,9593476.0,1863888.0,11457364.0,696.1577348401993,0.9606270506744441
2832,Ramlinsburg,744,92.0,12.4,17.6,21.4,330.7,BL,Northwestern CH,rural,German,,,24.0,,109.0,133.0,1269796.0,197435.0,1467231.0,1972.0846774193549,0.17876344086021506
2833,Seltisberg,1301,92.0,7.1,19.1,28.4,365.4,BL,Northwestern CH,intermediate,German,,,7.0,49.0,180.0,236.0,2027963.0,275845.0,2303808.0,1770.7978478093773,0.1813989239046887
2834,Ziefen,1632,151.0,9.3,23.8,20.5,208.7,BL,Northwestern CH,rural,German,11.0,0.7,45.0,242.0,186.0,473.0,1218422.0,123223.0,1341645.0,822.0863970588235,0.28982843137254904
2841,Anwil,531,32.0,6.0,21.3,18.8,134.4,BL,Northwestern CH,rural,German,,,39.0,,61.0,100.0,403444.0,24827.0,428271.0,806.5367231638418,0.18832391713747645
2842,Böckten,806,93.0,11.5,21.5,20.0,353.5,BL,Northwestern CH,intermediate,German,12.0,1.5,11.0,315.0,170.0,496.0,1316709.0,32245.0,1348954.0,1673.6401985111663,0.6153846153846154
2843,Buckten,717,127.0,17.7,20.2,20.9,358.5,BL,Northwestern CH,rural,German,17.0,2.4,24.0,123.0,138.0,285.0,437562.0,43064.0,480626.0,670.3291492329149,0.39748953974895396
2844,Buus,1116,135.0,12.1,20.5,19.4,126.1,BL,Northwestern CH,rural,German,,,90.0,43.0,93.0,226.0,829030.0,130761.0,959791.0,860.0277777777778,0.2025089605734767
2845,Diepflingen,785,120.0,15.3,24.8,15.5,545.1,BL,Northwestern CH,intermediate,German,15.0,2.0,0.0,78.0,120.0,198.0,635154.0,61188.0,696342.0,887.0598726114649,0.2522292993630573
2846,Gelterkinden,6217,1139.0,18.3,19.5,23.1,635.7,BL,Northwestern CH,intermediate,German,199.0,3.2,39.0,416.0,2086.0,2541.0,4839834.0,697507.0,5537341.0,890.6773363358533,0.40871803120476113
2847,Häfelfingen,259,29.0,11.2,18.5,17.0,65.2,BL,Northwestern CH,rural,German,,,32.0,5.0,89.0,126.0,222962.0,36590.0,259552.0,1002.1312741312742,0.4864864864864865
2848,Hemmiken,264,17.0,6.4,15.9,23.5,77.9,BL,Northwestern CH,rural,German,,,32.0,11.0,18.0,61.0,126897.0,16509.0,143406.0,543.2045454545455,0.23106060606060605
2849,Itingen,2323,466.0,20.1,21.2,19.7,742.2,BL,Northwestern CH,urban,German,56.0,2.4,12.0,385.0,754.0,1151.0,1924192.0,126902.0,2051094.0,882.950495049505,0.4954799827808868
2850,Känerkinden,527,60.0,11.4,16.1,25.4,356.1,BL,Northwestern CH,rural,German,,,7.0,5.0,25.0,37.0,374414.0,249251.0,623665.0,1183.4250474383302,0.07020872865275142
2851,Kilchberg (BL),171,17.0,9.9,21.1,26.9,107.5,BL,Northwestern CH,rural,German,,,6.0,0.0,6.0,12.0,140773.0,6625.0,147398.0,861.9766081871345,0.07017543859649122
2852,Läufelfingen,1369,179.0,13.1,18.7,22.6,167.8,BL,Northwestern CH,rural,German,14.0,1.1,53.0,179.0,247.0,479.0,874215.0,54407.0,928622.0,678.3214024835646,0.34989043097151207
2853,Maisprach,937,133.0,14.2,15.6,19.7,184.4,BL,Northwestern CH,rural,German,12.0,1.3,60.0,74.0,86.0,220.0,1371208.0,232862.0,1604070.0,1711.9210245464249,0.23479188900747064
2854,Nusshof,276,40.0,14.5,20.3,18.5,160.5,BL,Northwestern CH,rural,German,,,32.0,,47.0,79.0,363834.0,97259.0,461093.0,1670.626811594203,0.286231884057971
2855,Oltingen,524,32.0,6.1,23.5,19.7,73.0,BL,Northwestern CH,rural,German,8.0,1.6,60.0,44.0,60.0,164.0,279768.0,5840.0,285608.0,545.0534351145038,0.31297709923664124
2856,Ormalingen,2330,285.0,12.2,20.2,22.0,336.2,BL,Northwestern CH,intermediate,German,32.0,1.4,67.0,338.0,473.0,878.0,2026560.0,94174.0,2120734.0,910.1862660944206,0.37682403433476397
2857,Rickenbach (BL),581,56.0,9.6,18.6,20.0,200.3,BL,Northwestern CH,rural,German,9.0,1.5,35.0,17.0,60.0,112.0,488568.0,14694.0,503262.0,866.1996557659209,0.1927710843373494
2858,Rothenfluh,780,98.0,12.6,20.1,20.0,71.2,BL,Northwestern CH,rural,German,,,46.0,49.0,73.0,168.0,610304.0,63804.0,674108.0,864.2410256410257,0.2153846153846154
2859,Rümlingen,439,90.0,20.5,24.8,16.2,192.5,BL,Northwestern CH,rural,German,14.0,3.2,16.0,91.0,43.0,150.0,168306.0,3117.0,171423.0,390.4851936218679,0.3416856492027335
2860,Rünenberg,777,62.0,8.0,16.3,28.3,156.3,BL,Northwestern CH,rural,German,7.0,0.9,31.0,29.0,86.0,146.0,775960.0,26757.0,802717.0,1033.097812097812,0.1879021879021879
2861,Sissach,6812,1186.0,17.4,19.6,21.3,765.4,BL,Northwestern CH,intermediate,German,94.0,1.4,103.0,1406.0,2843.0,4352.0,7988182.0,1730332.0,9718514.0,1426.675572519084,0.6388725778038755
2862,Tecknau,818,249.0,30.4,19.3,20.4,349.6,BL,Northwestern CH,rural,German,33.0,4.1,5.0,94.0,50.0,149.0,574885.0,10280.0,585165.0,715.3606356968215,0.1821515892420538
2863,Tenniken,907,109.0,12.0,19.1,25.9,194.2,BL,Northwestern CH,rural,German,,,23.0,267.0,117.0,407.0,671238.0,118659.0,789897.0,870.8897464167585,0.4487320837927233
2864,Thürnen,1425,301.0,21.1,17.0,22.7,630.5,BL,Northwestern CH,intermediate,German,12.0,0.9,23.0,111.0,145.0,279.0,971493.0,229632.0,1201125.0,842.8947368421053,0.1957894736842105
2865,Wenslingen,692,38.0,5.5,19.4,27.9,116.9,BL,Northwestern CH,rural,German,,,27.0,20.0,132.0,179.0,472246.0,64716.0,536962.0,775.956647398844,0.2586705202312139
2866,Wintersingen,616,73.0,11.9,16.4,24.7,88.6,BL,Northwestern CH,rural,German,11.0,1.7,49.0,23.0,106.0,178.0,499160.0,83587.0,582747.0,946.0178571428571,0.288961038961039
2867,Wittinsburg,428,15.0,3.5,18.2,18.9,133.8,BL,Northwestern CH,rural,German,,,18.0,56.0,73.0,147.0,473529.0,23842.0,497371.0,1162.0817757009345,0.34345794392523366
2868,Zeglingen,502,39.0,7.8,21.3,22.5,63.5,BL,Northwestern CH,rural,German,,,43.0,19.0,43.0,105.0,304742.0,3112.0,307854.0,613.2549800796813,0.20916334661354583
2869,Zunzgen,2719,547.0,20.1,18.4,24.0,396.4,BL,Northwestern CH,intermediate,German,48.0,1.8,90.0,135.0,321.0,546.0,1576977.0,172950.0,1749927.0,643.5921294593601,0.20080912100036777
2881,Arboldswil,591,53.0,9.0,19.3,25.0,170.3,BL,Northwestern CH,rural,German,,,18.0,7.0,63.0,88.0,706369.0,77636.0,784005.0,1326.5736040609138,0.14890016920473773
2882,Bennwil,659,42.0,6.4,24.1,19.9,100.9,BL,Northwestern CH,rural,German,11.0,1.7,43.0,105.0,56.0,204.0,623686.0,40128.0,663814.0,1007.3050075872534,0.3095599393019727
2883,Bretzwil,749,64.0,8.5,20.6,21.1,102.2,BL,Northwestern CH,rural,German,,,61.0,27.0,80.0,168.0,402112.0,9891.0,412003.0,550.0707610146862,0.22429906542056074
2884,Diegten,1636,187.0,11.4,20.8,18.3,169.7,BL,Northwestern CH,rural,German,14.0,0.8,115.0,107.0,242.0,464.0,1232013.0,42135.0,1274148.0,778.8190709046455,0.28361858190709044
2885,Eptingen,563,69.0,12.3,19.5,18.8,50.4,BL,Northwestern CH,rural,German,,,74.0,81.0,201.0,356.0,254415.0,71030.0,325445.0,578.0550621669627,0.6323268206039077
2886,Hölstein,2609,469.0,18.0,21.5,20.9,432.7,BL,Northwestern CH,intermediate,German,52.0,2.0,33.0,561.0,359.0,953.0,2144722.0,189421.0,2334143.0,894.6504407819087,0.3652740513606746
2887,Lampenberg,546,37.0,6.8,22.2,24.7,136.2,BL,Northwestern CH,intermediate,German,,,15.0,5.0,42.0,62.0,566604.0,46190.0,612794.0,1122.3333333333333,0.11355311355311355
2888,Langenbruck,965,172.0,17.8,15.1,23.7,61.6,BL,Northwestern CH,rural,German,11.0,1.2,70.0,22.0,268.0,360.0,418947.0,23138.0,442085.0,458.11917098445593,0.37305699481865284
2889,Lauwil,317,28.0,8.8,19.2,23.3,43.4,BL,Northwestern CH,rural,German,,,24.0,28.0,24.0,76.0,161228.0,2964.0,164192.0,517.9558359621451,0.23974763406940064
2890,Liedertswil,163,16.0,9.8,20.2,23.3,84.0,BL,Northwestern CH,rural,German,,,9.0,54.0,43.0,106.0,73415.0,3719.0,77134.0,473.2147239263804,0.6503067484662577
2891,Niederdorf,1791,451.0,25.2,17.8,24.2,406.1,BL,Northwestern CH,intermediate,German,69.0,3.8,25.0,233.0,575.0,833.0,1071625.0,114891.0,1186516.0,662.4879955332217,0.4651032942490229
2892,Oberdorf (BL),2426,548.0,22.6,20.7,21.4,390.7,BL,Northwestern CH,intermediate,German,109.0,4.4,26.0,231.0,571.0,828.0,1361577.0,139307.0,1500884.0,618.6661170651278,0.34130255564715584
2893,Reigoldswil,1560,167.0,10.7,20.4,22.2,168.6,BL,Northwestern CH,rural,German,23.0,1.5,62.0,81.0,362.0,505.0,918861.0,93535.0,1012396.0,648.9717948717948,0.32371794871794873
2894,Titterten,413,44.0,10.7,15.0,26.6,111.3,BL,Northwestern CH,rural,German,9.0,2.1,29.0,14.0,85.0,128.0,294581.0,10719.0,305300.0,739.2251815980629,0.3099273607748184
2895,Waldenburg,1099,326.0,29.7,16.0,21.7,132.1,BL,Northwestern CH,intermediate,German,47.0,4.2,41.0,212.0,106.0,359.0,558994.0,76178.0,635172.0,577.9545040946315,0.32666060054595086
29,Flurlingen,1513,228.0,15.1,19.8,19.3,625.2,ZH,Zurich,urban,German,8.0,0.5,,160.0,311.0,471.0,2408439.85,576400.1,2984839.95,1972.795736946464,0.3113020489094514
2901,Gächlingen,929,94.0,10.1,22.5,22.1,130.3,SH,Eastern CH,rural,German,14.0,1.5,77.0,51.0,97.0,225.0,582740.3,24152.4,606892.7000000001,653.2752421959096,0.24219590958019377
2903,Löhningen,1615,256.0,15.9,24.1,19.3,236.5,SH,Eastern CH,rural,German,25.0,1.6,56.0,121.0,138.0,315.0,1396786.4,159022.5,1555808.9,963.3491640866872,0.19504643962848298
2904,Neunkirch,2506,462.0,18.4,20.1,20.9,139.8,SH,Eastern CH,intermediate,German,59.0,2.4,64.0,353.0,514.0,931.0,1430478.05,218547.8,1649025.85,658.031065442937,0.3715083798882682
291,Andelfingen,3431,401.0,11.7,23.0,20.1,201.9,ZH,Zurich,intermediate,German,58.0,1.7,134.0,778.0,1166.0,2078.0,4327511.100000001,498149.75,4825660.850000001,1406.4881521422328,0.6056543281842028
2914,Büttenhardt,420,45.0,10.7,21.9,25.7,105.0,SH,Eastern CH,rural,German,,,30.0,22.0,31.0,83.0,308882.5,68130.05,377012.55,897.6489285714285,0.1976190476190476
2915,Dörflingen,1052,192.0,18.3,20.5,21.6,180.8,SH,Eastern CH,rural,German,,,55.0,78.0,97.0,230.0,970102.7,373727.05,1343829.75,1277.4047053231939,0.21863117870722434
2917,Lohn (SH),759,74.0,9.7,24.5,20.0,155.9,SH,Eastern CH,rural,German,7.0,0.9,17.0,59.0,93.0,169.0,585003.5,45787.0,630790.5,831.0810276679842,0.22266139657444006
2919,Stetten (SH),1467,274.0,18.7,24.3,16.7,310.8,SH,Eastern CH,rural,German,,,21.0,9.0,161.0,191.0,2515328.15,1174566.45,3689894.5999999996,2515.265576005453,0.1301976823449216
292,Stammheim,2879,284.0,9.9,21.5,23.0,120.2,ZH,Zurich,rural,German,9.0,0.3,418.0,402.0,590.0,1410.0,2342793.3,90533.55,2433326.8499999996,845.1986279958318,0.48975338659256684
2920,Thayngen,5690,1433.0,25.2,20.8,21.9,285.6,SH,Eastern CH,intermediate,German,42.0,0.7,190.0,788.0,1529.0,2507.0,3356784.4,1004744.65,4361529.05,766.5253163444639,0.44059753954305797
293,Wädenswil,25193,5705.0,22.6,19.5,21.0,706.9,ZH,Zurich,urban,German,552.0,2.2,416.0,1684.0,8285.0,10385.0,34989478.3,13436230.25,48425708.55,1922.1890425911959,0.4122176795141508
2931,Bargen (SH),322,81.0,25.2,14.9,17.4,38.9,SH,Eastern CH,rural,German,,,26.0,15.0,54.0,95.0,150717.4,58509.0,209226.4,649.7714285714286,0.2950310559006211
2932,Beringen,5153,1273.0,24.7,20.3,19.9,275.9,SH,Eastern CH,intermediate,German,80.0,1.6,59.0,1605.0,955.0,2619.0,3166057.0,700901.05,3866958.05,750.428497962352,0.5082476227440326
2933,Buchberg,880,81.0,9.2,18.9,23.6,150.2,SH,Eastern CH,rural,German,,,56.0,61.0,132.0,249.0,4346357.85,262798.2,4609156.05,5237.677329545454,0.28295454545454546
2936,Merishausen,873,110.0,12.6,23.3,19.5,49.7,SH,Eastern CH,rural,German,,,30.0,53.0,93.0,176.0,425986.9,121888.3,547875.2000000001,627.5775486827034,0.2016036655211913
2937,Neuhausen am Rheinfall,10893,4753.0,43.6,18.3,21.2,1361.6,SH,Eastern CH,urban,German,502.0,4.8,41.0,1510.0,4058.0,5609.0,5490479.4,1084585.75,6575065.15,603.6046222344626,0.5149178371431195
2938,Rüdlingen,809,105.0,13.0,19.8,22.9,146.8,SH,Eastern CH,rural,German,,,51.0,45.0,133.0,229.0,1264776.05,509195.85,1773971.9,2192.7959208899874,0.2830655129789864
2939,Schaffhausen,37713,11055.0,29.3,17.7,22.0,901.1,SH,Eastern CH,urban,German,1569.0,4.2,105.0,7025.0,21447.0,28577.0,26873217.15,9962596.7,36835813.849999994,976.7404833876911,0.7577493172115716
294,Elgg,5071,981.0,19.3,21.2,19.1,207.9,ZH,Zurich,intermediate,German,90.0,1.8,108.0,493.0,1111.0,1712.0,4105726.65,664450.2,4770176.85,940.6777460067048,0.3376059948728061
295,Horgen,23628,7096.0,30.0,20.9,18.7,766.6,ZH,Zurich,urban,German,559.0,2.4,182.0,1299.0,8998.0,10479.0,41854067.15,19873924.45,61727991.599999994,2612.4932960893852,0.4434992381919756
2951,Beggingen,467,39.0,8.4,18.0,27.8,37.1,SH,Eastern CH,rural,German,15.0,3.2,53.0,18.0,61.0,132.0,187955.9,72273.05,260228.95,557.2354389721628,0.2826552462526767
2952,Schleitheim,1738,310.0,17.8,19.1,25.6,80.4,SH,Eastern CH,rural,German,30.0,1.8,96.0,239.0,336.0,671.0,851062.1,346307.9,1197370.0,688.9355581127733,0.3860759493670886
2953,Siblingen,888,131.0,14.8,20.6,23.5,94.3,SH,Eastern CH,rural,German,15.0,1.7,53.0,41.0,96.0,190.0,605539.95,43208.05,648748.0,730.572072072072,0.21396396396396397
296,Illnau-Effretikon,17564,4940.0,28.1,19.6,19.7,533.7,ZH,Zurich,urban,German,475.0,2.7,226.0,1787.0,4827.0,6840.0,14678178.45,2211242.1,16889420.55,961.5930625142337,0.3894329309952175
2961,Buch (SH),310,84.0,27.1,13.5,25.8,81.6,SH,Eastern CH,rural,German,6.0,2.0,20.0,8.0,51.0,79.0,173223.1,83326.95,256550.05,827.5808064516128,0.25483870967741934
2962,Hemishofen,478,103.0,21.5,16.1,21.3,60.6,SH,Eastern CH,rural,German,,,47.0,9.0,54.0,110.0,709554.8,84447.5,794002.3,1661.0926778242679,0.2301255230125523
2963,Ramsen,1540,461.0,29.9,18.5,19.0,114.1,SH,Eastern CH,rural,German,34.0,2.2,93.0,193.0,507.0,793.0,602810.7,471064.25,1073874.95,697.3213961038961,0.5149350649350649
2964,Stein am Rhein,3571,840.0,23.5,16.4,27.9,616.8,SH,Eastern CH,intermediate,German,75.0,2.1,29.0,586.0,1239.0,1854.0,2832344.7,817311.7,3649656.4000000004,1022.0264351722208,0.5191823018762252
297,Bauma,4924,789.0,16.0,19.9,19.5,166.7,ZH,Zurich,intermediate,German,62.0,1.3,155.0,492.0,1289.0,1936.0,3826065.9,333662.05,4159727.9499999997,844.7863424045491,0.3931762794476036
2971,Hallau,2335,426.0,18.2,21.4,24.3,152.4,SH,Eastern CH,intermediate,German,32.0,1.4,214.0,398.0,525.0,1137.0,1260293.95,154765.65,1415059.5999999999,606.0212419700214,0.48693790149892935
2972,Oberhallau,429,43.0,10.0,19.6,20.5,70.9,SH,Eastern CH,rural,German,,,83.0,10.0,48.0,141.0,272016.3,37799.4,309815.7,722.1811188811189,0.32867132867132864
2973,Trasadingen,639,168.0,26.3,19.6,21.1,154.3,SH,Eastern CH,intermediate,German,13.0,2.0,64.0,104.0,89.0,257.0,262737.65,66962.85,329700.5,515.9632237871674,0.40219092331768386
2974,Wilchingen,1738,255.0,14.7,19.6,23.6,82.4,SH,Eastern CH,rural,German,25.0,1.5,186.0,279.0,433.0,898.0,1077713.85,123204.65,1200918.5,690.9772727272727,0.5166858457997698
298,Wiesendangen,6710,633.0,9.4,21.3,21.1,350.0,ZH,Zurich,intermediate,German,86.0,1.3,149.0,276.0,1186.0,1611.0,8179088.75,847341.5,9026430.25,1345.220603576751,0.24008941877794338
3,Bonstetten,5624,1007.0,17.9,23.3,17.6,756.9,ZH,Zurich,intermediate,German,49.0,0.9,41.0,144.0,853.0,1038.0,7695836.65,1141860.25,8837696.9,1571.4254800853487,0.1845661450924609
3001,Herisau,15744,3784.0,24.0,19.2,20.1,624.8,AR,Eastern CH,urban,German,614.0,3.9,182.0,2994.0,6945.0,10121.0,10796901.45,1956317.75,12753219.2,810.0367886178861,0.642848069105691
3002,Hundwil,931,62.0,6.7,27.9,15.7,38.7,AR,Eastern CH,rural,German,6.0,0.6,149.0,52.0,358.0,559.0,267955.25,16581.0,284536.25,305.62432867883996,0.6004296455424275
3003,Schönengrund,545,28.0,5.1,23.9,19.3,105.0,AR,Eastern CH,rural,German,7.0,1.3,42.0,24.0,107.0,173.0,212805.2,4037.7,216842.90000000002,397.876880733945,0.3174311926605505
3004,Schwellbrunn,1561,103.0,6.6,26.5,18.9,89.6,AR,Eastern CH,rural,German,12.0,0.8,147.0,135.0,340.0,622.0,809671.6,51578.25,861249.85,551.7295643818065,0.39846252402306215
3005,Stein (AR),1437,94.0,6.5,21.9,20.7,153.5,AR,Eastern CH,rural,German,,,79.0,131.0,321.0,531.0,1057924.0,264023.05,1321947.05,919.935316631872,0.3695198329853862
3006,Urnäsch,2300,234.0,10.2,22.5,20.8,47.8,AR,Eastern CH,rural,German,38.0,1.7,206.0,222.0,576.0,1004.0,1062910.7,88450.95,1151361.65,500.5920217391304,0.4365217391304348
3007,Waldstatt,1849,188.0,10.2,22.1,23.0,273.9,AR,Eastern CH,intermediate,German,23.0,1.3,57.0,580.0,357.0,994.0,998768.25,208584.35,1207352.6,652.9759870200108,0.5375878853434288
301,Aarberg,4629,634.0,13.7,19.7,23.3,583.7,BE,Espace Mittelland,intermediate,German,125.0,2.7,134.0,845.0,2037.0,3016.0,3179398.6,299474.45,3478873.0500000003,751.5387880751783,0.6515446100669691
302,Bargen (BE),1100,130.0,11.8,22.0,21.1,139.9,BE,Espace Mittelland,intermediate,German,15.0,1.4,50.0,192.0,125.0,367.0,485081.7,18146.7,503228.4,457.4803636363637,0.3336363636363636
3021,Bühler,1841,466.0,25.3,22.8,17.6,328.8,AR,Eastern CH,intermediate,German,25.0,1.3,50.0,358.0,361.0,769.0,937307.6,124768.9,1062076.5,576.9019554589897,0.4177077675176534
3022,Gais,3116,398.0,12.8,20.7,21.4,146.9,AR,Eastern CH,intermediate,German,31.0,1.0,93.0,327.0,1081.0,1501.0,2727414.05,327938.75,3055352.8,980.5368421052631,0.4817073170731707
3023,Speicher,4430,514.0,11.6,22.6,20.9,541.6,AR,Eastern CH,intermediate,German,59.0,1.3,55.0,222.0,1135.0,1412.0,5417999.45,1163068.15,6581067.6,1485.5683069977426,0.31873589164785554
3024,Teufen (AR),6438,799.0,12.4,18.7,22.7,422.2,AR,Eastern CH,intermediate,German,90.0,1.4,125.0,515.0,2233.0,2873.0,11841745.15,4111684.2,15953429.350000001,2478.0101506679093,0.44625660142901524
3025,Trogen,1845,233.0,12.6,23.4,20.1,183.9,AR,Eastern CH,intermediate,German,49.0,2.6,54.0,163.0,764.0,981.0,2129295.3,294124.5,2423419.8,1313.5066666666667,0.5317073170731708
303,Grossaffoltern,3064,205.0,6.7,19.1,23.1,203.2,BE,Espace Mittelland,intermediate,German,40.0,1.3,186.0,200.0,341.0,727.0,1944585.85,195774.55,2140360.4,698.551044386423,0.2372715404699739
3031,Grub (AR),984,142.0,14.4,20.5,22.0,233.7,AR,Eastern CH,intermediate,German,28.0,2.8,52.0,38.0,196.0,286.0,420718.8,644965.85,1065684.65,1083.0128556910568,0.29065040650406504
3032,Heiden,4225,886.0,21.0,19.1,23.4,564.8,AR,Eastern CH,intermediate,German,57.0,1.3,74.0,814.0,1668.0,2556.0,3345977.35,1572772.75,4918750.1,1164.2012071005915,0.6049704142011835
3033,Lutzenberg,1312,258.0,19.7,19.7,19.4,583.1,AR,Eastern CH,intermediate,German,23.0,1.8,29.0,49.0,247.0,325.0,751441.45,253091.8,1004533.25,765.6503429878048,0.24771341463414634
3034,Rehetobel,1726,200.0,11.6,19.3,20.9,256.8,AR,Eastern CH,rural,German,16.0,0.9,48.0,91.0,417.0,556.0,1227720.2,679562.0,1907282.2,1105.0302433371958,0.32213209733487835
3035,Reute (AR),697,128.0,18.4,14.2,26.5,139.7,AR,Eastern CH,rural,German,,,24.0,38.0,139.0,201.0,512198.25,114934.95,627133.2,899.7606886657101,0.2883787661406026
3036,Wald (AR),914,78.0,8.5,21.6,20.0,133.8,AR,Eastern CH,rural,German,8.0,0.9,55.0,136.0,133.0,324.0,566325.45,39315.2,605640.6499999999,662.6265317286651,0.3544857768052516
3037,Walzenhausen,1984,453.0,22.8,16.6,20.9,283.4,AR,Eastern CH,intermediate,German,16.0,0.8,42.0,323.0,854.0,1219.0,1278976.85,590775.2,1869752.05,942.4153477822581,0.6144153225806451
3038,Wolfhalden,1880,316.0,16.8,19.7,20.5,271.3,AR,Eastern CH,intermediate,German,20.0,1.1,52.0,279.0,248.0,579.0,1420849.3,321524.4,1742373.7000000002,926.7945212765958,0.3079787234042553
304,Kallnach,2252,189.0,8.4,19.5,22.2,125.3,BE,Espace Mittelland,rural,German,30.0,1.3,263.0,285.0,603.0,1151.0,1356335.95,169310.2,1525646.15,677.4627664298401,0.511101243339254
305,Kappelen,1407,80.0,5.7,19.5,18.9,128.3,BE,Espace Mittelland,intermediate,German,20.0,1.4,107.0,315.0,269.0,691.0,1196665.0,32293.9,1228958.9,873.4604832977967,0.49111584932480457
306,Lyss,16190,3349.0,20.7,19.7,19.6,1091.7,BE,Espace Mittelland,urban,German,765.0,4.8,105.0,3088.0,5517.0,8710.0,11158094.55,661266.0,11819360.55,730.040799876467,0.5379864113650401
307,Meikirch,2558,191.0,7.5,19.9,26.3,250.0,BE,Espace Mittelland,rural,German,44.0,1.7,76.0,112.0,310.0,498.0,2886666.85,125664.1,3012330.95,1177.6117865519939,0.19468334636434714
309,Radelfingen,1260,65.0,5.2,19.7,20.5,85.7,BE,Espace Mittelland,rural,German,18.0,1.4,119.0,40.0,111.0,270.0,815437.6,18515.85,833953.45,661.8678174603174,0.21428571428571427
31,Henggart,2257,203.0,9.0,20.5,21.3,744.9,ZH,Zurich,intermediate,German,24.0,1.0,32.0,384.0,310.0,726.0,2085802.5,300886.6,2386689.1,1057.4608329641117,0.32166592822330525
310,Rapperswil (BE),2675,152.0,5.7,19.8,18.4,118.5,BE,Espace Mittelland,rural,German,24.0,0.9,209.0,327.0,360.0,896.0,3644004.1,283733.9,3927738.0,1468.3132710280374,0.3349532710280374
3101,Appenzell,5864,1159.0,19.8,18.2,21.6,347.4,AI,Eastern CH,urban,German,115.0,2.0,186.0,1548.0,3143.0,4877.0,7703188.2,2016613.45,9719801.65,1657.537798431105,0.8316848567530696
3102,Gonten,1466,67.0,4.6,23.9,23.3,59.3,AI,Eastern CH,rural,German,12.0,0.8,180.0,189.0,378.0,747.0,1391687.65,115329.7,1507017.3499999999,1027.9790927694405,0.509549795361528
3104,Schlatt-Haslen,1108,55.0,5.0,23.7,16.9,61.8,AI,Eastern CH,rural,German,,,194.0,125.0,149.0,468.0,1283214.8,60921.95,1344136.75,1213.1198104693142,0.4223826714801444
311,Schüpfen,3763,274.0,7.3,19.9,20.6,189.7,BE,Espace Mittelland,intermediate,German,103.0,2.7,146.0,268.0,905.0,1319.0,2766203.95,161181.45,2927385.4000000004,777.9392505979273,0.35051820356098856
3111,Oberegg,1928,164.0,8.5,18.4,23.0,132.0,AI,Eastern CH,rural,German,10.0,0.5,110.0,364.0,277.0,751.0,1174164.95,173355.05,1347520.0,698.9211618257261,0.3895228215767635
3112,Schwende-Rüte,6050,461.0,7.6,22.4,18.4,61.5,AI,Eastern CH,urban,German,13.0,0.2,379.0,735.0,1520.0,2634.0,7070319.6,2372834.6,9443154.2,1560.8519338842973,0.4353719008264463
312,Seedorf (BE),3183,238.0,7.5,18.7,22.5,152.5,BE,Espace Mittelland,rural,German,47.0,1.5,202.0,227.0,812.0,1241.0,2499852.35,89083.6,2588935.95,813.363477851084,0.38988375746151427
3201,Häggenschwil,1393,139.0,10.0,25.7,15.2,153.6,SG,Eastern CH,rural,German,,,113.0,122.0,164.0,399.0,1040415.5,35128.7,1075544.2,772.1063890882986,0.2864321608040201
3202,Muolen,1253,123.0,9.8,23.9,14.8,121.3,SG,Eastern CH,rural,German,12.0,1.0,134.0,81.0,243.0,458.0,685398.35,102538.95,787937.2999999999,628.8406225059856,0.3655227454110136
3203,St. Gallen,76931,24958.0,32.4,18.1,17.8,1953.6,SG,Eastern CH,urban,German,3248.0,4.3,146.0,11688.0,75861.0,87695.0,57287727.6,11524330.85,68812058.45,894.4646299931107,1.1399175884883856
3204,Wittenbach,9914,2761.0,27.8,20.8,22.1,812.6,SG,Eastern CH,urban,German,342.0,3.5,93.0,971.0,2377.0,3441.0,5465193.75,858857.7,6324051.45,637.891007665927,0.3470849304014525
321,Aarwangen,4793,865.0,18.0,20.3,20.8,484.1,BE,Espace Mittelland,rural,German,163.0,3.5,73.0,580.0,819.0,1472.0,2839086.8,139517.7,2978604.5,621.4488837888588,0.30711454204047567
3211,Berg (SG),988,118.0,11.9,23.7,18.1,262.8,SG,Eastern CH,intermediate,German,,,66.0,12.0,87.0,165.0,1118842.1,221072.8,1339914.9000000001,1356.189170040486,0.16700404858299595
3212,Eggersriet,2364,224.0,9.5,23.9,23.9,265.6,SG,Eastern CH,rural,German,17.0,0.7,75.0,41.0,328.0,444.0,1924987.2,196014.25,2121001.45,897.2087351945855,0.18781725888324874
3213,Goldach,9562,2481.0,25.9,18.8,22.2,2030.1,SG,Eastern CH,urban,German,171.0,1.8,80.0,1928.0,2522.0,4530.0,7325972.65,957933.45,8283906.100000001,866.336132608241,0.47375026145157917
3214,Mörschwil,3619,309.0,8.5,21.1,21.1,367.8,SG,Eastern CH,intermediate,German,6.0,0.2,99.0,259.0,839.0,1197.0,7727235.0,1312678.95,9039913.95,2497.9038270240394,0.3307543520309478
3215,Rorschach,9777,4945.0,50.6,18.1,18.6,5492.7,SG,Eastern CH,urban,German,286.0,3.0,0.0,1168.0,4079.0,5247.0,3949984.35,708177.3,4658161.65,476.4407947223075,0.5366676894752992
3216,Rorschacherberg,7620,2260.0,29.7,18.0,21.3,1074.8,SG,Eastern CH,urban,German,109.0,1.4,47.0,358.0,1606.0,2011.0,6650446.4,1314124.3,7964570.7,1045.219251968504,0.2639107611548556
3217,Steinach,3583,869.0,24.3,19.1,21.5,796.2,SG,Eastern CH,urban,German,56.0,1.6,83.0,1259.0,611.0,1953.0,2409421.25,187981.45,2597402.7,724.9240022327659,0.5450739603684064
3218,Tübach,1587,206.0,13.0,23.3,18.2,797.5,SG,Eastern CH,urban,German,,,22.0,276.0,494.0,792.0,1594065.85,425070.65,2019136.5,1272.2977315689982,0.499054820415879
3219,Untereggen,1026,84.0,8.2,22.2,16.8,143.9,SG,Eastern CH,rural,German,6.0,0.6,56.0,79.0,144.0,279.0,901960.15,97755.6,999715.75,974.3818226120858,0.2719298245614035
322,Auswil,458,12.0,2.6,21.2,21.4,99.1,BE,Espace Mittelland,rural,German,,,75.0,8.0,53.0,136.0,135184.2,0.0,135184.2,295.1620087336245,0.29694323144104806
323,Bannwil,696,60.0,8.6,20.3,21.4,145.6,BE,Espace Mittelland,rural,German,15.0,2.2,48.0,56.0,207.0,311.0,374550.35,18467.35,393017.69999999995,564.6806034482757,0.4468390804597701
3231,Au (SG),8252,3046.0,36.9,19.4,18.5,1774.6,SG,Eastern CH,urban,German,151.0,1.9,29.0,1749.0,2989.0,4767.0,5150271.1,2059677.05,7209948.149999999,873.7212978671837,0.5776781386330586
3232,Balgach,5067,1220.0,24.1,20.0,16.8,777.1,SG,Eastern CH,urban,German,35.0,0.7,78.0,2921.0,1632.0,4631.0,6278992.85,1815087.9,8094080.75,1597.4108446812709,0.9139530294059601
3233,Berneck,3963,771.0,19.5,20.3,20.9,705.2,SG,Eastern CH,urban,German,42.0,1.1,79.0,1012.0,1293.0,2384.0,3288511.65,730017.45,4018529.0999999996,1014.0118849356547,0.6015644713600807
3234,Diepoldsau,6889,1778.0,25.8,21.1,17.1,612.4,SG,Eastern CH,urban,German,54.0,0.8,278.0,1531.0,2038.0,3847.0,4464653.3,688086.2,5152739.5,747.966250544346,0.5584264769923066
3235,Rheineck,3481,1192.0,34.2,17.5,21.3,1575.1,SG,Eastern CH,intermediate,German,75.0,2.2,19.0,624.0,942.0,1585.0,1353169.75,242594.2,1595763.95,458.4211289859236,0.4553289284688308
3236,St. Margrethen,6249,3202.0,51.2,20.2,17.2,909.6,SG,Eastern CH,urban,German,107.0,1.8,39.0,2377.0,2239.0,4655.0,2225649.2,383710.7,2609359.9000000004,417.56439430308853,0.7449191870699312
3237,Thal,6914,1641.0,23.7,18.9,19.6,715.7,SG,Eastern CH,urban,German,63.0,0.9,72.0,1598.0,2047.0,3717.0,5563060.65,1155679.3,6718739.95,971.7587431298814,0.5376048597049465
3238,Widnau,10178,2906.0,28.6,20.8,16.4,2411.8,SG,Eastern CH,urban,German,114.0,1.1,16.0,1655.0,3620.0,5291.0,7425974.1,1298043.3,8724017.4,857.1445667125172,0.5198467282373748
324,Bleienbach,748,36.0,4.8,19.4,24.5,131.5,BE,Espace Mittelland,rural,German,11.0,1.5,52.0,202.0,174.0,428.0,330945.4,24334.95,355280.35000000003,474.9737299465241,0.5721925133689839
325,Busswil bei Melchnau,173,3.0,1.7,12.1,27.2,60.5,BE,Espace Mittelland,rural,German,,,33.0,8.0,9.0,50.0,115580.7,3561.9,119142.59999999999,688.6855491329479,0.28901734104046245
3251,Altstätten,12278,3739.0,30.5,20.2,18.8,311.2,SG,Eastern CH,urban,German,129.0,1.1,351.0,2675.0,4675.0,7701.0,7076896.45,1708487.95,8785384.4,715.5387196611827,0.6272194168431341
3252,Eichberg,1556,253.0,16.3,21.4,15.4,286.0,SG,Eastern CH,rural,German,6.0,0.4,36.0,80.0,173.0,289.0,766289.5,275846.65,1042136.15,669.7533097686376,0.18573264781491003
3253,Marbach (SG),2137,433.0,20.3,20.4,17.0,487.9,SG,Eastern CH,urban,German,6.0,0.3,103.0,180.0,439.0,722.0,1318868.05,156381.15,1475249.2,690.336546560599,0.33785680861020123
3254,Oberriet (SG),9180,1722.0,18.8,21.4,16.6,265.3,SG,Eastern CH,intermediate,German,29.0,0.3,285.0,2595.0,2365.0,5245.0,5398198.4,950111.85,6348310.25,691.5370642701525,0.5713507625272332
3255,Rebstein,4906,1648.0,33.6,19.0,18.0,1117.5,SG,Eastern CH,urban,German,80.0,1.7,27.0,440.0,1257.0,1724.0,3110889.95,555051.2,3665941.1500000004,747.2362719119446,0.35140644109253977
3256,Rüthi (SG),2472,585.0,23.7,21.7,15.7,265.0,SG,Eastern CH,rural,German,6.0,0.2,37.0,801.0,461.0,1299.0,1234627.25,210130.35,1444757.6,584.4488673139159,0.5254854368932039
326,Gondiswil,738,22.0,3.0,22.1,22.0,78.4,BE,Espace Mittelland,rural,German,6.0,0.8,123.0,69.0,51.0,243.0,248137.1,2818.15,250955.25,340.0477642276423,0.32926829268292684
3271,Buchs (SG),13605,5946.0,43.7,20.9,16.5,853.0,SG,Eastern CH,urban,German,141.0,1.1,115.0,1943.0,6155.0,8213.0,8096056.9,2627814.4,10723871.3,788.2301580301361,0.6036751194413819
3272,Gams,3606,868.0,24.1,23.1,17.7,161.9,SG,Eastern CH,intermediate,German,30.0,0.8,153.0,503.0,591.0,1247.0,2219470.6,390162.2,2609632.8000000003,723.691846921797,0.34581253466444817
3273,Grabs,7302,1527.0,20.9,21.9,19.6,133.6,SG,Eastern CH,urban,German,83.0,1.1,209.0,1273.0,2307.0,3789.0,4525812.35,1322662.8,5848475.149999999,800.9415434127635,0.518898931799507
3274,Sennwald,6101,2124.0,34.8,18.2,16.3,146.8,SG,Eastern CH,rural,German,52.0,0.9,184.0,2789.0,1496.0,4469.0,3489252.55,822508.15,4311760.7,706.7301589903295,0.7325028683822324
3275,Sevelen,5279,2066.0,39.1,21.7,16.9,174.1,SG,Eastern CH,intermediate,German,120.0,2.3,116.0,1197.0,857.0,2170.0,2407771.1,840454.1,3248225.2,615.3107027846183,0.41106270126917976
3276,Wartau,5395,1752.0,32.5,21.9,18.2,129.2,SG,Eastern CH,rural,German,84.0,1.6,212.0,1018.0,1037.0,2267.0,2404193.05,324594.45,2728787.5,505.7993512511585,0.4202038924930491
329,Langenthal,15838,3831.0,24.2,19.5,22.0,749.6,BE,Espace Mittelland,urban,German,977.0,6.2,109.0,3410.0,9643.0,13162.0,10374581.9,1238163.35,11612745.25,733.2204350296755,0.8310392726354338
3291,Bad Ragaz,6663,2003.0,30.1,17.9,20.2,262.3,SG,Eastern CH,intermediate,German,70.0,1.1,98.0,885.0,2792.0,3775.0,4685485.5,1373550.15,6059035.65,909.3554930211617,0.5665616088848867
3292,Flums,5211,1180.0,22.6,20.7,19.0,69.3,SG,Eastern CH,intermediate,German,61.0,1.2,249.0,947.0,1313.0,2509.0,2150068.6,310248.55,2460317.15,472.1391575513337,0.48148148148148145
3293,Mels,9311,1784.0,19.2,21.9,18.2,66.9,SG,Eastern CH,urban,German,131.0,1.5,285.0,806.0,2465.0,3556.0,5177055.65,566343.0,5743398.65,616.840151433788,0.3819138653205886
3294,Pfäfers,1563,216.0,13.8,20.3,22.6,12.2,SG,Eastern CH,rural,German,15.0,1.0,118.0,50.0,1103.0,1271.0,637820.5,86183.65,724004.15,463.21442738323736,0.8131797824696098
3295,Quarten,3000,565.0,18.8,17.5,21.9,48.6,SG,Eastern CH,rural,German,9.0,0.3,116.0,215.0,934.0,1265.0,1545809.6,517699.75,2063509.35,687.83645,0.4216666666666667
3296,Sargans,6443,1880.0,29.2,20.6,18.2,681.1,SG,Eastern CH,urban,German,59.0,0.9,71.0,1161.0,3161.0,4393.0,3639438.6,434757.5,4074196.1,632.3445755083036,0.6818252366909825
3297,Vilters-Wangs,5015,866.0,17.3,22.6,19.8,153.3,SG,Eastern CH,urban,German,22.0,0.4,102.0,533.0,1217.0,1852.0,2782347.75,315613.7,3097961.45,617.7390727816551,0.3692921236291127
3298,Walenstadt,5763,1057.0,18.3,20.4,22.0,126.0,SG,Eastern CH,intermediate,German,42.0,0.7,126.0,471.0,1565.0,2162.0,3938518.9,537663.8,4476182.7,776.7105153565851,0.37515183064376195
33,Kleinandelfingen,2132,261.0,12.2,21.7,20.2,207.2,ZH,Zurich,intermediate,German,33.0,1.5,51.0,527.0,574.0,1152.0,2198312.15,174404.3,2372716.4499999997,1112.9064024390243,0.5403377110694184
331,Lotzwil,2672,463.0,17.3,21.9,19.7,429.6,BE,Espace Mittelland,urban,German,131.0,4.8,38.0,432.0,473.0,943.0,1341996.2,76317.75,1418313.95,530.8061190119761,0.3529191616766467
3311,Amden,1847,198.0,10.7,17.7,28.1,42.9,SG,Eastern CH,rural,German,10.0,0.5,115.0,50.0,399.0,564.0,1833081.95,371722.7,2204804.65,1193.722062804548,0.3053600433134813
3312,Benken (SG),3018,370.0,12.3,24.4,16.7,183.0,SG,Eastern CH,rural,German,27.0,0.9,216.0,628.0,412.0,1256.0,1836617.2,194826.55,2031443.75,673.1092611000663,0.4161696487740225
3313,Kaltbrunn,5051,967.0,19.1,22.4,16.6,271.0,SG,Eastern CH,urban,German,122.0,2.4,128.0,753.0,983.0,1864.0,3234857.8,258810.9,3493668.6999999997,691.6786180954266,0.36903583448822014
3315,Schänis,4021,590.0,14.7,22.8,18.3,100.8,SG,Eastern CH,intermediate,German,82.0,2.1,235.0,446.0,782.0,1463.0,1759640.75,183741.0,1943381.75,483.308070131808,0.36383984083561305
3316,Weesen,1845,263.0,14.3,19.1,22.5,341.7,SG,Eastern CH,intermediate,German,36.0,2.0,25.0,30.0,425.0,480.0,1597427.65,260507.05,1857934.7,1007.0106775067751,0.2601626016260163
332,Madiswil,3335,205.0,6.1,20.1,22.8,143.9,BE,Espace Mittelland,rural,German,80.0,2.4,238.0,241.0,775.0,1254.0,1639554.6,183256.9,1822811.5,546.5701649175412,0.3760119940029985
333,Melchnau,1482,201.0,13.6,20.3,23.1,144.2,BE,Espace Mittelland,rural,German,69.0,4.6,99.0,130.0,392.0,621.0,795889.9,7953.4,803843.3,542.4043859649123,0.4190283400809717
3338,Schmerikon,4110,1075.0,26.2,19.9,21.0,990.4,SG,Eastern CH,urban,German,62.0,1.5,23.0,727.0,1064.0,1814.0,3809847.2,678463.65,4488310.850000001,1092.0464355231145,0.44136253041362533
3339,Uznach,6850,2039.0,29.8,22.0,18.2,908.5,SG,Eastern CH,urban,German,114.0,1.7,40.0,950.0,2609.0,3599.0,4494766.2,298429.95,4793196.15,699.7366642335767,0.5254014598540147
3340,Rapperswil-Jona,28252,5441.0,19.3,18.8,21.5,1269.2,SG,Eastern CH,urban,German,473.0,1.7,80.0,3351.0,15481.0,18912.0,40816605.9,9652851.05,50469456.95,1786.4029785501912,0.6694039360045306
3341,Gommiswald,5564,778.0,14.0,19.5,19.8,165.6,SG,Eastern CH,rural,German,44.0,0.8,204.0,433.0,804.0,1441.0,5664224.8,466526.8,6130751.6,1101.860460100647,0.2589863407620417
3342,Eschenbach (SG),9996,1663.0,16.6,21.7,18.2,182.1,SG,Eastern CH,intermediate,German,113.0,1.1,407.0,1963.0,1731.0,4101.0,7651233.05,1504204.55,9155437.6,915.9101240496199,0.4102641056422569
335,Oeschenbach,223,6.0,2.7,14.3,30.9,56.9,BE,Espace Mittelland,rural,German,,,54.0,16.0,28.0,98.0,85967.9,0.0,85967.9,385.5062780269058,0.43946188340807174
3352,Ebnat-Kappel,4979,691.0,13.9,20.5,25.3,114.3,SG,Eastern CH,intermediate,German,107.0,2.1,176.0,1095.0,1031.0,2302.0,2418006.05,106753.85,2524759.9,507.0817232375979,0.46234183570998194
3359,Wildhaus-Alt St. Johann,2612,354.0,13.6,21.0,26.0,29.8,SG,Eastern CH,rural,German,11.0,0.4,237.0,316.0,1076.0,1629.0,1148844.3,181329.05,1330173.35,509.2547281776417,0.6236600306278713
336,Reisiswil,171,9.0,5.3,21.6,16.4,85.1,BE,Espace Mittelland,rural,German,,,17.0,0.0,35.0,52.0,91913.2,0.0,91913.2,537.5040935672514,0.30409356725146197
3360,Nesslau,3733,275.0,7.4,21.4,24.2,40.3,SG,Eastern CH,rural,German,50.0,1.4,405.0,336.0,1152.0,1893.0,1741509.2,426667.75,2168176.95,580.8135413876239,0.5070988481114386
337,Roggwil (BE),4250,737.0,17.3,20.7,20.7,542.1,BE,Espace Mittelland,rural,German,182.0,4.3,45.0,612.0,1099.0,1756.0,1856366.9,178257.05,2034623.95,478.7350470588235,0.4131764705882353
3374,Lichtensteig,1980,402.0,20.3,18.0,20.3,702.1,SG,Eastern CH,urban,German,23.0,1.2,16.0,213.0,335.0,564.0,1259685.5,77496.8,1337182.3,675.344595959596,0.28484848484848485
3379,Wattwil,8954,2241.0,25.0,20.1,22.9,175.0,SG,Eastern CH,urban,German,263.0,3.0,326.0,1512.0,2857.0,4695.0,3821685.35,666026.65,4487712.0,501.19633683270047,0.5243466607102971
338,Rohrbach,1572,128.0,8.1,20.1,22.6,385.3,BE,Espace Mittelland,rural,German,78.0,5.0,45.0,320.0,212.0,577.0,605279.25,14669.05,619948.3,394.3691475826972,0.36704834605597964
339,Rohrbachgraben,384,25.0,6.5,20.8,20.6,59.4,BE,Espace Mittelland,rural,German,7.0,1.8,80.0,17.0,73.0,170.0,134567.45,0.0,134567.45,350.4360677083334,0.4427083333333333
3392,Kirchberg (SG),9632,2855.0,29.6,23.2,16.9,226.4,SG,Eastern CH,intermediate,German,320.0,3.4,395.0,2644.0,2069.0,5108.0,5132290.45,464652.1,5596942.55,581.0779225498338,0.5303156146179402
3393,Lütisburg,1619,250.0,15.4,25.1,15.8,114.8,SG,Eastern CH,rural,German,7.0,0.4,117.0,231.0,268.0,616.0,786197.5,36101.75,822299.25,507.9056516368128,0.3804817788758493
3394,Mosnang,2920,169.0,5.8,25.7,17.3,57.8,SG,Eastern CH,rural,German,20.0,0.7,335.0,341.0,554.0,1230.0,1395959.5,134987.6,1530947.1,524.2969520547946,0.4212328767123288
3395,Bütschwil-Ganterschwil,5163,773.0,15.0,22.7,18.0,236.5,SG,Eastern CH,intermediate,German,114.0,2.2,247.0,824.0,1511.0,2582.0,2845900.25,164217.0,3010117.25,583.0170927755181,0.5000968429207825
3396,Neckertal,6324,638.0,10.1,23.2,19.7,77.3,SG,Eastern CH,rural,German,93.0,1.5,581.0,628.0,1183.0,2392.0,2592835.65,230029.8,2822865.45,446.3734108159393,0.3782416192283365
34,Laufen-Uhwiesen,1781,245.0,13.8,18.3,23.0,283.6,ZH,Zurich,intermediate,German,16.0,0.9,85.0,63.0,314.0,462.0,3140075.6,766652.45,3906728.05,2193.5587029758562,0.25940482874789444
340,Rütschelen,571,23.0,4.0,23.8,19.6,143.5,BE,Espace Mittelland,rural,German,7.0,1.2,35.0,13.0,43.0,91.0,231856.15,19249.6,251105.75,439.7648861646235,0.159369527145359
3401,Degersheim,4081,702.0,17.2,25.5,19.5,281.8,SG,Eastern CH,intermediate,German,85.0,2.1,119.0,856.0,899.0,1874.0,1611138.25,153913.65,1765051.9,432.5047537368292,0.45920117618230827
3402,Flawil,10446,3101.0,29.7,21.1,19.3,910.7,SG,Eastern CH,intermediate,German,367.0,3.5,98.0,1756.0,2305.0,4159.0,5392832.6,841880.9,6234713.5,596.8517614397856,0.39814282979130766
3405,Jonschwil,3961,487.0,12.3,23.2,18.3,360.4,SG,Eastern CH,intermediate,German,27.0,0.7,97.0,737.0,1499.0,2333.0,2412736.95,126288.5,2539025.45,641.0061726836658,0.588992678616511
3407,Oberuzwil,6536,1385.0,21.2,22.3,18.3,464.2,SG,Eastern CH,urban,German,94.0,1.4,187.0,746.0,1448.0,2381.0,4267078.35,342254.6,4609332.949999999,705.2222995716033,0.3642900856793146
3408,Uzwil,13831,4002.0,28.9,22.2,17.9,954.5,SG,Eastern CH,urban,German,253.0,1.9,87.0,3557.0,3253.0,6897.0,6940352.3,1026826.25,7967178.55,576.0377810715061,0.49866242498734725
341,Schwarzhäusern,533,41.0,7.7,23.1,19.9,140.6,BE,Espace Mittelland,rural,German,21.0,4.0,14.0,17.0,51.0,82.0,327316.05,133800.15,461116.19999999995,865.133583489681,0.15384615384615385
342,Thunstetten,3459,643.0,18.6,20.4,21.9,358.1,BE,Espace Mittelland,rural,German,145.0,4.2,125.0,849.0,634.0,1608.0,1997569.7,270984.65,2268554.35,655.8410956923967,0.46487424111014747
3422,Niederbüren,1527,140.0,9.2,24.6,15.5,96.4,SG,Eastern CH,rural,German,14.0,0.9,208.0,254.0,214.0,676.0,1008254.4,89282.4,1097536.8,718.7536345776032,0.4426981008513425
3423,Niederhelfenschwil,3201,247.0,7.7,25.8,15.7,195.5,SG,Eastern CH,rural,German,20.0,0.6,197.0,271.0,429.0,897.0,2328288.0,209949.25,2538237.25,792.9513433302093,0.2802249297094658
3424,Oberbüren,4588,578.0,12.6,22.6,16.6,258.8,SG,Eastern CH,urban,German,30.0,0.7,201.0,1214.0,2053.0,3468.0,3730547.85,147244.15,3877792.0,845.2031386224935,0.7558849171752398
3426,Zuzwil (SG),4997,646.0,12.9,20.9,19.3,557.1,SG,Eastern CH,intermediate,German,33.0,0.7,50.0,718.0,1256.0,2024.0,6992293.3,877393.05,7869686.35,1574.8821993195918,0.4050430258154893
3427,Wil (SG),24541,7524.0,30.7,19.8,19.7,1178.7,SG,Eastern CH,urban,German,902.0,3.7,144.0,3567.0,12203.0,15914.0,21746383.9,2777017.8,24523401.7,999.2829020822297,0.6484658326881545
344,Ursenbach,866,38.0,4.4,20.0,19.7,94.4,BE,Espace Mittelland,rural,German,19.0,2.1,107.0,204.0,138.0,449.0,270397.95,1612.9,272010.85000000003,314.1002886836028,0.5184757505773672
3441,Andwil (SG),2115,141.0,6.7,25.8,17.4,335.2,SG,Eastern CH,intermediate,German,16.0,0.8,56.0,301.0,230.0,587.0,1898466.6,154716.6,2053183.2000000002,970.7721985815604,0.27754137115839245
3442,Gaiserwald,8523,1283.0,15.1,21.3,22.4,674.8,SG,Eastern CH,urban,German,129.0,1.5,94.0,522.0,1972.0,2588.0,9688216.65,1040945.55,10729162.200000001,1258.848081661387,0.30364894990026986
3443,Gossau (SG),18226,3956.0,21.7,19.4,21.0,662.5,SG,Eastern CH,urban,German,234.0,1.3,299.0,4413.0,8748.0,13460.0,13311815.6,1141646.25,14453461.85,793.0133792384505,0.7385054318007243
3444,Waldkirch,3528,287.0,8.1,25.9,16.4,112.6,SG,Eastern CH,intermediate,German,44.0,1.2,285.0,450.0,753.0,1488.0,2664606.0,216690.55,2881296.55,816.694033446712,0.4217687074829932
345,Wynau,1676,417.0,24.9,20.2,20.9,330.6,BE,Espace Mittelland,rural,German,70.0,4.3,36.0,94.0,244.0,374.0,808664.1,20208.95,828873.0499999999,494.5543257756563,0.22315035799522673
35,Marthalen,1950,219.0,11.2,21.0,20.9,138.0,ZH,Zurich,intermediate,German,21.0,1.1,119.0,279.0,843.0,1241.0,1935499.55,301394.15,2236893.7,1147.1249743589744,0.6364102564102564
3506,Vaz/Obervaz,2749,597.0,21.7,16.1,25.0,64.7,GR,Eastern CH,rural,German,,,84.0,355.0,2388.0,2827.0,3803090.0,3503514.0,7306604.0,2657.913423062932,1.0283739541651509
351,Bern,134506,32976.0,24.5,16.9,17.2,2605.7,BE,Espace Mittelland,urban,German,6554.0,4.9,296.0,14551.0,182452.0,197299.0,123080720.0,24400804.25,147481524.25,1096.4679958514862,1.466841627882771
3513,Lantsch/Lenz,531,68.0,12.8,17.1,24.7,24.3,GR,Eastern CH,rural,German,,,19.0,8.0,177.0,204.0,392234.0,104847.0,497081.0,936.1224105461393,0.384180790960452
3514,Schmitten (GR),212,26.0,12.3,11.8,32.1,18.7,GR,Eastern CH,rural,German,,,4.0,40.0,12.0,56.0,81554.0,41323.0,122877.0,579.6084905660377,0.2641509433962264
352,Bolligen,6361,792.0,12.5,19.9,28.9,383.9,BE,Espace Mittelland,urban,German,155.0,2.4,120.0,268.0,1326.0,1714.0,8642589.9,1168177.75,9810767.65,1542.3310249960698,0.26945448828800506
353,Bremgarten bei Bern,4303,409.0,9.5,20.6,25.9,2264.7,BE,Espace Mittelland,urban,German,73.0,1.7,9.0,23.0,647.0,679.0,6401214.3,680882.75,7082097.05,1645.8510457820125,0.15779688589356264
354,Kirchlindach,3216,292.0,9.1,17.6,25.7,268.9,BE,Espace Mittelland,intermediate,German,56.0,1.7,131.0,78.0,707.0,916.0,4919968.45,684228.8,5604197.25,1742.5986473880596,0.2848258706467662
3542,Albula/Alvra,1327,249.0,18.8,15.8,24.9,14.1,GR,Eastern CH,rural,German,,,98.0,93.0,545.0,736.0,659038.0,70111.0,729149.0,549.4717407686511,0.5546345139412208
3543,Surses,2377,393.0,16.5,14.5,30.5,7.3,GR,Eastern CH,rural,German,13.0,0.5,190.0,353.0,1027.0,1570.0,1424195.0,197617.5,1621812.5,682.2938578039546,0.6604964240639462
3544,Bergün Filisur,884,144.0,16.3,14.5,26.5,4.6,GR,Eastern CH,rural,German,,,147.0,81.0,382.0,610.0,366301.0,114602.0,480903.0,544.0079185520362,0.6900452488687783
355,Köniz,42409,8549.0,20.2,19.8,20.7,831.4,BE,Espace Mittelland,urban,German,1715.0,4.1,420.0,3694.0,17804.0,21918.0,39503669.35,4145244.95,43648914.300000004,1029.2370558136245,0.516824259001627
3551,Brusio,1124,170.0,15.1,15.1,29.4,24.3,GR,Eastern CH,rural,Italian,11.0,1.0,166.0,429.0,294.0,889.0,321844.0,199220.0,521064.0,463.5800711743772,0.7909252669039146
356,Muri bei Bern,13317,2380.0,17.9,19.0,27.4,1745.3,BE,Espace Mittelland,urban,German,440.0,3.3,16.0,1724.0,8800.0,10540.0,28968378.85,8992863.6,37961242.45,2850.5851505594355,0.7914695501989938
3561,Poschiavo,3460,308.0,8.9,19.0,27.2,18.1,GR,Eastern CH,intermediate,Italian,16.0,0.5,182.0,672.0,1465.0,2319.0,1273337.5,320049.5,1593387.0,460.5164739884393,0.6702312138728324
357,Oberbalm,856,29.0,3.4,18.5,21.1,69.1,BE,Espace Mittelland,rural,German,6.0,0.7,170.0,71.0,66.0,307.0,471615.45,528.95,472144.4,551.5705607476635,0.35864485981308414
3572,Falera,637,83.0,13.0,17.0,28.6,28.5,GR,Eastern CH,rural,Romansh,,,28.0,78.0,157.0,263.0,747998.0,343915.0,1091913.0,1714.149136577708,0.41287284144427
3575,Laax,2001,372.0,18.6,14.0,24.2,63.1,GR,Eastern CH,intermediate,German,7.0,0.4,22.0,146.0,1555.0,1723.0,3174207.0,961012.0,4135219.0,2066.576211894053,0.8610694652673663
358,Stettlen,3380,603.0,17.8,21.1,21.0,965.7,BE,Espace Mittelland,urban,German,110.0,3.3,23.0,185.0,623.0,831.0,3888245.65,629787.35,4518033.0,1336.696153846154,0.24585798816568047
3581,Sagogn,755,87.0,11.5,20.1,23.8,109.1,GR,Eastern CH,rural,Romansh,,,12.0,20.0,77.0,109.0,474840.0,26596.0,501436.0,664.153642384106,0.14437086092715232
3582,Schluein,597,109.0,18.3,17.3,19.1,124.6,GR,Eastern CH,rural,Romansh,9.0,1.5,11.0,71.0,244.0,326.0,358145.0,143691.0,501836.0,840.5963149078727,0.5460636515912898
359,Vechigen,5694,513.0,9.0,19.1,22.9,229.4,BE,Espace Mittelland,urban,German,75.0,1.3,238.0,134.0,1019.0,1391.0,5311190.05,417839.95,5729030.0,1006.1520899192132,0.24429223744292236
360,Wohlen bei Bern,9348,1175.0,12.6,18.3,29.7,257.4,BE,Espace Mittelland,intermediate,German,380.0,4.1,257.0,328.0,1474.0,2059.0,11641109.55,1190861.15,12831970.700000001,1372.6969084296106,0.22026101839965767
3603,Vals,955,201.0,21.0,14.5,23.1,5.4,GR,Eastern CH,rural,German,6.0,0.6,74.0,191.0,406.0,671.0,449832.0,46879.0,496711.0,520.1162303664921,0.7026178010471205
361,Zollikofen,11140,2678.0,24.0,19.3,21.6,2066.8,BE,Espace Mittelland,urban,German,499.0,4.6,416.0,1224.0,7520.0,9160.0,9314769.15,953161.7,10267930.85,921.7173114901257,0.822262118491921
3618,Lumnezia,2029,146.0,7.2,13.6,30.9,12.3,GR,Eastern CH,rural,Romansh,,,251.0,163.0,502.0,916.0,884317.0,103350.5,987667.5,486.77550517496303,0.45145391818629865
3619,Ilanz/Glion,4969,880.0,17.7,17.5,24.6,37.2,GR,Eastern CH,intermediate,German,46.0,0.9,180.0,502.0,2737.0,3419.0,2817441.5,237525.0,3054966.5,614.8050915677198,0.6880660092573958
362,Ittigen,11595,3143.0,27.1,19.5,23.5,2760.7,BE,Espace Mittelland,urban,German,888.0,7.8,45.0,711.0,12101.0,12857.0,10856341.05,1329532.85,12185873.9,1050.9593704182837,1.1088400172488142
363,Ostermundigen,17884,5656.0,31.6,19.7,21.3,3000.7,BE,Espace Mittelland,urban,German,1205.0,6.8,19.0,1795.0,6280.0,8094.0,9536881.65,1143443.15,10680324.8,597.2,0.45258331469469915
3633,Fürstenau,351,39.0,11.1,19.4,23.9,265.9,GR,Eastern CH,rural,German,,,13.0,,186.0,199.0,299632.0,64784.0,364416.0,1038.2222222222222,0.5669515669515669
3637,Rothenbrunnen,301,33.0,11.0,20.6,21.3,96.8,GR,Eastern CH,rural,German,,,26.0,21.0,444.0,491.0,124844.0,7666.0,132510.0,440.2325581395349,1.6312292358803986
3638,Scharans,822,31.0,3.8,20.6,25.3,57.5,GR,Eastern CH,rural,German,,,26.0,51.0,328.0,405.0,571774.0,29916.0,601690.0,731.9829683698297,0.4927007299270073
3640,Sils im Domleschg,979,170.0,17.4,21.0,23.2,105.5,GR,Eastern CH,rural,German,,,11.0,219.0,109.0,339.0,452313.0,3877.0,456190.0,465.9754851889683,0.34627170582226763
3661,Cazis,2346,393.0,16.8,19.5,20.8,75.2,GR,Eastern CH,intermediate,German,26.0,1.1,118.0,326.0,1109.0,1553.0,810100.0,67553.5,877653.5,374.1063512361466,0.6619778346121057
3662,Flerden,251,15.0,6.0,22.7,19.5,41.2,GR,Eastern CH,rural,German,,,36.0,,39.0,75.0,122256.0,0.0,122256.0,487.0756972111554,0.29880478087649404
3663,Masein,517,35.0,6.8,25.0,19.3,123.1,GR,Eastern CH,intermediate,German,,,28.0,15.0,74.0,117.0,216382.0,31055.0,247437.0,478.60154738878146,0.2263056092843327
3668,Thusis,3415,1168.0,34.2,18.2,21.3,203.6,GR,Eastern CH,intermediate,German,142.0,4.2,31.0,460.0,1913.0,2404.0,1226056.0,241953.0,1468009.0,429.8708638360176,0.7039531478770131
3669,Tschappina,142,5.0,3.5,16.9,30.3,5.8,GR,Eastern CH,rural,German,,,37.0,0.0,58.0,95.0,27619.0,18756.0,46375.0,326.5845070422535,0.6690140845070423
3670,Urmein,166,13.0,7.8,15.7,40.4,38.4,GR,Eastern CH,rural,German,,,25.0,0.0,27.0,52.0,92712.0,32371.5,125083.5,753.5150602409639,0.3132530120481928
3672,Safiental,952,47.0,4.9,18.9,24.8,6.3,GR,Eastern CH,rural,German,,,188.0,26.0,212.0,426.0,352510.0,10734.5,363244.5,381.5593487394958,0.4474789915966387
3673,Domleschg,2200,142.0,6.5,20.5,22.0,47.9,GR,Eastern CH,rural,German,15.0,0.7,153.0,69.0,309.0,531.0,1465434.0,79346.0,1544780.0,702.1727272727272,0.24136363636363636
3681,Avers,168,10.0,6.0,22.0,30.4,1.8,GR,Eastern CH,rural,German,,,44.0,13.0,76.0,133.0,83942.0,0.0,83942.0,499.6547619047619,0.7916666666666666
3695,Sufers,145,13.0,9.0,25.5,26.9,4.2,GR,Eastern CH,rural,German,,,27.0,25.0,27.0,79.0,44824.0,3106.0,47930.0,330.55172413793105,0.5448275862068965
37,Ossingen,1710,186.0,10.9,20.2,19.1,130.6,ZH,Zurich,rural,German,22.0,1.3,63.0,71.0,336.0,470.0,1372471.7,73889.15,1446360.8499999999,845.8250584795321,0.27485380116959063
3701,Andeer,921,126.0,13.7,19.4,27.7,19.9,GR,Eastern CH,rural,German,,,39.0,91.0,348.0,478.0,446960.0,67250.0,514210.0,558.3170466883822,0.5190010857763301
371,Biel/Bienne,55070,18287.0,33.2,19.3,18.6,2598.9,BE,Espace Mittelland,urban,German,5471.0,9.9,33.0,10375.0,32819.0,43227.0,25791115.7,4433242.0,30224357.7,548.8352587615761,0.7849464318140549
3711,Rongellen,59,5.0,8.5,18.6,18.6,29.2,GR,Eastern CH,rural,German,,,,0.0,8.0,8.0,15120.0,0.0,15120.0,256.271186440678,0.13559322033898305
3712,Zillis-Reischen,404,75.0,18.6,15.3,20.3,16.5,GR,Eastern CH,rural,German,,,27.0,112.0,65.0,204.0,201934.0,17017.0,218951.0,541.9579207920792,0.504950495049505
3713,Ferrera,73,8.0,11.0,9.6,37.0,1.0,GR,Eastern CH,rural,German,,,,19.0,13.0,32.0,38594.0,697.0,39291.0,538.2328767123288,0.4383561643835616
3714,Rheinwald,564,70.0,12.4,13.8,31.7,4.1,GR,Eastern CH,rural,German,,,88.0,47.0,220.0,355.0,290730.0,56070.0,346800.0,614.8936170212766,0.6294326241134752
3715,Muntogna da Schons,383,21.0,5.5,21.1,22.2,7.1,GR,Eastern CH,rural,German,,,107.0,7.0,149.0,263.0,111871.0,5360.5,117231.5,306.08746736292426,0.6866840731070496
372,Evilard,2704,341.0,12.6,23.7,22.4,730.8,BE,Espace Mittelland,urban,German,35.0,1.3,16.0,27.0,290.0,333.0,4261415.3,769932.75,5031348.05,1860.7056397928993,0.1231508875739645
3721,Bonaduz,3493,494.0,14.1,21.5,17.7,242.6,GR,Eastern CH,intermediate,German,30.0,0.9,73.0,890.0,869.0,1832.0,2395298.0,342598.0,2737896.0,783.8236472945891,0.5244775264815345
3722,Domat/Ems,8199,2017.0,24.6,20.4,19.7,338.5,GR,Eastern CH,intermediate,German,129.0,1.6,42.0,2032.0,1876.0,3950.0,4396752.0,573128.0,4969880.0,606.1568483961458,0.4817660690328089
3723,Rhäzüns,1612,327.0,20.3,23.0,17.1,120.6,GR,Eastern CH,intermediate,German,20.0,1.2,21.0,200.0,175.0,396.0,744893.0,32264.0,777157.0,482.10732009925556,0.2456575682382134
3731,Felsberg,2781,353.0,12.7,23.9,15.9,207.5,GR,Eastern CH,intermediate,German,28.0,1.0,29.0,208.0,286.0,523.0,2181751.0,81017.0,2262768.0,813.6526429341964,0.188061848256023
3732,Flims,2917,765.0,26.2,15.3,23.3,57.8,GR,Eastern CH,intermediate,German,9.0,0.3,41.0,314.0,1533.0,1888.0,3308500.0,1309591.0,4618091.0,1583.1645526225575,0.6472403153925266
3733,Tamins,1205,173.0,14.4,18.8,22.2,29.6,GR,Eastern CH,rural,German,13.0,1.1,37.0,101.0,122.0,260.0,751708.0,70480.0,822188.0,682.313692946058,0.2157676348547718
3734,Trin,1488,179.0,12.0,19.4,23.2,31.5,GR,Eastern CH,rural,German,,,41.0,106.0,203.0,350.0,943256.0,108901.0,1052157.0,707.0947580645161,0.23521505376344087
3746,Zernez,1532,307.0,20.0,18.0,24.7,4.5,GR,Eastern CH,rural,Romansh,,,87.0,241.0,674.0,1002.0,863475.0,96495.0,959970.0,626.6122715404699,0.6540469973890339
3752,Samnaun,791,217.0,27.4,14.4,18.8,14.1,GR,Eastern CH,rural,German,,,36.0,48.0,1103.0,1187.0,429387.0,123205.0,552592.0,698.5992414664981,1.5006321112515804
3762,Scuol,4601,973.0,21.1,17.4,26.1,10.5,GR,Eastern CH,intermediate,Romansh,17.0,0.4,225.0,539.0,2627.0,3391.0,3264389.5,629904.0,3894293.5,846.401543142795,0.7370136926755053
3764,Valsot,826,77.0,9.3,17.3,26.2,5.2,GR,Eastern CH,rural,Romansh,,,111.0,164.0,178.0,453.0,328862.0,89930.0,418792.0,507.01210653753026,0.5484261501210653
3781,Bever,605,98.0,16.2,15.9,24.8,13.2,GR,Eastern CH,rural,German,,,13.0,120.0,228.0,361.0,792182.5,185729.5,977912.0,1616.3834710743802,0.596694214876033
3782,Celerina/Schlarigna,1424,384.0,27.0,14.2,22.8,59.3,GR,Eastern CH,rural,German,,,31.0,125.0,784.0,940.0,6602756.5,5230943.0,11833699.5,8310.182233146068,0.6601123595505618
3783,Madulain,208,51.0,24.5,14.9,27.4,12.8,GR,Eastern CH,rural,German,,,17.0,5.0,53.0,75.0,214184.0,87916.0,302100.0,1452.4038461538462,0.3605769230769231
3784,Pontresina,2100,674.0,32.1,16.6,21.4,17.8,GR,Eastern CH,intermediate,German,,,6.0,386.0,1604.0,1996.0,3443210.5,2819645.0,6262855.5,2982.312142857143,0.9504761904761905
3785,La Punt Chamues-ch,698,162.0,23.2,13.8,27.2,11.0,GR,Eastern CH,rural,German,,,19.0,54.0,185.0,258.0,1087845.0,969127.0,2056972.0,2946.951289398281,0.36962750716332377
3786,Samedan,2905,677.0,23.3,16.5,20.9,25.5,GR,Eastern CH,intermediate,German,,,23.0,407.0,2439.0,2869.0,3019173.0,925058.5,3944231.5,1357.7388984509466,0.9876075731497418
3787,St. Moritz,4924,2088.0,42.4,13.4,22.7,171.6,GR,Eastern CH,urban,German,18.0,0.4,21.0,1098.0,6963.0,8082.0,7116604.5,28396010.0,35512614.5,7212.147542648254,1.641348497156783
3788,S-chanf,705,125.0,17.7,17.7,21.3,5.1,GR,Eastern CH,rural,Romansh,,,42.0,114.0,139.0,295.0,788956.0,118539.0,907495.0,1287.22695035461,0.41843971631205673
3789,Sils im Engadin/Segl,697,228.0,32.7,16.9,21.4,11.0,GR,Eastern CH,rural,German,,,32.0,154.0,885.0,1071.0,1057351.5,332000.0,1389351.5,1993.3307030129124,1.5365853658536586
3790,Silvaplana,1083,363.0,33.5,13.4,27.1,24.2,GR,Eastern CH,rural,German,,,16.0,57.0,963.0,1036.0,2060824.0,3110468.0,5171292.0,4774.969529085873,0.9566020313942751
3791,Zuoz,1228,415.0,33.8,24.2,22.0,18.7,GR,Eastern CH,rural,German,,,28.0,160.0,664.0,852.0,1518038.5,1296774.5,2814813.0,2292.192996742671,0.6938110749185668
3792,Bregaglia,1576,234.0,14.8,16.6,28.7,6.3,GR,Eastern CH,rural,Italian,6.0,0.4,98.0,372.0,641.0,1111.0,1399409.5,224775.5,1624185.0,1030.5742385786803,0.7049492385786802
38,Rheinau,1285,242.0,18.8,18.1,22.6,143.6,ZH,Zurich,rural,German,27.0,2.1,27.0,49.0,729.0,805.0,1073074.0,120217.05,1193291.05,928.6311673151752,0.6264591439688716
3804,Buseno,83,8.0,9.6,8.4,33.7,7.4,GR,Eastern CH,rural,Italian,,,12.0,0.0,5.0,17.0,23942.0,2260.0,26202.0,315.68674698795184,0.20481927710843373
3805,Castaneda,268,38.0,14.2,12.7,30.6,67.7,GR,Eastern CH,rural,Italian,,,11.0,5.0,88.0,104.0,111929.0,25394.0,137323.0,512.3992537313433,0.3880597014925373
3808,Rossa,158,17.0,10.8,7.0,41.8,2.7,GR,Eastern CH,rural,Italian,,,8.0,,17.0,25.0,76834.0,16165.0,92999.0,588.6012658227849,0.15822784810126583
381,Arch,1718,134.0,7.8,19.3,21.6,269.3,BE,Espace Mittelland,intermediate,German,40.0,2.3,32.0,323.0,236.0,591.0,1055500.75,82588.85,1138089.6,662.4502910360885,0.3440046565774156
3810,Santa Maria in Calanca,121,21.0,17.4,6.6,32.2,13.0,GR,Eastern CH,rural,Italian,,,7.0,,13.0,20.0,100070.0,730234.5,830304.5,6862.020661157025,0.1652892561983471
382,Büetigen,920,77.0,8.4,21.4,18.2,254.8,BE,Espace Mittelland,intermediate,German,18.0,2.0,25.0,47.0,78.0,150.0,533815.45,105529.9,639345.35,694.9405978260869,0.16304347826086957
3821,Lostallo,856,157.0,18.3,17.3,22.3,16.8,GR,Eastern CH,rural,Italian,,,67.0,132.0,110.0,309.0,360117.0,25070.0,385187.0,449.98481308411215,0.36098130841121495
3822,Mesocco,1365,285.0,20.9,14.1,27.3,8.3,GR,Eastern CH,rural,Italian,8.0,0.6,42.0,137.0,419.0,598.0,641825.5,163049.0,804874.5,589.6516483516483,0.4380952380952381
3823,Soazza,332,61.0,18.4,9.6,33.1,7.2,GR,Eastern CH,rural,Italian,,,13.0,49.0,51.0,113.0,186662.0,62419.0,249081.0,750.2439759036145,0.34036144578313254
383,Büren an der Aare,3696,728.0,19.7,20.8,21.3,293.3,BE,Espace Mittelland,intermediate,German,146.0,3.9,109.0,1298.0,836.0,2243.0,2690060.3,138846.15,2828906.4499999997,765.3967667748917,0.6068722943722944
3831,Cama,658,181.0,27.5,17.2,19.1,43.9,GR,Eastern CH,rural,Italian,,,20.0,41.0,98.0,159.0,304080.0,84503.0,388583.0,590.5516717325228,0.24164133738601823
3832,Grono,1513,460.0,30.4,17.0,19.2,40.8,GR,Eastern CH,rural,Italian,6.0,0.4,25.0,398.0,732.0,1155.0,690120.0,178534.0,868654.0,574.1269001982815,0.7633840052875083
3834,Roveredo (GR),2625,655.0,25.0,18.3,20.6,67.7,GR,Eastern CH,intermediate,Italian,29.0,1.1,39.0,286.0,920.0,1245.0,984649.0,176924.0,1161573.0,442.504,0.4742857142857143
3835,San Vittore,875,233.0,26.6,11.5,20.6,39.7,GR,Eastern CH,intermediate,Italian,8.0,0.9,22.0,362.0,144.0,528.0,492937.0,92860.0,585797.0,669.4822857142857,0.6034285714285714
3837,Calanca,217,42.0,19.4,10.6,35.9,5.8,GR,Eastern CH,rural,Italian,,,35.0,48.0,36.0,119.0,78463.0,7084.0,85547.0,394.2258064516129,0.5483870967741935
3847,Val Müstair,1425,120.0,8.4,12.8,33.2,7.2,GR,Eastern CH,rural,Romansh,9.0,0.6,140.0,323.0,749.0,1212.0,747610.0,91410.0,839020.0,588.7859649122807,0.8505263157894737
385,Diessbach bei Büren,1016,99.0,9.7,24.1,17.1,160.5,BE,Espace Mittelland,rural,German,22.0,2.2,150.0,75.0,75.0,300.0,870234.75,58094.75,928329.5,913.7101377952756,0.2952755905511811
3851,Davos,10732,3008.0,28.0,17.0,21.5,37.8,GR,Eastern CH,urban,German,136.0,1.3,207.0,1018.0,8055.0,9280.0,11496975.0,2994745.5,14491720.5,1350.328037644428,0.8647036898993664
386,Dotzigen,1589,140.0,8.8,23.2,22.0,375.7,BE,Espace Mittelland,intermediate,German,59.0,3.8,26.0,83.0,708.0,817.0,705313.55,75175.65,780489.2000000001,491.1826305852738,0.514159848961611
3861,Fideris,613,33.0,5.4,17.8,23.5,24.2,GR,Eastern CH,rural,German,,,54.0,66.0,92.0,212.0,265648.0,52380.0,318028.0,518.8058727569331,0.3458401305057096
3862,Furna,205,7.0,3.4,21.5,23.4,6.2,GR,Eastern CH,rural,German,,,54.0,8.0,27.0,89.0,79806.0,3022.0,82828.0,404.0390243902439,0.43414634146341463
3863,Jenaz,1148,109.0,9.5,18.1,25.3,44.3,GR,Eastern CH,rural,German,,,59.0,172.0,168.0,399.0,456504.0,92350.0,548854.0,478.09581881533103,0.3475609756097561
387,Lengnau (BE),5595,1638.0,29.3,19.9,22.1,755.1,BE,Espace Mittelland,urban,German,339.0,6.2,32.0,727.0,797.0,1556.0,2930337.25,238394.45,3168731.7,566.3506166219839,0.27810545129579983
3871,Klosters,4423,892.0,20.2,14.9,28.3,20.1,GR,Eastern CH,intermediate,German,13.0,0.3,208.0,570.0,1660.0,2438.0,4520393.0,5557671.5,10078064.5,2278.558557540131,0.551209586253674
388,Leuzigen,1341,116.0,8.7,22.9,21.2,130.4,BE,Espace Mittelland,rural,German,26.0,2.0,82.0,53.0,139.0,274.0,816643.65,31430.3,848073.9500000001,632.4190529455631,0.20432513049962714
3881,Conters im Prättigau,241,18.0,7.5,21.2,21.6,13.1,GR,Eastern CH,rural,German,,,19.0,6.0,78.0,103.0,256827.5,0.0,256827.5,1065.6742738589212,0.42738589211618255
3882,Küblis,897,172.0,19.2,18.5,21.9,110.2,GR,Eastern CH,rural,German,10.0,1.1,48.0,233.0,275.0,556.0,375341.0,19241.5,394582.5,439.89130434782606,0.6198439241917503
389,Meienried,56,5.0,8.9,16.1,21.4,86.2,BE,Espace Mittelland,rural,German,,,10.0,,10.0,20.0,47655.7,0.0,47655.7,850.9946428571428,0.35714285714285715
3891,Luzein,1624,122.0,7.5,19.3,25.2,19.4,GR,Eastern CH,rural,German,,,170.0,110.0,239.0,519.0,1078862.0,134658.5,1213520.5,747.2416871921182,0.3195812807881773
39,Thalheim an der Thur,977,93.0,9.5,23.4,16.8,151.7,ZH,Zurich,rural,German,9.0,0.9,38.0,131.0,155.0,324.0,1027930.85,120746.4,1148677.25,1175.7187819856704,0.33162743091095187
390,Meinisberg,1419,180.0,12.7,22.8,20.3,323.2,BE,Espace Mittelland,rural,German,49.0,3.7,22.0,61.0,170.0,253.0,844722.2,23637.65,868359.85,611.9519732205779,0.17829457364341086
3901,Chur,38432,8391.0,21.8,16.3,22.1,468.8,GR,Eastern CH,urban,German,1032.0,2.68526228143214,178.0,3580.0,30705.0,34463.0,31455266.5,6963803.0,38419069.5,999.6635486053289,0.8967266860949209
391,Oberwil bei Büren,926,53.0,5.7,21.1,19.3,137.4,BE,Espace Mittelland,rural,German,27.0,2.9,65.0,37.0,71.0,173.0,757888.5,21692.45,779580.95,841.8800755939525,0.18682505399568033
3911,Churwalden,2121,568.0,26.8,16.7,19.7,43.7,GR,Eastern CH,rural,German,39.0,2.0,100.0,195.0,690.0,985.0,1317081.0,196246.5,1513327.5,713.497171145686,0.4644035832154644
392,Pieterlen,5059,1639.0,32.4,23.7,17.1,605.9,BE,Espace Mittelland,intermediate,German,275.0,5.6,31.0,446.0,863.0,1340.0,1927856.85,235728.95,2163585.8000000003,427.670646372801,0.2648744811227515
3921,Arosa,3061,733.0,23.9,11.9,26.0,19.8,GR,Eastern CH,intermediate,German,16.0,0.5,142.0,310.0,2483.0,2935.0,2632386.0,1069046.5,3701432.5,1209.2232930414898,0.9588369813786344
393,Rüti bei Büren,855,100.0,11.7,19.4,22.1,131.5,BE,Espace Mittelland,rural,German,23.0,2.7,38.0,152.0,344.0,534.0,355609.7,18854.3,374464.0,437.96959064327484,0.624561403508772
394,Wengi,633,51.0,8.1,18.6,17.4,89.4,BE,Espace Mittelland,rural,German,,,60.0,35.0,55.0,150.0,369371.45,11109.85,380481.3,601.0763033175356,0.23696682464454977
3945,Trimmis,3391,429.0,12.7,21.0,18.8,79.1,GR,Eastern CH,intermediate,German,16.0,0.5,61.0,639.0,451.0,1151.0,2331369.0,278082.0,2609451.0,769.5225597168977,0.33942789737540546
3946,Untervaz,2600,296.0,11.4,20.6,17.0,93.8,GR,Eastern CH,intermediate,German,21.0,0.8,88.0,402.0,636.0,1126.0,1636665.0,136894.0,1773559.0,682.1380769230769,0.4330769230769231
3947,Zizers,3545,536.0,15.1,19.9,19.8,322.0,GR,Eastern CH,urban,German,57.0,1.6,69.0,723.0,1336.0,2128.0,2661859.0,350022.0,3011881.0,849.6138222849083,0.6002820874471086
3951,Fläsch,855,97.0,11.3,16.3,17.4,42.9,GR,Eastern CH,rural,German,,,104.0,7.0,220.0,331.0,1127719.0,166517.0,1294236.0,1513.7263157894736,0.3871345029239766
3952,Jenins,938,117.0,12.5,18.6,19.5,89.0,GR,Eastern CH,rural,German,,,109.0,21.0,158.0,288.0,1220931.0,160542.0,1381473.0,1472.7857142857142,0.3070362473347548
3953,Maienfeld,3141,339.0,10.8,18.8,19.6,97.2,GR,Eastern CH,rural,German,12.0,0.4,167.0,669.0,1341.0,2177.0,4243195.0,792345.0,5035540.0,1603.1645972620186,0.6930913721744667
3954,Malans,2506,197.0,7.9,19.6,20.3,219.8,GR,Eastern CH,rural,German,9.0,0.4,143.0,231.0,558.0,932.0,3610291.0,376855.0,3987146.0,1591.0399042298484,0.37190742218675177
3955,Landquart,9153,2095.0,22.9,20.1,19.8,485.3,GR,Eastern CH,urban,German,231.0,2.6,95.0,2305.0,3794.0,6194.0,4365676.5,438555.0,4804231.5,524.8805309734513,0.6767180159510543
3961,Grüsch,2153,183.0,8.5,18.6,22.2,49.7,GR,Eastern CH,rural,German,,,115.0,772.0,451.0,1338.0,1401072.0,72711.0,1473783.0,684.5253135160242,0.6214584300975383
3962,Schiers,2861,554.0,19.4,21.2,19.3,46.4,GR,Eastern CH,intermediate,German,23.0,0.8,91.0,352.0,1122.0,1565.0,1099694.0,139035.0,1238729.0,432.9706396364907,0.5470115344285215
3972,Seewis im Prättigau,1426,155.0,10.9,20.1,19.7,28.7,GR,Eastern CH,rural,German,7.0,0.5,81.0,268.0,253.0,602.0,857767.5,132329.0,990096.5,694.3173211781207,0.4221598877980365
3981,Breil/Brigels,1719,150.0,8.7,18.1,25.9,17.8,GR,Eastern CH,rural,Romansh,7.0,0.4,140.0,139.0,478.0,757.0,797398.0,113828.0,911226.0,530.0907504363001,0.44037230948225714
3982,Disentis/Mustér,2009,276.0,13.7,16.8,29.0,22.1,GR,Eastern CH,rural,Romansh,13.0,0.6,79.0,285.0,807.0,1171.0,1045967.0,68704.0,1114671.0,554.8387257341961,0.5828770532603286
3983,Medel (Lucmagn),332,31.0,9.3,9.0,26.5,2.4,GR,Eastern CH,rural,Romansh,,,51.0,13.0,89.0,153.0,211885.0,2361.5,214246.5,645.3207831325301,0.4608433734939759
3985,Sumvitg,1082,64.0,5.9,13.1,29.8,10.6,GR,Eastern CH,rural,Romansh,,,88.0,156.0,208.0,452.0,382573.0,17752.0,400325.0,369.9861367837338,0.4177449168207024
3986,Tujetsch,1180,144.0,12.2,14.2,31.0,8.8,GR,Eastern CH,rural,Romansh,,,32.0,171.0,399.0,602.0,514366.0,65986.5,580352.5,491.8241525423729,0.5101694915254237
3987,Trun,1152,134.0,11.6,15.1,25.5,22.2,GR,Eastern CH,rural,Romansh,,,72.0,117.0,460.0,649.0,450068.0,7124.0,457192.0,396.86805555555554,0.5633680555555556
3988,Obersaxen Mundaun,1138,91.0,8.0,16.4,28.7,16.2,GR,Eastern CH,rural,German,,,97.0,160.0,375.0,632.0,764905.0,132915.0,897820.0,788.9455184534271,0.5553602811950791
4,Hausen am Albis,3879,640.0,16.5,21.8,19.2,285.2,ZH,Zurich,intermediate,German,54.0,1.4,111.0,119.0,879.0,1109.0,5868238.8,1135059.2,7003298.0,1805.4390306780099,0.2858984274297499
40,Trüllikon,1066,102.0,9.6,18.9,24.1,111.5,ZH,Zurich,rural,German,6.0,0.6,121.0,70.0,137.0,328.0,831774.85,103510.75,935285.6,877.3786116322701,0.3076923076923077
4001,Aarau,21807,4722.0,21.7,17.9,18.7,1767.2,AG,Northwestern CH,urban,German,580.0,2.7,29.0,2968.0,33368.0,36365.0,24772134.45,2887568.2,27659702.65,1268.3864194983262,1.6675838033658916
4002,Biberstein,1624,168.0,10.3,17.7,26.7,396.1,AG,Northwestern CH,intermediate,German,21.0,1.3,23.0,11.0,260.0,294.0,2866323.95,295211.2,3161535.1500000004,1946.7580972906405,0.1810344827586207
4003,Buchs (AG),8319,2953.0,35.5,22.3,16.1,1563.7,AG,Northwestern CH,urban,German,302.0,3.7,11.0,2243.0,3166.0,5420.0,5021277.0,534517.65,5555794.65,667.8440497655969,0.6515206154585887
4004,Densbüren,743,78.0,10.5,17.6,21.9,59.3,AG,Northwestern CH,rural,German,16.0,2.1,58.0,135.0,239.0,432.0,488699.85,13726.85,502426.69999999995,676.2135935397039,0.5814266487213997
4005,Erlinsbach (AG),4473,794.0,17.8,20.4,22.8,453.7,AG,Northwestern CH,urban,German,61.0,1.4,58.0,99.0,1092.0,1249.0,5786033.6,534278.05,6320311.649999999,1412.9916498993962,0.2792309412027722
4006,Gränichen,8432,1982.0,23.5,20.5,19.2,489.4,AG,Northwestern CH,urban,German,165.0,2.0,75.0,1327.0,1558.0,2960.0,5156043.6,348625.75,5504669.35,652.8308052656546,0.3510436432637571
4007,Hirschthal,1685,187.0,11.1,20.5,19.5,477.3,AG,Northwestern CH,urban,German,8.0,0.5,35.0,259.0,530.0,824.0,1899913.35,224409.05,2124322.4,1260.7254599406529,0.4890207715133531
4008,Küttigen,6547,1049.0,16.0,20.6,20.8,550.2,AG,Northwestern CH,urban,German,112.0,1.7,66.0,309.0,1075.0,1450.0,7226162.3,537081.4,7763243.7,1185.7711470902705,0.22147548495494118
4009,Muhen,4049,585.0,14.4,20.8,21.3,576.0,AG,Northwestern CH,urban,German,40.0,1.0,84.0,242.0,1168.0,1494.0,3090409.95,382153.55,3472563.5,857.6348481106446,0.36897999506050877
401,Aefligen,1140,115.0,10.1,21.3,20.8,558.8,BE,Espace Mittelland,urban,German,19.0,1.7,22.0,110.0,149.0,281.0,508757.15,14288.55,523045.7,458.81201754385967,0.24649122807017543
4010,Oberentfelden,8760,3063.0,35.0,21.6,19.0,1223.5,AG,Northwestern CH,urban,German,362.0,4.2,25.0,1195.0,2627.0,3847.0,4506378.85,397510.65,4903889.5,559.8047374429224,0.4391552511415525
4012,Suhr,10968,3919.0,35.7,22.2,17.0,1032.8,AG,Northwestern CH,urban,German,499.0,4.6,39.0,997.0,4153.0,5189.0,6223795.2,782969.4,7006764.600000001,638.837035010941,0.47310357403355213
4013,Unterentfelden,4391,1260.0,28.7,21.5,19.4,1524.7,AG,Northwestern CH,urban,German,127.0,2.9,23.0,739.0,1959.0,2721.0,3371082.3,281747.05,3652829.3499999996,831.8900819858801,0.6196766112502847
402,Alchenstorf,606,21.0,3.5,18.2,24.6,92.2,BE,Espace Mittelland,rural,German,,,88.0,14.0,38.0,140.0,362459.15,9214.85,371674.0,613.3234323432343,0.23102310231023102
4021,Baden,22849,6398.0,28.0,17.7,16.6,1552.2,AG,Northwestern CH,urban,German,382.0,1.7,63.0,7675.0,23020.0,30758.0,26202104.7,4892651.3,31094756.0,1360.8803886384524,1.346142063109983
4022,Bellikon,1571,188.0,12.0,16.9,22.5,318.0,AG,Northwestern CH,intermediate,German,13.0,0.8,20.0,24.0,837.0,881.0,2269759.15,633845.15,2903604.3,1848.2522597071927,0.5607893061744113
4023,Bergdietikon,2938,580.0,19.7,21.4,20.3,494.6,AG,Northwestern CH,urban,German,19.0,0.6,47.0,497.0,619.0,1163.0,5735447.5,1076203.4,6811650.9,2318.465248468346,0.3958475153165419
4024,Birmenstorf (AG),3010,602.0,20.0,22.4,16.9,385.9,AG,Northwestern CH,intermediate,German,28.0,0.9,156.0,310.0,659.0,1125.0,3077882.95,398164.1,3476047.0500000003,1154.8329069767442,0.37375415282392027
4026,Ennetbaden,3613,813.0,22.5,20.3,19.2,1712.3,AG,Northwestern CH,urban,German,27.0,0.8,12.0,24.0,786.0,822.0,7310430.75,1505941.55,8816372.3,2440.1805424854692,0.2275117630777747
4027,Fislisbach,5984,1626.0,27.2,20.3,21.6,1185.0,AG,Northwestern CH,urban,German,111.0,1.9,10.0,353.0,1058.0,1421.0,4297967.5,457835.05,4755802.55,794.753099933155,0.23746657754010694
4028,Freienwil,1102,144.0,13.1,22.6,17.2,276.2,AG,Northwestern CH,rural,German,,,25.0,9.0,102.0,136.0,1059305.4,108904.3,1168209.7,1060.0813974591651,0.12341197822141561
4029,Gebenstorf,5665,1545.0,27.3,20.6,19.6,1002.7,AG,Northwestern CH,urban,German,85.0,1.5,33.0,586.0,1291.0,1910.0,4776767.1,362060.6,5138827.699999999,907.1187466902029,0.33715798764342453
403,Bäriswil,1096,78.0,7.1,21.3,21.5,401.5,BE,Espace Mittelland,intermediate,German,23.0,2.1,15.0,20.0,155.0,190.0,857694.9,92522.0,950216.9,866.9862226277372,0.17335766423357665
4030,Killwangen,2072,563.0,27.2,21.3,18.1,852.7,AG,Northwestern CH,urban,German,16.0,0.8,11.0,340.0,261.0,612.0,1824729.5,132983.75,1957713.25,944.8423021235521,0.2953667953667954
4031,Künten,1888,333.0,17.6,20.3,18.2,386.1,AG,Northwestern CH,intermediate,German,17.0,0.9,48.0,147.0,290.0,485.0,1424033.85,204986.65,1629020.5,862.8286546610169,0.256885593220339
4032,Mägenwil,2194,584.0,26.6,22.9,13.8,630.5,AG,Northwestern CH,intermediate,German,42.0,2.0,18.0,493.0,2682.0,3193.0,1515354.5,158477.3,1673831.8,762.9133090246125,1.4553327256153146
4033,Mellingen,6019,2044.0,34.0,21.5,16.7,1235.9,AG,Northwestern CH,intermediate,German,113.0,1.9,24.0,556.0,1422.0,2002.0,4312301.1,717531.3,5029832.399999999,835.6591460375477,0.3326133909287257
4034,Neuenhof,8972,4535.0,50.5,21.1,17.9,1667.7,AG,Northwestern CH,urban,German,171.0,1.9,7.0,636.0,2109.0,2752.0,3626378.15,589276.7,4215654.85,469.86790570664283,0.306732055283103
4035,Niederrohrdorf,4498,832.0,18.5,20.0,20.6,1350.8,AG,Northwestern CH,urban,German,17.0,0.4,18.0,116.0,719.0,853.0,5189190.55,806340.8,5995531.35,1332.9327145397954,0.18963983992885727
4037,Oberrohrdorf,4165,742.0,17.8,18.5,24.3,968.6,AG,Northwestern CH,urban,German,19.0,0.5,17.0,157.0,638.0,812.0,6636198.3,568779.35,7204977.649999999,1729.8865906362544,0.1949579831932773
4038,Obersiggenthal,8782,2766.0,31.5,21.0,21.7,1050.5,AG,Northwestern CH,urban,German,261.0,3.0,31.0,350.0,1612.0,1993.0,9276276.95,1484951.75,10761228.7,1225.373343202004,0.22694147119107264
4039,Remetschwil,2070,318.0,15.4,19.7,18.7,533.5,AG,Northwestern CH,urban,German,16.0,0.8,44.0,172.0,380.0,596.0,3359153.25,1406737.8,4765891.05,2302.3628260869564,0.28792270531400965
404,Burgdorf,16586,3021.0,18.2,18.8,22.0,1065.9,BE,Espace Mittelland,urban,German,1023.0,6.1,32.0,3820.0,10810.0,14662.0,10209570.7,955780.4,11165351.1,673.1792535873628,0.8839985529965031
4040,Spreitenbach,12322,6276.0,50.9,22.8,14.8,1432.8,AG,Northwestern CH,urban,German,270.0,2.2,38.0,1143.0,7369.0,8550.0,4754960.8,596277.7,5351238.5,434.2832738191852,0.6938808634961857
4041,Stetten (AG),2420,505.0,20.9,22.2,16.0,548.8,AG,Northwestern CH,urban,German,6.0,0.3,66.0,609.0,316.0,991.0,1722879.2,163694.6,1886573.8,779.5759504132232,0.40950413223140497
4044,Untersiggenthal,7486,2223.0,29.7,21.5,19.1,904.1,AG,Northwestern CH,urban,German,130.0,1.8,45.0,1307.0,1030.0,2382.0,5761908.5,807859.25,6569767.75,877.6072335025381,0.3181939620625167
4045,Wettingen,21094,6006.0,28.5,19.2,20.5,1990.0,AG,Northwestern CH,urban,German,427.0,2.0,80.0,1437.0,6220.0,7737.0,20187042.65,3633796.2,23820838.849999998,1129.2708281975915,0.36678676400872284
4046,Wohlenschwil,1820,383.0,21.0,21.9,16.3,414.6,AG,Northwestern CH,intermediate,German,,,61.0,48.0,246.0,355.0,1350498.7,193913.7,1544412.4,848.5782417582417,0.19505494505494506
4047,Würenlingen,5005,1284.0,25.7,21.6,17.7,534.2,AG,Northwestern CH,intermediate,German,84.0,1.7,58.0,1380.0,2427.0,3865.0,3548244.7,215345.8,3763590.5,751.9661338661339,0.7722277722277723
4048,Würenlos,6727,1250.0,18.6,22.7,18.7,745.0,AG,Northwestern CH,urban,German,50.0,0.8,66.0,799.0,1507.0,2372.0,8539790.1,949028.3,9488818.4,1410.5572171844806,0.3526088895495763
4049,Ehrendingen,4827,843.0,17.5,21.8,19.5,662.1,AG,Northwestern CH,intermediate,German,52.0,1.1,72.0,147.0,645.0,864.0,4395821.05,920772.45,5316593.5,1101.4281126993992,0.17899316345556246
405,Ersigen,2020,73.0,3.6,20.3,21.9,130.7,BE,Espace Mittelland,urban,German,16.0,0.8,158.0,148.0,271.0,577.0,1441979.8,44454.95,1486434.75,735.8587871287128,0.2856435643564356
406,Hasle bei Burgdorf,3377,299.0,8.9,21.2,19.3,154.3,BE,Espace Mittelland,intermediate,German,119.0,3.5,252.0,322.0,816.0,1390.0,1629573.15,28899.7,1658472.8499999999,491.1083358010068,0.41160793603790347
4061,Arni (AG),1886,262.0,13.9,21.2,18.4,559.6,AG,Northwestern CH,intermediate,German,10.0,0.5,16.0,92.0,194.0,302.0,2894452.6,446638.95,3341091.5500000003,1771.5225609756098,0.16012725344644752
4062,Berikon,4880,917.0,18.8,21.3,20.8,907.1,AG,Northwestern CH,urban,German,39.0,0.8,29.0,141.0,1416.0,1586.0,5211992.55,593130.15,5805122.7,1189.574323770492,0.325
4063,Bremgarten (AG),8705,1951.0,22.4,18.9,18.3,766.3,AG,Northwestern CH,urban,German,114.0,1.3,50.0,1090.0,3653.0,4793.0,8626886.85,554754.65,9181641.5,1054.7549109707065,0.5506031016657094
4064,Büttikon,1111,210.0,18.9,21.6,18.0,394.0,AG,Northwestern CH,intermediate,German,8.0,0.7,22.0,70.0,131.0,223.0,1045291.65,87686.9,1132978.55,1019.7826732673268,0.2007200720072007
4065,Dottikon,4085,1575.0,38.6,21.1,17.0,1052.8,AG,Northwestern CH,intermediate,German,115.0,2.8,34.0,257.0,519.0,810.0,2262094.15,204705.55,2466799.6999999997,603.867735618115,0.19828641370869032
4066,Eggenwil,1038,195.0,18.8,20.8,20.6,422.0,AG,Northwestern CH,intermediate,German,10.0,1.0,32.0,43.0,91.0,166.0,1054743.2,201214.6,1255957.8,1209.978612716763,0.1599229287090559
4067,Fischbach-Göslikon,1714,348.0,20.3,22.4,16.1,558.3,AG,Northwestern CH,intermediate,German,30.0,1.8,24.0,185.0,190.0,399.0,1005100.4,109273.2,1114373.6,650.1596266044342,0.23278879813302217
4068,Hägglingen,2454,366.0,14.9,20.1,18.9,316.6,AG,Northwestern CH,intermediate,German,21.0,0.9,76.0,406.0,296.0,778.0,2512564.8,142499.45,2655064.25,1081.933272208639,0.31703341483292585
407,Heimiswil,1613,63.0,3.9,22.0,19.6,69.0,BE,Espace Mittelland,rural,German,43.0,2.6,263.0,51.0,159.0,473.0,700094.5,17735.7,717830.2,445.0280223186609,0.29324240545567265
4071,Jonen,2316,372.0,16.1,23.4,14.4,406.3,AG,Northwestern CH,intermediate,German,11.0,0.5,56.0,189.0,384.0,629.0,3491112.7,572719.3,4063832.0,1754.6770293609673,0.2715889464594128
4072,Niederwil (AG),3005,566.0,18.8,20.3,18.4,488.6,AG,Northwestern CH,intermediate,German,31.0,1.1,75.0,390.0,936.0,1401.0,2316314.2,124528.05,2440842.25,812.260316139767,0.46622296173044925
4073,Oberlunkhofen,2096,288.0,13.7,19.0,21.5,644.9,AG,Northwestern CH,intermediate,German,8.0,0.4,35.0,61.0,367.0,463.0,4068712.65,486332.0,4555044.65,2173.2083253816795,0.22089694656488548
4074,Oberwil-Lieli,2586,315.0,12.2,20.8,20.6,483.4,AG,Northwestern CH,intermediate,German,11.0,0.4,60.0,102.0,366.0,528.0,9008039.7,882126.3,9890166.0,3824.503480278422,0.20417633410672853
4075,Rudolfstetten-Friedlisberg,4618,1312.0,28.4,21.6,17.4,942.4,AG,Northwestern CH,urban,German,51.0,1.1,28.0,341.0,659.0,1028.0,4353606.45,606899.75,4960506.2,1074.1676483326116,0.22260718925941966
4076,Sarmenstorf,3066,464.0,15.1,21.9,16.8,369.4,AG,Northwestern CH,rural,German,32.0,1.1,66.0,194.0,477.0,737.0,2452711.0,99220.0,2551931.0,832.3323548597522,0.24037834311806913
4077,Tägerig,1527,297.0,19.4,24.1,18.1,464.1,AG,Northwestern CH,intermediate,German,31.0,2.1,19.0,23.0,180.0,222.0,965137.6,60336.55,1025474.15,671.5613294040603,0.14538310412573674
4078,Uezwil,503,68.0,13.5,20.9,16.3,206.1,AG,Northwestern CH,rural,German,,,34.0,20.0,41.0,95.0,314402.35,30561.4,344963.75,685.8126242544731,0.18886679920477137
4079,Unterlunkhofen,1552,222.0,14.3,19.1,18.2,345.7,AG,Northwestern CH,intermediate,German,,,43.0,109.0,111.0,263.0,2083372.8,141521.6,2224894.4,1433.5659793814432,0.16945876288659795
408,Hellsau,203,10.0,4.9,24.1,16.7,137.2,BE,Espace Mittelland,rural,German,,,27.0,62.0,44.0,133.0,68424.45,0.0,68424.45,337.06625615763545,0.6551724137931034
4080,Villmergen,7869,2668.0,33.9,22.9,15.5,659.0,AG,Northwestern CH,urban,German,128.0,1.7,71.0,2178.0,2420.0,4669.0,4454749.35,378545.55,4833294.899999999,614.2197102554327,0.5933409581903673
4081,Widen,3877,684.0,17.6,20.2,24.8,1479.8,AG,Northwestern CH,urban,German,40.0,1.0,15.0,117.0,813.0,945.0,7632664.95,1679804.7,9312469.65,2401.9782434872327,0.24374516378643282
4082,Wohlen (AG),17133,6999.0,40.9,20.7,18.9,1372.8,AG,Northwestern CH,urban,German,549.0,3.2,66.0,1806.0,6894.0,8766.0,10067618.55,964630.8,11032249.350000001,643.9181316757137,0.5116441954123621
4083,Zufikon,4713,946.0,20.1,19.9,21.2,979.8,AG,Northwestern CH,urban,German,39.0,0.8,17.0,269.0,911.0,1197.0,5708121.2,652159.65,6360280.850000001,1349.5185338425633,0.25397835773392746
4084,Islisberg,694,95.0,13.7,22.3,15.1,418.1,AG,Northwestern CH,rural,German,,,24.0,7.0,46.0,77.0,890124.25,97447.75,987572.0,1423.014409221902,0.11095100864553314
409,Hindelbank,2806,359.0,12.8,21.4,18.9,289.6,BE,Espace Mittelland,intermediate,German,85.0,3.1,59.0,150.0,780.0,989.0,1863988.4,55170.3,1919158.7,683.9482181040627,0.3524590163934426
4091,Auenstein,1669,188.0,11.3,18.6,19.7,293.8,AG,Northwestern CH,intermediate,German,,,14.0,113.0,153.0,280.0,1881363.4,123235.85,2004599.25,1201.07804074296,0.1677651288196525
4092,Birr,4605,2061.0,44.8,23.7,15.6,911.9,AG,Northwestern CH,intermediate,German,83.0,1.8,26.0,906.0,1039.0,1971.0,2420855.8,331435.0,2752290.8,597.67444082519,0.4280130293159609
4093,Birrhard,757,128.0,16.9,18.2,17.2,252.3,AG,Northwestern CH,rural,German,,,35.0,139.0,84.0,258.0,607637.15,36484.4,644121.55,850.8871202113608,0.34081902245706736
4095,Brugg,12943,3892.0,30.1,18.5,21.7,1568.8,AG,Northwestern CH,urban,German,380.0,2.9,22.0,1755.0,8183.0,9960.0,10615490.7,1568374.3,12183865.0,941.3478328053774,0.7695279301552963
4099,Habsburg,427,38.0,8.9,15.9,23.7,191.5,AG,Northwestern CH,intermediate,German,,,8.0,8.0,49.0,65.0,634729.65,82545.85,717275.5,1679.8021077283372,0.1522248243559719
41,Truttikon,465,36.0,7.7,19.4,20.9,105.4,ZH,Zurich,rural,German,,,53.0,34.0,44.0,131.0,413295.55,46892.95,460188.5,989.652688172043,0.2817204301075269
410,Höchstetten,268,15.0,5.6,18.3,20.1,101.5,BE,Espace Mittelland,rural,German,,,35.0,18.0,35.0,88.0,144461.65,27104.25,171565.9,640.1712686567164,0.3283582089552239
4100,Hausen (AG),3810,961.0,25.2,20.1,19.9,1190.6,AG,Northwestern CH,urban,German,32.0,0.9,8.0,163.0,1569.0,1740.0,2966479.0,280018.75,3246497.75,852.0991469816273,0.4566929133858268
4104,Lupfig,3291,696.0,21.1,19.3,20.3,389.5,AG,Northwestern CH,intermediate,German,37.0,1.1,68.0,685.0,2313.0,3066.0,2407433.4,242056.15,2649489.55,805.0712701306593,0.9316317228805834
4105,Mandach,343,34.0,9.9,22.2,21.0,61.9,AG,Northwestern CH,rural,German,,,32.0,7.0,49.0,88.0,414347.15,2899.45,417246.60000000003,1216.462390670554,0.2565597667638484
4106,Mönthal,396,54.0,13.6,16.2,33.6,100.5,AG,Northwestern CH,rural,German,,,14.0,37.0,34.0,85.0,312735.5,21571.45,334306.95,844.2094696969697,0.21464646464646464
4107,Mülligen,1110,234.0,21.1,20.5,17.3,351.3,AG,Northwestern CH,intermediate,German,11.0,1.0,16.0,69.0,104.0,189.0,852937.15,36703.5,889640.65,801.4780630630631,0.17027027027027028
411,Kernenried,541,30.0,5.5,20.3,19.8,162.5,BE,Espace Mittelland,rural,German,,,33.0,26.0,69.0,128.0,334245.75,4476.9,338722.65,626.1047134935305,0.2365988909426987
4110,Remigen,1359,257.0,18.9,20.8,21.6,172.7,AG,Northwestern CH,rural,German,6.0,0.4,116.0,113.0,137.0,366.0,1019206.6,109963.05,1129169.65,830.8827446651949,0.2693156732891832
4111,Riniken,1527,323.0,21.2,22.1,22.4,320.8,AG,Northwestern CH,intermediate,German,19.0,1.3,30.0,49.0,193.0,272.0,1139937.85,129134.2,1269072.05,831.0884413883432,0.17812704649639816
4112,Rüfenach,856,119.0,13.9,18.3,21.5,205.3,AG,Northwestern CH,intermediate,German,8.0,0.9,46.0,21.0,161.0,228.0,623734.85,78628.35,702363.2,820.5177570093457,0.26635514018691586
4117,Thalheim (AG),912,75.0,8.2,19.3,23.6,91.9,AG,Northwestern CH,rural,German,,,56.0,68.0,124.0,248.0,717177.8,41387.85,758565.65,831.760581140351,0.2719298245614035
412,Kirchberg (BE),5899,895.0,15.2,18.9,24.1,651.8,BE,Espace Mittelland,urban,German,197.0,3.3,69.0,1064.0,2200.0,3333.0,4447581.85,479721.3,4927303.149999999,835.2776996101034,0.5650110188167486
4120,Veltheim (AG),1517,298.0,19.6,20.0,17.3,289.5,AG,Northwestern CH,intermediate,German,28.0,1.8,54.0,226.0,365.0,645.0,1055607.25,56531.55,1112138.8,733.1172050098879,0.42518127883981544
4121,Villigen,2179,602.0,27.6,18.2,20.6,194.4,AG,Northwestern CH,intermediate,German,9.0,0.4,51.0,65.0,1437.0,1553.0,1381900.1,175811.85,1557711.9500000002,714.8746902248739,0.7127122533272143
4122,Villnachern,1664,282.0,16.9,21.6,21.6,289.4,AG,Northwestern CH,rural,German,13.0,0.8,34.0,100.0,124.0,258.0,1026179.3,101911.35,1128090.6500000001,677.939092548077,0.15504807692307693
4123,Windisch,8022,2353.0,29.3,20.4,18.5,1633.8,AG,Northwestern CH,urban,German,178.0,2.2,11.0,379.0,4861.0,5251.0,5479083.65,649225.6,6128309.25,763.937827225131,0.6545749189728247
4124,Bözberg,1657,183.0,11.0,18.6,23.1,106.9,AG,Northwestern CH,rural,German,15.0,0.9,94.0,30.0,206.0,330.0,1324488.95,471014.25,1795503.2,1083.5867229933615,0.1991550995775498
4125,Schinznach,2407,438.0,18.2,18.2,21.8,196.7,AG,Northwestern CH,intermediate,German,36.0,1.5,160.0,425.0,784.0,1369.0,1803571.35,121798.8,1925370.1500000001,799.9045076859161,0.5687577897798088
413,Koppigen,2214,152.0,6.9,18.8,24.2,319.5,BE,Espace Mittelland,intermediate,German,33.0,1.5,50.0,215.0,701.0,966.0,1423209.6,50081.45,1473291.05,665.4431120144535,0.4363143631436314
4131,Beinwil am See,3477,586.0,16.9,19.0,21.1,910.2,AG,Northwestern CH,urban,German,44.0,1.3,24.0,206.0,783.0,1013.0,3554387.1,617682.35,4172069.45,1199.9049324129999,0.2913431118780558
4132,Birrwil,1357,256.0,18.9,13.5,24.4,397.9,AG,Northwestern CH,intermediate,German,8.0,0.6,17.0,24.0,177.0,218.0,1228775.75,219519.05,1448294.8,1067.2769344141489,0.1606484893146647
4134,Dürrenäsch,1348,165.0,12.2,25.1,17.7,228.1,AG,Northwestern CH,rural,German,27.0,2.0,22.0,222.0,693.0,937.0,748874.45,35531.15,784405.6,581.9032640949555,0.6951038575667656
4135,Gontenschwil,2124,393.0,18.5,18.1,22.2,218.1,AG,Northwestern CH,rural,German,60.0,2.8,91.0,412.0,549.0,1052.0,1051885.0,73126.5,1125011.5,529.6664312617703,0.4952919020715631
4136,Holziken,1681,340.0,20.2,19.4,16.0,587.8,AG,Northwestern CH,urban,German,27.0,1.6,25.0,77.0,185.0,287.0,1015041.25,36553.15,1051594.4,625.5766805472932,0.17073170731707318
4137,Leimbach (AG),502,63.0,12.5,18.9,19.3,436.5,AG,Northwestern CH,intermediate,German,,,20.0,53.0,51.0,124.0,324063.3,11466.3,335529.6,668.3856573705178,0.24701195219123506
4138,Leutwil,742,65.0,8.8,19.3,20.6,197.9,AG,Northwestern CH,rural,German,,,29.0,74.0,60.0,163.0,541895.25,24812.35,566707.6,763.7568733153638,0.2196765498652291
4139,Menziken,7874,2994.0,38.0,21.5,18.4,1075.7,AG,Northwestern CH,urban,German,212.0,2.7,35.0,618.0,1606.0,2259.0,3249979.5,234406.1,3484385.6,442.5178562357125,0.2868935737871476
414,Krauchthal,2369,135.0,5.7,18.8,20.3,121.9,BE,Espace Mittelland,rural,German,36.0,1.5,110.0,102.0,334.0,546.0,1471605.25,41453.95,1513059.2,638.6910932883072,0.23047699451245252
4140,Oberkulm,2863,746.0,26.1,21.9,21.1,304.3,AG,Northwestern CH,rural,German,39.0,1.4,75.0,529.0,389.0,993.0,1342253.1,76241.4,1418494.5,495.4573873559204,0.3468389800908138
4141,Reinach (AG),9216,3904.0,42.4,20.2,19.8,973.2,AG,Northwestern CH,urban,German,253.0,2.8,62.0,1307.0,2486.0,3855.0,3924530.1,265820.3,4190350.4,454.6821180555555,0.4182942708333333
4142,Schlossrued,840,83.0,9.9,18.7,19.8,115.9,AG,Northwestern CH,rural,German,8.0,1.0,82.0,154.0,131.0,367.0,492148.15,15495.55,507643.7,604.3377380952381,0.4369047619047619
4143,Schmiedrued,1159,119.0,10.3,19.2,20.0,134.0,AG,Northwestern CH,rural,German,6.0,0.5,106.0,112.0,162.0,380.0,515468.35,17954.6,533422.95,460.2441328731665,0.32786885245901637
4144,Schöftland,4520,827.0,18.3,18.5,22.8,719.7,AG,Northwestern CH,urban,German,67.0,1.5,16.0,452.0,1325.0,1793.0,3136807.8,137638.35,3274446.15,724.434988938053,0.39668141592920353
4145,Teufenthal (AG),1738,461.0,26.5,18.5,18.2,486.8,AG,Northwestern CH,rural,German,42.0,2.4,33.0,102.0,231.0,366.0,766837.4,66187.2,833024.6,479.3006904487917,0.21058688147295743
4146,Unterkulm,3519,1108.0,31.5,21.6,19.3,396.3,AG,Northwestern CH,rural,German,119.0,3.4,65.0,438.0,663.0,1166.0,1409073.45,63837.15,1472910.5999999999,418.55942028985504,0.3313441318556408
4147,Zetzwil,1382,170.0,12.3,20.8,20.6,238.3,AG,Northwestern CH,rural,German,20.0,1.5,41.0,151.0,420.0,612.0,712130.15,36459.55,748589.7000000001,541.6712735166426,0.44283646888567296
415,Lyssach,1477,146.0,9.9,19.2,22.1,244.1,BE,Espace Mittelland,intermediate,German,49.0,3.4,32.0,183.0,1507.0,1722.0,927782.9,36377.15,964160.05,652.782701421801,1.1658767772511849
4161,Eiken,2409,609.0,25.3,20.2,16.7,340.3,AG,Northwestern CH,intermediate,German,38.0,1.6,26.0,627.0,660.0,1313.0,1468343.35,134746.15,1603089.5,665.4584889995849,0.5450394354503943
4163,Frick,5718,1530.0,26.8,20.2,19.4,574.1,AG,Northwestern CH,urban,German,151.0,2.6,56.0,926.0,3313.0,4295.0,4968308.5,668592.8,5636901.3,985.8169464847848,0.7511367611052816
4164,Gansingen,1079,117.0,10.8,19.7,21.4,123.0,AG,Northwestern CH,rural,German,6.0,0.6,68.0,9.0,96.0,173.0,744997.55,68043.3,813040.8500000001,753.5132993512512,0.1603336422613531
4165,Gipf-Oberfrick,3802,557.0,14.7,19.7,19.1,373.8,AG,Northwestern CH,urban,German,40.0,1.1,96.0,171.0,541.0,808.0,3978630.5,386175.25,4364805.75,1148.0288663861127,0.21251972645975803
4169,Kaisten,2824,552.0,19.5,18.4,20.3,156.1,AG,Northwestern CH,rural,German,14.0,0.5,77.0,482.0,328.0,887.0,2353300.9,217693.9,2570994.8,910.4089235127478,0.31409348441926344
4170,Laufenburg,3688,1211.0,32.8,20.4,21.7,254.9,AG,Northwestern CH,rural,German,84.0,2.3,79.0,855.0,1353.0,2287.0,2315534.8,464566.9,2780101.6999999997,753.8236713665943,0.620119305856833
4172,Münchwilen (AG),1034,291.0,28.1,19.8,16.1,420.3,AG,Northwestern CH,urban,German,13.0,1.3,4.0,383.0,207.0,594.0,869140.05,120529.15,989669.2000000001,957.1268858800775,0.574468085106383
4173,Oberhof,576,48.0,8.3,25.7,16.3,70.2,AG,Northwestern CH,rural,German,15.0,2.6,61.0,29.0,44.0,134.0,376182.0,25813.5,401995.5,697.9088541666666,0.2326388888888889
4175,Oeschgen,1150,179.0,15.6,20.9,16.5,262.6,AG,Northwestern CH,urban,German,6.0,0.5,21.0,75.0,210.0,306.0,845152.1,79905.05,925057.15,804.3975217391304,0.26608695652173914
4176,Schwaderloch,703,186.0,26.5,17.5,18.8,253.8,AG,Northwestern CH,rural,German,14.0,2.0,9.0,153.0,67.0,229.0,356405.8,53051.4,409457.2,582.4426742532006,0.32574679943101
4177,Sisseln,1684,509.0,30.2,19.1,16.4,668.3,AG,Northwestern CH,intermediate,German,18.0,1.1,7.0,817.0,264.0,1088.0,1350890.75,220841.25,1571732.0,933.332541567696,0.6460807600950119
418,Oberburg,2936,560.0,19.1,20.3,21.0,207.6,BE,Espace Mittelland,urban,German,259.0,8.9,138.0,342.0,786.0,1266.0,1210584.6,109914.2,1320498.8,449.7611716621254,0.4311989100817439
4181,Wittnau,1385,136.0,9.8,20.6,17.5,123.1,AG,Northwestern CH,rural,German,11.0,0.8,45.0,115.0,115.0,275.0,1074758.95,76526.25,1151285.2,831.2528519855596,0.19855595667870035
4182,Wölflinswil,1029,90.0,8.7,20.8,19.2,108.2,AG,Northwestern CH,rural,German,13.0,1.3,100.0,79.0,130.0,309.0,659370.45,77758.15,737128.6,716.3543245869777,0.30029154518950435
4183,Zeihen,1220,214.0,17.5,21.7,15.7,177.3,AG,Northwestern CH,rural,German,11.0,0.9,83.0,58.0,126.0,267.0,852742.75,110982.05,963724.8,789.9383606557377,0.21885245901639344
4184,Mettauertal,2101,369.0,17.6,17.7,22.9,97.3,AG,Northwestern CH,rural,German,32.0,1.5,119.0,319.0,335.0,773.0,1398616.5,173955.8,1572572.3,748.4875297477392,0.36792003807710616
4185,Böztal,2843,519.0,18.3,20.9,19.2,127.4,AG,Northwestern CH,rural,German,33.0,1.2,146.0,143.0,389.0,678.0,1905423.8,194484.55,2099908.35,738.6241118536757,0.23848047836792122
4186,Herznach-Ueken,2563,433.0,16.9,20.6,16.6,225.4,AG,Northwestern CH,intermediate,German,22.0,0.9,90.0,179.0,243.0,512.0,1847337.1,263025.95,2110363.05,823.3956496293406,0.1997658993367148
4191,Ammerswil,777,107.0,13.8,24.7,15.8,243.6,AG,Northwestern CH,rural,German,,,37.0,33.0,54.0,124.0,538707.3,26193.8,564901.1000000001,727.0284427284429,0.15958815958815958
4192,Boniswil,1669,286.0,17.1,19.0,19.6,692.5,AG,Northwestern CH,rural,German,14.0,0.9,9.0,60.0,148.0,217.0,1326583.55,106859.05,1433442.6,858.8631515877772,0.13001797483523067
4193,Brunegg,877,210.0,23.9,22.0,14.0,565.8,AG,Northwestern CH,intermediate,German,,,15.0,121.0,563.0,699.0,644172.9,111804.15,755977.05,862.0034777651084,0.7970353477765109
4194,Dintikon,2379,647.0,27.2,22.5,16.1,639.5,AG,Northwestern CH,intermediate,German,17.0,0.7,58.0,211.0,1003.0,1272.0,1445412.0,115898.3,1561310.3,656.2884825556957,0.5346784363177806
4195,Egliswil,1544,217.0,14.1,18.2,17.5,245.5,AG,Northwestern CH,rural,German,13.0,0.9,32.0,204.0,205.0,441.0,1101083.6,66953.55,1168037.1500000001,756.500744818653,0.2856217616580311
4196,Fahrwangen,2456,614.0,25.0,22.0,17.9,612.5,AG,Northwestern CH,rural,German,44.0,1.8,34.0,296.0,438.0,768.0,1323013.8,83282.0,1406295.8,572.596009771987,0.3127035830618892
4197,Hallwil,1003,216.0,21.5,18.7,17.4,460.1,AG,Northwestern CH,rural,German,18.0,1.8,15.0,117.0,174.0,306.0,552756.85,25206.75,577963.6,576.2348953140578,0.3050847457627119
4198,Hendschiken,1334,284.0,21.3,21.4,12.6,379.0,AG,Northwestern CH,intermediate,German,15.0,1.1,27.0,67.0,465.0,559.0,598503.7,36944.15,635447.85,476.3477136431784,0.41904047976011993
4199,Holderbank (AG),1487,507.0,34.1,18.1,15.1,638.2,AG,Northwestern CH,urban,German,18.0,1.2,7.0,101.0,610.0,718.0,826258.35,87350.1,913608.45,614.3970746469402,0.4828513786146604
420,Rüdtligen-Alchenflüh,2459,626.0,25.5,19.8,19.0,904.0,BE,Espace Mittelland,urban,German,127.0,5.1,30.0,392.0,790.0,1212.0,1150712.45,54316.45,1205028.9,490.04835298901986,0.4928832858885726
4200,Hunzenschwil,4308,1309.0,30.4,21.0,15.0,1321.5,AG,Northwestern CH,intermediate,German,31.0,0.7,30.0,553.0,1346.0,1929.0,2428919.2,214746.05,2643665.25,613.6641713091922,0.4477715877437326
4201,Lenzburg,11054,3197.0,28.9,18.0,17.5,977.4,AG,Northwestern CH,urban,German,428.0,3.9,21.0,2311.0,7463.0,9795.0,10798456.45,1347086.85,12145543.299999999,1098.74645377239,0.8861045775284965
4202,Meisterschwanden,3266,575.0,17.6,16.0,20.5,768.5,AG,Northwestern CH,rural,German,24.0,0.8,26.0,338.0,961.0,1325.0,7590707.25,611619.35,8202326.6,2511.4288426209428,0.40569503980404165
4203,Möriken-Wildegg,4676,989.0,21.2,20.7,20.6,707.4,AG,Northwestern CH,urban,German,105.0,2.3,28.0,478.0,1173.0,1679.0,4425077.8,640845.25,5065923.05,1083.3881629597947,0.35906757912745935
4204,Niederlenz,4781,1322.0,27.7,23.7,15.4,1444.4,AG,Northwestern CH,urban,German,79.0,1.6,10.0,675.0,1064.0,1749.0,2692232.4,239624.45,2931856.85,613.2308826605313,0.3658230495712194
4205,Othmarsingen,3096,831.0,26.8,22.0,14.2,655.9,AG,Northwestern CH,intermediate,German,56.0,1.8,33.0,394.0,784.0,1211.0,1966171.1,86812.65,2052983.75,663.108446382429,0.3911498708010336
4206,Rupperswil,5912,1388.0,23.5,21.9,15.0,950.5,AG,Northwestern CH,intermediate,German,114.0,2.0,19.0,778.0,1141.0,1938.0,4096683.65,373051.35,4469735.0,756.0444857916103,0.32780784844384303
4207,Schafisheim,3037,615.0,20.3,21.6,19.7,479.8,AG,Northwestern CH,intermediate,German,45.0,1.5,47.0,652.0,3585.0,4284.0,1900830.05,114515.5,2015345.55,663.5974810668423,1.410602568324004
4208,Seengen,4333,487.0,11.2,20.1,20.9,447.2,AG,Northwestern CH,rural,German,34.0,0.8,95.0,263.0,1015.0,1373.0,6514952.15,923660.5,7438612.65,1716.734975767367,0.3168705285021925
4209,Seon,5433,1365.0,25.1,21.2,18.6,564.8,AG,Northwestern CH,intermediate,German,111.0,2.1,80.0,718.0,2221.0,3019.0,3328891.95,250958.0,3579849.95,658.9085127921959,0.5556782624700902
421,Rumendingen,78,0.0,0.0,25.6,20.5,32.0,BE,Espace Mittelland,rural,German,,,34.0,14.0,98.0,146.0,35272.7,0.0,35272.7,452.2141025641025,1.8717948717948718
4210,Staufen,4174,777.0,18.6,21.2,15.6,1165.9,AG,Northwestern CH,urban,German,33.0,0.8,18.0,105.0,749.0,872.0,4157892.2,618884.0,4776776.2,1144.4121226641112,0.20891231432678486
422,Rüti bei Lyssach,160,5.0,3.1,21.3,19.4,124.0,BE,Espace Mittelland,rural,German,,,22.0,,4.0,26.0,103498.2,0.0,103498.2,646.86375,0.1625
4221,Abtwil,1054,170.0,16.1,22.2,12.5,254.6,AG,Northwestern CH,rural,German,,,43.0,54.0,77.0,174.0,635445.1,70041.65,705486.75,669.3422675521822,0.1650853889943074
4222,Aristau,1588,282.0,17.8,20.9,14.9,183.8,AG,Northwestern CH,rural,German,,,88.0,51.0,218.0,357.0,1615370.65,218252.85,1833623.5,1154.6747481108312,0.22481108312342568
4223,Auw,2279,491.0,21.5,26.1,11.6,266.2,AG,Northwestern CH,intermediate,German,14.0,0.6,99.0,211.0,296.0,606.0,1635923.2,228393.35,1864316.55,818.0414874945152,0.26590609916630104
4224,Beinwil (Freiamt),1248,154.0,12.3,24.4,15.9,110.3,AG,Northwestern CH,rural,German,,,124.0,55.0,229.0,408.0,1124264.95,76250.0,1200514.95,961.9510817307691,0.3269230769230769
4226,Besenbüren,628,55.0,8.8,22.5,13.9,263.9,AG,Northwestern CH,rural,German,,,25.0,36.0,74.0,135.0,462762.15,8542.2,471304.35000000003,750.4846337579619,0.21496815286624205
4227,Bettwil,680,66.0,9.7,21.6,16.3,160.0,AG,Northwestern CH,rural,German,,,47.0,115.0,79.0,241.0,628709.9,20922.9,649632.8,955.3423529411765,0.35441176470588237
4228,Boswil,3031,587.0,19.4,22.3,16.7,257.3,AG,Northwestern CH,intermediate,German,28.0,0.9,107.0,512.0,906.0,1525.0,1769869.4,94695.75,1864565.15,615.1650115473441,0.5031342791158033
4229,Bünzen,1197,207.0,17.3,21.6,16.2,207.1,AG,Northwestern CH,intermediate,German,6.0,0.5,71.0,46.0,136.0,253.0,713111.55,24744.5,737856.05,616.4210944026734,0.21136173767752714
423,Willadingen,191,,,14.7,31.9,88.0,BE,Espace Mittelland,rural,German,,,17.0,,18.0,35.0,139432.15,2877.55,142309.69999999998,745.0769633507853,0.18324607329842932
4230,Buttwil,1274,160.0,12.6,21.9,16.8,278.8,AG,Northwestern CH,rural,German,6.0,0.5,24.0,29.0,145.0,198.0,856147.8,109469.9,965617.7000000001,757.9416797488227,0.1554160125588697
4231,Dietwil,1428,247.0,17.3,23.5,13.3,260.1,AG,Northwestern CH,rural,German,13.0,0.9,64.0,33.0,94.0,191.0,1097042.6,47452.5,1144495.1,801.4671568627451,0.13375350140056022
4232,Geltwil,225,24.0,10.7,21.3,16.4,68.6,AG,Northwestern CH,rural,German,,,29.0,11.0,31.0,71.0,388420.45,0.0,388420.45,1726.313111111111,0.31555555555555553
4233,Kallern,408,38.0,9.3,28.2,14.0,152.2,AG,Northwestern CH,rural,German,,,45.0,10.0,56.0,111.0,388854.9,33251.95,422106.85000000003,1034.5756127450982,0.27205882352941174
4234,Merenschwand,3757,746.0,19.9,22.4,14.2,278.1,AG,Northwestern CH,intermediate,German,18.0,0.5,127.0,768.0,688.0,1583.0,2857479.4,289904.4,3147383.8,837.738568006388,0.42134681927069473
4235,Mühlau,1259,238.0,18.9,21.4,15.2,228.1,AG,Northwestern CH,rural,German,23.0,1.9,79.0,112.0,148.0,339.0,739635.65,61249.0,800884.65,636.1276012708499,0.2692613185067514
4236,Muri (AG),8381,1850.0,22.1,20.3,19.3,679.2,AG,Northwestern CH,intermediate,German,153.0,1.8,152.0,1675.0,3961.0,5788.0,6756451.95,803988.0,7560439.95,902.0928230521417,0.6906097124448156
4237,Oberrüti,1594,225.0,14.1,24.8,14.6,296.3,AG,Northwestern CH,rural,German,,,57.0,119.0,243.0,419.0,1152745.25,92628.0,1245373.25,781.2881116687579,0.26286072772898367
4238,Rottenschwil,913,140.0,15.3,15.1,17.4,203.3,AG,Northwestern CH,rural,German,9.0,1.0,29.0,61.0,126.0,216.0,983878.35,33748.0,1017626.35,1114.5962212486309,0.23658269441401972
4239,Sins,4352,858.0,19.7,22.7,16.8,214.3,AG,Northwestern CH,intermediate,German,19.0,0.4,269.0,1018.0,1101.0,2388.0,3247164.85,378866.25,3626031.1,833.1872931985295,0.5487132352941176
424,Wynigen,2071,66.0,3.2,21.5,23.4,73.1,BE,Espace Mittelland,rural,German,20.0,1.0,267.0,202.0,333.0,802.0,1017827.15,51287.1,1069114.25,516.2309270883632,0.3872525350072429
4240,Waltenschwil,3088,532.0,17.2,20.6,18.2,680.2,AG,Northwestern CH,intermediate,German,63.0,2.1,64.0,152.0,445.0,661.0,2340952.6,229684.35,2570636.95,832.4601522020725,0.21405440414507773
4251,Hellikon,817,69.0,8.4,18.8,22.4,116.1,AG,Northwestern CH,rural,German,,,52.0,30.0,53.0,135.0,474441.15,22633.85,497075.0,608.4149326805385,0.16523867809057527
4252,Kaiseraugst,5490,1591.0,29.0,19.4,19.5,1120.4,AG,Northwestern CH,urban,German,91.0,1.7,9.0,4891.0,1843.0,6743.0,4602484.05,1202577.2,5805061.25,1057.3882058287795,1.2282331511839708
4253,Magden,3894,580.0,14.9,20.5,21.8,353.4,AG,Northwestern CH,intermediate,German,23.0,0.6,43.0,193.0,474.0,710.0,6637190.5,1127094.8,7764285.3,1993.909938366718,0.18233179250128403
4254,Möhlin,11231,2927.0,26.1,20.9,18.6,597.4,AG,Northwestern CH,urban,German,264.0,2.4,122.0,1063.0,3325.0,4510.0,8650833.8,1245892.1,9896725.9,881.1972130709644,0.4015670910871694
4255,Mumpf,1541,523.0,33.9,15.1,17.5,490.8,AG,Northwestern CH,urban,German,18.0,1.2,13.0,84.0,273.0,370.0,1089061.3,152139.65,1241200.95,805.4516223231667,0.24010382868267358
4256,Obermumpf,1076,203.0,18.9,18.9,17.3,214.3,AG,Northwestern CH,rural,German,9.0,0.9,25.0,,80.0,105.0,684432.4,90187.85,774620.25,719.9072955390335,0.09758364312267657
4257,Olsberg,361,48.0,13.3,16.1,28.3,78.3,AG,Northwestern CH,rural,German,,,27.0,,79.0,106.0,795987.8,76074.75,872062.55,2415.685734072022,0.29362880886426596
4258,Rheinfelden,13624,4520.0,33.2,17.8,20.8,850.4,AG,Northwestern CH,urban,German,363.0,2.7,13.0,1346.0,7414.0,8773.0,13951104.45,3650426.25,17601530.7,1291.9502862595418,0.6439371697005285
4259,Schupfart,859,155.0,18.0,17.6,19.6,121.8,AG,Northwestern CH,rural,German,,,46.0,53.0,109.0,208.0,682572.5,60091.45,742663.95,864.5680442374854,0.2421420256111758
4260,Stein (AG),3405,1422.0,41.8,19.1,17.5,1203.2,AG,Northwestern CH,urban,German,65.0,1.9,4.0,2170.0,1480.0,3654.0,2518714.1,885550.95,3404265.05,999.7841556534507,1.0731277533039647
4261,Wallbach,2061,370.0,18.0,18.7,20.0,453.0,AG,Northwestern CH,urban,German,10.0,0.5,20.0,455.0,256.0,731.0,2699409.75,502926.95,3202336.7,1553.778117418729,0.3546821931101407
4262,Wegenstetten,1007,106.0,10.5,17.7,25.5,141.4,AG,Northwestern CH,rural,German,12.0,1.2,48.0,41.0,110.0,199.0,730034.2,35350.55,765384.75,760.0642999006951,0.19761668321747766
4263,Zeiningen,2494,465.0,18.6,20.5,19.3,219.3,AG,Northwestern CH,intermediate,German,26.0,1.1,72.0,100.0,424.0,596.0,2635448.1,593363.75,3228811.85,1294.6318564554933,0.23897353648757017
4264,Zuzgen,892,149.0,16.7,19.6,20.1,106.3,AG,Northwestern CH,rural,German,13.0,1.4,57.0,37.0,169.0,263.0,727955.45,133793.4,861748.85,966.0861547085201,0.2948430493273543
4271,Aarburg,8746,3937.0,45.0,20.4,14.3,1983.2,AG,Northwestern CH,urban,German,305.0,3.6,41.0,1054.0,2493.0,3588.0,4293031.7,432560.95,4725592.65,540.3147324491197,0.4102446832837869
4273,Bottenwil,852,75.0,8.8,22.1,21.1,167.1,AG,Northwestern CH,rural,German,,,36.0,38.0,84.0,158.0,596497.25,32878.4,629375.65,738.7038145539906,0.18544600938967137
4274,Brittnau,4130,478.0,11.6,19.8,19.3,302.1,AG,Northwestern CH,urban,German,57.0,1.4,135.0,204.0,415.0,754.0,2757848.75,141990.95,2899839.7,702.1403631961259,0.18256658595641648
4275,Kirchleerau,928,137.0,14.8,20.0,19.3,212.8,AG,Northwestern CH,intermediate,German,,,43.0,79.0,137.0,259.0,466952.15,6793.85,473746.0,510.5021551724138,0.2790948275862069
4276,Kölliken,4757,1051.0,22.1,22.7,16.7,535.1,AG,Northwestern CH,intermediate,German,79.0,1.7,49.0,418.0,1306.0,1773.0,2547219.15,187777.3,2734996.4499999997,574.9414441875131,0.37271389531217153
4277,Moosleerau,919,137.0,14.9,19.2,17.6,241.2,AG,Northwestern CH,rural,German,14.0,1.5,18.0,233.0,136.0,387.0,532987.05,28298.1,561285.15,610.7564200217628,0.4211099020674646
4279,Murgenthal,3064,668.0,21.8,19.6,19.6,164.6,AG,Northwestern CH,rural,German,47.0,1.6,48.0,337.0,519.0,904.0,1942869.05,99779.4,2042648.45,666.6607212793733,0.2950391644908616
4280,Oftringen,15020,5930.0,39.5,21.9,15.7,1168.9,AG,Northwestern CH,urban,German,163.0,1.1,96.0,1263.0,4546.0,5905.0,7262368.5,908560.5,8170929.0,544.0032623169108,0.39314247669773633
4281,Reitnau,1583,179.0,11.3,22.7,15.5,197.4,AG,Northwestern CH,rural,German,16.0,1.0,110.0,209.0,277.0,596.0,833361.25,34611.85,867973.1,548.3089703095388,0.37650031585596966
4282,Rothrist,9565,2321.0,24.3,22.0,18.3,807.2,AG,Northwestern CH,urban,German,194.0,2.1,53.0,1528.0,3749.0,5330.0,6247636.3,748314.8,6995951.1,731.4115107161526,0.5572399372713016
4283,Safenwil,4412,1208.0,27.4,20.2,17.5,736.6,AG,Northwestern CH,intermediate,German,140.0,3.3,43.0,358.0,1387.0,1788.0,1978595.7,130118.55,2108714.25,477.9497393472348,0.40525838621940163
4284,Staffelbach,1342,196.0,14.6,19.6,15.1,150.3,AG,Northwestern CH,rural,German,22.0,1.6,66.0,160.0,151.0,377.0,613710.5,35176.85,648887.35,483.5226154992548,0.2809239940387481
4285,Strengelbach,4948,1432.0,28.9,19.4,20.4,820.6,AG,Northwestern CH,urban,German,119.0,2.4,36.0,302.0,1081.0,1419.0,2268099.55,266011.25,2534110.8,512.1485044462408,0.28678253839935325
4286,Uerkheim,1391,151.0,10.9,19.3,19.9,196.2,AG,Northwestern CH,rural,German,21.0,1.5,74.0,100.0,179.0,353.0,823819.95,38908.9,862728.85,620.2220345075485,0.2537742631200575
4287,Vordemwald,1978,180.0,9.1,20.8,22.8,195.1,AG,Northwestern CH,intermediate,German,28.0,1.4,45.0,127.0,399.0,571.0,1188077.6,43165.5,1231243.1,622.4687057633975,0.28867542972699695
4288,Wiliberg,167,13.0,7.8,15.0,21.0,142.7,AG,Northwestern CH,rural,German,,,12.0,7.0,28.0,47.0,137241.95,0.0,137241.95,821.8080838323355,0.281437125748503
4289,Zofingen,12453,2524.0,20.3,19.0,20.0,1123.9,AG,Northwestern CH,urban,German,311.0,2.5,62.0,3399.0,7569.0,11030.0,12033318.05,1233720.05,13267038.100000001,1065.3688348189194,0.885730346101341
43,Volken,381,31.0,8.1,24.9,12.1,119.1,ZH,Zurich,intermediate,German,,,31.0,14.0,44.0,89.0,393398.3,26115.75,419514.05,1101.086745406824,0.2335958005249344
4303,Böttstein,4143,1730.0,41.8,20.1,22.5,557.6,AG,Northwestern CH,urban,German,44.0,1.1,50.0,787.0,961.0,1798.0,2174570.3,250084.6,2424654.9,585.2413468501086,0.43398503499879315
4304,Döttingen,4375,1909.0,43.6,19.6,18.5,631.3,AG,Northwestern CH,urban,German,134.0,3.1,49.0,1293.0,1031.0,2373.0,2472511.4,450432.15,2922943.55,668.1013828571428,0.5424
4305,Endingen,2610,495.0,19.0,22.6,19.5,219.1,AG,Northwestern CH,intermediate,German,27.0,1.0,86.0,218.0,536.0,840.0,2006962.85,160657.6,2167620.45,830.5059195402299,0.3218390804597701
4306,Fisibach,582,182.0,31.3,24.2,13.2,100.9,AG,Northwestern CH,intermediate,German,,,32.0,82.0,78.0,192.0,336786.05,59521.1,396307.14999999997,680.9401202749141,0.32989690721649484
4307,Full-Reuenthal,958,190.0,19.8,22.4,18.8,200.4,AG,Northwestern CH,rural,German,8.0,0.9,56.0,20.0,110.0,186.0,749403.1,70972.75,820375.85,856.3422233820459,0.1941544885177453
4309,Klingnau,3603,1076.0,29.9,20.3,20.9,537.0,AG,Northwestern CH,urban,German,72.0,2.0,35.0,320.0,653.0,1008.0,2407297.2,335867.85,2743165.0500000003,761.3558284762698,0.279766860949209
431,Corgémont,1789,263.0,14.7,24.0,20.3,101.2,BE,Espace Mittelland,rural,French,35.0,1.9,60.0,226.0,492.0,778.0,940378.05,227608.8,1167986.85,652.8713527110118,0.43487982112912243
4310,Koblenz,1673,711.0,42.5,19.5,17.2,410.0,AG,Northwestern CH,intermediate,German,41.0,2.4,28.0,181.0,247.0,456.0,696235.15,116793.4,813028.55,485.9704423191871,0.27256425582785415
4311,Leibstadt,1507,593.0,39.3,19.3,18.0,235.5,AG,Northwestern CH,rural,German,51.0,3.5,57.0,668.0,324.0,1049.0,805887.65,59833.1,865720.75,574.4663238221632,0.6960849369608494
4312,Lengnau (AG),2866,446.0,15.6,22.5,17.9,226.2,AG,Northwestern CH,intermediate,German,35.0,1.2,113.0,450.0,612.0,1175.0,2507488.45,730009.65,3237498.1,1129.6225052337754,0.4099790648988137
4313,Leuggern,2345,589.0,25.1,17.6,21.8,170.4,AG,Northwestern CH,rural,German,21.0,0.9,108.0,288.0,856.0,1252.0,1333720.75,166107.7,1499828.45,639.5856929637526,0.5339019189765458
4314,Mellikon,231,27.0,11.7,21.2,26.4,85.6,AG,Northwestern CH,rural,German,,,10.0,73.0,55.0,138.0,125206.35,6047.25,131253.6,568.1974025974026,0.5974025974025974
4318,Schneisingen,1526,201.0,13.2,18.0,23.9,184.7,AG,Northwestern CH,intermediate,German,,,63.0,82.0,201.0,346.0,1262207.65,89748.15,1351955.7999999998,885.9474442988203,0.22673656618610746
4319,Siglistorf,713,161.0,22.6,19.6,15.7,129.4,AG,Northwestern CH,rural,German,7.0,1.0,17.0,66.0,95.0,178.0,469499.6,107338.3,576837.9,809.0293127629734,0.2496493688639551
432,Cormoret,505,27.0,5.3,22.6,23.2,37.5,BE,Espace Mittelland,rural,French,12.0,2.4,28.0,27.0,83.0,138.0,224847.1,35171.25,260018.35,514.8878217821782,0.2732673267326733
4320,Tegerfelden,1282,214.0,16.7,20.4,18.3,180.3,AG,Northwestern CH,rural,German,15.0,1.2,61.0,218.0,196.0,475.0,860072.4,118063.7,978136.1,762.9766770670826,0.3705148205928237
4324,Zurzach,7911,2732.0,34.5,17.7,22.1,304.4,AG,Northwestern CH,intermediate,German,182.0,2.3,128.0,623.0,3230.0,3981.0,5070728.35,663644.15,5734372.5,724.8606370875996,0.50322335987865
433,Cortébert,683,97.0,14.2,20.4,22.0,46.3,BE,Espace Mittelland,rural,French,22.0,3.2,51.0,60.0,133.0,244.0,320207.1,24410.55,344617.64999999997,504.56464128843334,0.35724743777452417
434,Courtelary,1420,215.0,15.1,24.2,19.4,63.9,BE,Espace Mittelland,rural,French,46.0,3.3,56.0,367.0,345.0,768.0,843638.9,176975.7,1020614.6000000001,718.742676056338,0.5408450704225352
435,La Ferrière,539,41.0,7.6,20.0,15.4,38.1,BE,Espace Mittelland,rural,French,7.0,1.3,68.0,64.0,62.0,194.0,212497.3,57658.7,270156.0,501.2170686456401,0.35992578849721707
437,Mont-Tramelan,110,,,29.1,20.9,23.7,BE,Espace Mittelland,rural,German,,,35.0,10.0,7.0,52.0,19769.4,0.0,19769.4,179.7218181818182,0.4727272727272727
438,Orvin,1236,138.0,11.2,19.4,23.9,57.2,BE,Espace Mittelland,rural,French,16.0,1.3,51.0,179.0,269.0,499.0,1220516.15,49953.35,1270469.5,1027.8879449838187,0.40372168284789645
4401,Arbon,15459,5362.0,34.7,19.3,21.0,2576.5,TG,Eastern CH,urban,German,431.0,2.8,40.0,1879.0,4830.0,6749.0,7649616.2,879200.4,8528816.6,551.7055825085711,0.43657416391745907
4406,Dozwil,715,135.0,18.9,22.9,20.7,550.0,TG,Eastern CH,intermediate,German,,,19.0,107.0,95.0,221.0,496428.1,45291.0,541719.1,757.6490909090909,0.3090909090909091
441,Renan (BE),977,101.0,10.3,20.5,19.5,77.4,BE,Espace Mittelland,rural,French,25.0,2.6,55.0,29.0,170.0,254.0,370278.3,49690.05,419968.35,429.85501535312176,0.2599795291709314
4411,Egnach,4897,724.0,14.8,22.1,17.8,265.7,TG,Eastern CH,intermediate,German,57.0,1.2,369.0,538.0,1048.0,1955.0,3282313.5,287758.55,3570072.05,729.0324790688176,0.3992240147028793
4416,Hefenhofen,1309,220.0,16.8,20.3,14.7,215.3,TG,Eastern CH,intermediate,German,24.0,1.8,118.0,481.0,215.0,814.0,661223.35,18992.9,680216.25,519.6457219251337,0.6218487394957983
442,Romont (BE),222,44.0,19.8,14.9,26.1,31.6,BE,Espace Mittelland,rural,French,,,13.0,6.0,15.0,34.0,177669.25,4963.0,182632.25,822.6677927927927,0.15315315315315314
4421,Horn,2907,532.0,18.3,15.9,23.4,1690.1,TG,Eastern CH,urban,German,16.0,0.6,13.0,382.0,893.0,1288.0,3127008.45,472640.4,3599648.85,1238.269298245614,0.4430684554523564
4426,Kesswil,1007,186.0,18.5,21.5,23.2,225.3,TG,Eastern CH,intermediate,German,,,65.0,170.0,195.0,430.0,1185440.4,113073.85,1298514.25,1289.4878351539226,0.4270109235352532
443,Saint-Imier,5080,1532.0,30.2,19.3,19.6,243.4,BE,Espace Mittelland,intermediate,French,434.0,8.5,58.0,1436.0,2285.0,3779.0,1978521.8,436579.1,2415100.9,475.41356299212595,0.7438976377952756
4431,Roggwil (TG),3358,358.0,10.7,22.3,16.4,279.1,TG,Eastern CH,urban,German,21.0,0.6,161.0,818.0,746.0,1725.0,3104522.45,236729.8,3341252.25,995.0125818939845,0.5136986301369864
4436,Romanshorn,11556,3814.0,33.0,18.9,21.5,1323.7,TG,Eastern CH,urban,German,266.0,2.3,72.0,1961.0,4147.0,6180.0,6050639.95,1115937.6,7166577.550000001,620.1607433367948,0.5347871235721703
444,Sonceboz-Sombeval,1921,334.0,17.4,22.2,17.5,128.3,BE,Espace Mittelland,rural,French,44.0,2.3,38.0,1080.0,563.0,1681.0,865737.5,169681.95,1035419.45,539.0002342529932,0.875065070275898
4441,Salmsach,1576,489.0,31.0,21.4,16.2,581.5,TG,Eastern CH,urban,German,12.0,0.8,181.0,103.0,209.0,493.0,781380.5,42338.9,823719.4,522.6645939086295,0.31281725888324874
4446,Sommeri,654,120.0,18.3,21.4,17.4,155.0,TG,Eastern CH,rural,German,7.0,1.1,46.0,91.0,388.0,525.0,244696.45,21982.55,266679.0,407.76605504587155,0.8027522935779816
445,Sonvilier,1210,157.0,13.0,24.1,16.0,50.9,BE,Espace Mittelland,rural,French,34.0,2.8,105.0,37.0,162.0,304.0,371476.1,60442.45,431918.55,356.957479338843,0.2512396694214876
4451,Uttwil,1918,357.0,18.6,18.7,22.3,439.9,TG,Eastern CH,intermediate,German,22.0,1.1,66.0,44.0,277.0,387.0,2536138.4,206931.9,2743070.3,1430.1722106360792,0.20177267987486966
446,Tramelan,4587,770.0,16.8,21.4,20.8,184.7,BE,Espace Mittelland,intermediate,French,227.0,4.9,94.0,1158.0,1259.0,2511.0,2836403.35,276959.0,3113362.35,678.7360693263571,0.5474166121648136
4461,Amriswil,14313,4782.0,33.4,20.7,18.3,752.5,TG,Eastern CH,urban,German,178.0,1.2,203.0,2033.0,4356.0,6592.0,6621545.8,654688.75,7276234.55,508.3654405086285,0.46056032977013905
4471,Bischofszell,6064,1607.0,26.5,20.3,19.2,523.7,TG,Eastern CH,intermediate,German,87.0,1.5,91.0,1722.0,1688.0,3501.0,2474107.2,273373.75,2747480.95,453.0806315963061,0.5773416886543535
4476,Erlen,3888,1079.0,27.8,23.9,14.6,318.9,TG,Eastern CH,rural,German,30.0,0.8,185.0,575.0,576.0,1336.0,1563799.5,249550.55,1813350.05,466.39661779835393,0.3436213991769547
448,Villeret,923,158.0,17.1,21.0,20.6,56.9,BE,Espace Mittelland,intermediate,French,36.0,3.9,39.0,1101.0,127.0,1267.0,560185.25,94298.65,654483.9,709.0833152762731,1.3726977248104009
4486,Hauptwil-Gottshaus,2040,212.0,10.4,23.1,16.4,163.3,TG,Eastern CH,rural,German,7.0,0.3,137.0,184.0,272.0,593.0,1181933.55,63959.5,1245893.05,610.731887254902,0.29068627450980394
449,Sauge,826,104.0,12.6,17.1,23.6,61.4,BE,Espace Mittelland,rural,French,21.0,2.6,27.0,24.0,112.0,163.0,548813.05,18107.85,566920.9,686.3449152542373,0.1973365617433414
4495,Hohentannen,661,62.0,9.4,22.2,12.1,82.5,TG,Eastern CH,rural,German,,,102.0,103.0,66.0,271.0,468760.8,9382.2,478143.0,723.3630862329803,0.40998487140695916
450,Péry-La Heutte,1960,362.0,18.5,19.3,22.3,82.4,BE,Espace Mittelland,rural,French,83.0,4.3,25.0,195.0,236.0,456.0,812729.6,122356.6,935086.2,477.0847959183673,0.23265306122448978
4501,Kradolf-Schönenberg,3669,951.0,25.9,19.5,17.8,335.1,TG,Eastern CH,rural,German,42.0,1.1,85.0,447.0,582.0,1114.0,1741060.95,153733.75,1894794.7,516.4335513763968,0.3036249659307713
4506,Sulgen,4056,1162.0,28.6,20.1,17.9,444.7,TG,Eastern CH,rural,German,47.0,1.2,103.0,1567.0,968.0,2638.0,2120096.3,419581.65,2539677.9499999997,626.1533407297829,0.6503944773175543
4511,Zihlschlacht-Sitterdorf,2534,381.0,15.0,22.3,16.1,207.5,TG,Eastern CH,rural,German,18.0,0.7,119.0,220.0,1174.0,1513.0,1257846.4,110516.7,1368363.0999999999,540.001223362273,0.5970797158642462
4536,Basadingen-Schlattingen,1846,299.0,16.2,20.7,19.2,118.1,TG,Eastern CH,rural,German,20.0,1.1,324.0,248.0,183.0,755.0,1201887.2,109122.0,1311009.2,710.1891657638137,0.40899241603466957
4545,Diessenhofen,4118,1584.0,38.5,19.3,21.7,408.5,TG,Eastern CH,rural,German,69.0,1.7,67.0,704.0,1159.0,1930.0,2354259.4,338118.65,2692378.05,653.8072000971345,0.46867411364740164
4546,Schlatt (TG),1859,251.0,13.5,20.9,18.0,119.6,TG,Eastern CH,rural,German,7.0,0.4,107.0,200.0,300.0,607.0,1261684.95,19181.7,1280866.65,689.0084185045723,0.3265196342119419
4551,Aadorf,9422,1574.0,16.7,20.5,20.9,472.5,TG,Eastern CH,intermediate,German,69.0,0.7,111.0,1442.0,2312.0,3865.0,6354045.2,711649.65,7065694.850000001,749.9145457440035,0.4102101464657185
4561,Felben-Wellhausen,3199,698.0,21.8,20.7,17.7,433.5,TG,Eastern CH,intermediate,German,43.0,1.4,98.0,470.0,496.0,1064.0,1979198.5,136224.75,2115423.25,661.2764145045327,0.33260393873085337
4566,Frauenfeld,26093,6645.0,25.5,19.2,19.9,954.0,TG,Eastern CH,urban,German,561.0,2.2,155.0,4530.0,17842.0,22527.0,22263632.1,2544927.15,24808559.25,950.7745084888668,0.8633349940597095
4571,Gachnang,4564,696.0,15.2,22.0,17.2,468.6,TG,Eastern CH,intermediate,German,22.0,0.5,84.0,449.0,988.0,1521.0,3716100.5,446693.9,4162794.4,912.0934268185802,0.33326029798422435
4590,Hüttlingen,852,104.0,12.2,20.9,18.9,73.4,TG,Eastern CH,rural,German,,,131.0,65.0,82.0,278.0,410444.4,38922.15,449366.55000000005,527.4255281690141,0.32629107981220656
4591,Matzingen,3112,904.0,29.0,21.4,15.1,405.2,TG,Eastern CH,intermediate,German,16.0,0.5,60.0,501.0,565.0,1126.0,1854896.6,155333.8,2010230.4000000001,645.9609254498715,0.36182519280205655
4601,Neunforn,1088,81.0,7.4,19.3,20.7,95.8,TG,Eastern CH,rural,German,7.0,0.7,110.0,152.0,137.0,399.0,987001.95,28652.05,1015654.0,933.5055147058823,0.36672794117647056
4606,Stettfurt,1237,102.0,8.2,24.2,17.9,194.2,TG,Eastern CH,rural,German,,,164.0,51.0,229.0,444.0,1673934.6,94919.45,1768854.05,1429.9547696038803,0.3589329021827001
4611,Thundorf,1598,145.0,9.1,23.2,18.4,102.3,TG,Eastern CH,rural,German,,,144.0,130.0,152.0,426.0,1025362.1,135721.5,1161083.6,726.5854818523154,0.2665832290362954
4616,Uesslingen-Buch,1120,120.0,10.7,19.6,20.3,79.8,TG,Eastern CH,rural,German,,,143.0,74.0,198.0,415.0,913037.0,62401.85,975438.85,870.9275446428571,0.3705357142857143
4621,Warth-Weiningen,1400,150.0,10.7,20.4,20.9,170.5,TG,Eastern CH,rural,German,,,53.0,113.0,453.0,619.0,3805803.45,135711.95,3941515.4000000004,2815.368142857143,0.4421428571428571
4641,Altnau,2347,519.0,22.1,22.0,18.2,348.7,TG,Eastern CH,rural,German,,,108.0,197.0,618.0,923.0,1637344.45,294130.55,1931475.0,822.954835960801,0.39326800170430337
4643,Bottighofen,2696,1006.0,37.3,19.2,23.0,1114.0,TG,Eastern CH,urban,German,,,6.0,55.0,876.0,937.0,5535513.25,1761769.25,7297282.5,2706.7071587537093,0.3475519287833828
4646,Ermatingen,3770,1239.0,32.9,18.4,22.8,360.4,TG,Eastern CH,rural,German,15.0,0.4,50.0,276.0,816.0,1142.0,5079926.65,2269815.45,7349742.100000001,1949.5337135278517,0.3029177718832891
4651,Gottlieben,345,166.0,48.1,18.0,22.3,1112.9,TG,Eastern CH,intermediate,German,,,0.0,53.0,72.0,125.0,649628.5,155908.25,805536.75,2334.8891304347826,0.36231884057971014
4656,Güttingen,1716,367.0,21.4,20.3,20.9,179.9,TG,Eastern CH,intermediate,German,,,110.0,220.0,318.0,648.0,1012297.0,401938.45,1414235.45,824.1465326340326,0.3776223776223776
4666,Kemmental,2729,564.0,20.7,22.2,16.5,109.0,TG,Eastern CH,rural,German,16.0,0.6,220.0,220.0,393.0,833.0,1573741.8,470338.5,2044080.3,749.0217295712715,0.30524001465738365
4671,Kreuzlingen,22788,12820.0,56.3,17.9,19.2,1979.8,TG,Eastern CH,urban,German,347.0,1.5,25.0,3022.0,8585.0,11632.0,15595821.3,5445541.4,21041362.700000003,923.3527602246797,0.510444093382482
4681,Langrickenbach,1442,263.0,18.2,23.1,14.6,133.1,TG,Eastern CH,rural,German,8.0,0.6,159.0,42.0,133.0,334.0,774242.95,176901.65,951144.6,659.6009708737864,0.231622746185853
4683,Lengwil,1759,491.0,27.9,22.5,16.2,197.9,TG,Eastern CH,rural,German,7.0,0.4,101.0,179.0,610.0,890.0,1037964.4,250971.9,1288936.3,732.766515065378,0.5059693007390563
4691,Münsterlingen,3522,1335.0,37.9,18.9,19.4,646.2,TG,Eastern CH,rural,German,15.0,0.4,40.0,52.0,3580.0,3672.0,3388135.75,618192.3,4006328.05,1137.5150624645087,1.0425894378194207
4696,Tägerwilen,5147,1959.0,38.1,21.2,16.5,445.2,TG,Eastern CH,intermediate,German,11.0,0.2,205.0,715.0,2886.0,3806.0,4312969.45,863278.4,5176247.850000001,1005.6825043714787,0.7394598795414805
4701,Wäldi,1119,214.0,19.1,21.7,18.5,91.6,TG,Eastern CH,rural,German,,,105.0,93.0,253.0,451.0,702568.05,80144.95,782713.0,699.4754244861483,0.40303842716711347
4711,Affeltrangen,2786,497.0,17.8,24.1,15.7,193.1,TG,Eastern CH,rural,German,35.0,1.3,158.0,677.0,440.0,1275.0,1444680.25,25075.9,1469756.15,527.550664034458,0.4576453697056712
4716,Bettwiesen,1275,277.0,21.7,19.5,15.2,331.2,TG,Eastern CH,rural,German,9.0,0.7,33.0,170.0,129.0,332.0,1096870.3,277699.6,1374569.9,1078.0940392156863,0.2603921568627451
4721,Bichelsee-Balterswil,3007,358.0,11.9,21.9,17.9,245.3,TG,Eastern CH,intermediate,German,17.0,0.6,84.0,341.0,511.0,936.0,1633354.55,166326.95,1799681.5,598.4973395410708,0.3112736947123379
4723,Braunau,855,94.0,11.0,21.4,14.9,93.2,TG,Eastern CH,rural,German,,,98.0,40.0,151.0,289.0,580056.35,133521.95,713578.3,834.5945029239766,0.33801169590643276
4724,Eschlikon,4847,735.0,15.2,20.2,18.7,779.3,TG,Eastern CH,intermediate,German,44.0,0.9,45.0,837.0,978.0,1860.0,3807120.5,403254.3,4210374.8,868.6558283474313,0.3837425211471013
4726,Fischingen,2933,274.0,9.3,22.5,18.0,95.9,TG,Eastern CH,rural,German,19.0,0.7,230.0,509.0,808.0,1547.0,1978965.65,113046.95,2092012.5999999999,713.2671667234913,0.5274463007159904
4741,Lommis,1254,176.0,14.0,22.2,16.6,145.6,TG,Eastern CH,rural,German,,,55.0,215.0,199.0,469.0,1418907.25,132718.05,1551625.3,1237.340749601276,0.3740031897926635
4746,Münchwilen (TG),5854,1295.0,22.1,22.9,17.2,749.6,TG,Eastern CH,urban,German,67.0,1.1,84.0,1035.0,1644.0,2763.0,3366001.35,279391.55,3645392.9,622.7182951827809,0.47198496754355995
4751,Rickenbach (TG),2999,1176.0,39.2,20.0,17.0,1898.1,TG,Eastern CH,urban,German,56.0,1.9,,249.0,739.0,988.0,1417654.7,129567.4,1547222.0999999999,515.9126708902967,0.3294431477159053
4756,Schönholzerswilen,882,82.0,9.3,24.5,13.7,80.7,TG,Eastern CH,rural,German,,,159.0,42.0,153.0,354.0,429146.95,15464.4,444611.35000000003,504.0945011337869,0.4013605442176871
4761,Sirnach,7963,1944.0,24.4,19.7,18.1,643.2,TG,Eastern CH,urban,German,114.0,1.4,93.0,1032.0,2967.0,4092.0,5001266.5,628404.7,5629671.2,706.9786763782495,0.5138766796433505
4776,Tobel-Tägerschen,1616,284.0,17.6,21.7,16.8,227.3,TG,Eastern CH,intermediate,German,8.0,0.5,54.0,151.0,576.0,781.0,846261.7,52160.65,898422.35,555.9544245049505,0.4832920792079208
4781,Wängi,4816,812.0,16.9,22.5,17.7,293.1,TG,Eastern CH,intermediate,German,43.0,0.9,161.0,804.0,1128.0,2093.0,3817240.75,195317.35,4012558.1,833.1723629568106,0.43459302325581395
4786,Wilen (TG),2508,361.0,14.4,24.5,16.7,1114.7,TG,Eastern CH,urban,German,24.0,1.0,,74.0,440.0,514.0,2003653.4,145735.2,2149388.6,857.0129984051038,0.20494417862838915
4791,Wuppenau,1189,99.0,8.3,25.3,17.5,98.1,TG,Eastern CH,rural,German,,,133.0,102.0,162.0,397.0,1064448.5,11270.25,1075718.75,904.7256097560976,0.33389402859545836
4801,Berlingen,928,249.0,26.8,14.7,30.5,259.2,TG,Eastern CH,rural,German,,,17.0,23.0,311.0,351.0,1216425.8,133972.5,1350398.3,1455.1705818965518,0.37823275862068967
4806,Eschenz,1882,368.0,19.6,19.3,22.3,156.6,TG,Eastern CH,intermediate,German,9.0,0.5,91.0,184.0,390.0,665.0,1326789.35,119538.7,1446328.05,768.5058714133901,0.35334750265674814
4811,Herdern,1136,152.0,13.4,20.1,16.5,82.7,TG,Eastern CH,rural,German,,,111.0,28.0,197.0,336.0,955272.2,105752.4,1061024.5999999999,934.0005281690139,0.29577464788732394
4816,Homburg,1579,148.0,9.4,23.0,20.9,65.4,TG,Eastern CH,rural,German,6.0,0.4,254.0,346.0,349.0,949.0,1310863.75,83512.7,1394376.45,883.0756491450285,0.6010132995566815
4821,Hüttwilen,1775,196.0,11.0,23.5,18.5,100.5,TG,Eastern CH,rural,German,7.0,0.4,138.0,221.0,390.0,749.0,1883210.95,137280.0,2020490.95,1138.3047605633803,0.4219718309859155
4826,Mammern,693,206.0,29.7,20.6,19.6,127.2,TG,Eastern CH,rural,German,,,63.0,15.0,465.0,543.0,829239.4,114200.7,943440.1,1361.3854256854256,0.7835497835497836
4831,Müllheim,3218,625.0,19.4,20.2,17.7,368.2,TG,Eastern CH,intermediate,German,41.0,1.3,68.0,566.0,752.0,1386.0,2166262.45,141605.6,2307868.0500000003,717.1746581727782,0.43070229956494716
4841,Pfyn,2208,391.0,17.7,21.0,17.7,168.0,TG,Eastern CH,rural,German,23.0,1.0,116.0,130.0,576.0,822.0,1120242.75,95464.1,1215706.85,550.5918704710145,0.37228260869565216
4846,Raperswilen,435,46.0,10.6,20.5,20.9,56.6,TG,Eastern CH,rural,German,,,66.0,32.0,64.0,162.0,268593.9,19174.3,287768.2,661.536091954023,0.3724137931034483
4851,Salenstein,1440,409.0,28.4,16.2,23.3,220.2,TG,Eastern CH,rural,German,6.0,0.4,49.0,46.0,477.0,572.0,3016036.85,550680.15,3566717.0,2476.8868055555554,0.3972222222222222
4864,Steckborn,3997,1104.0,27.6,17.5,25.3,455.8,TG,Eastern CH,rural,German,42.0,1.1,74.0,492.0,997.0,1563.0,3439519.05,619006.1,4058525.15,1015.392832124093,0.3910432824618464
4871,Wagenhausen,1787,406.0,22.7,19.5,20.1,151.2,TG,Eastern CH,intermediate,German,18.0,1.0,70.0,115.0,240.0,425.0,1016200.35,122492.1,1138692.45,637.208981533296,0.2378287632904309
4881,Amlikon-Bissegg,1373,163.0,11.9,20.0,19.2,95.0,TG,Eastern CH,rural,German,15.0,1.1,132.0,142.0,182.0,456.0,882445.35,90154.75,972600.1,708.3758922068463,0.33211944646758923
4891,Berg (TG),3532,539.0,15.3,22.2,17.7,268.8,TG,Eastern CH,rural,German,28.0,0.8,156.0,362.0,1162.0,1680.0,2890681.1,205668.0,3096349.1,876.6560305775764,0.47565118912797283
4901,Birwinken,1381,206.0,14.9,22.0,17.7,112.4,TG,Eastern CH,rural,German,,,158.0,61.0,153.0,372.0,805886.25,72471.85,878358.1,636.0304851556842,0.26937002172338886
491,Brüttelen,621,125.0,20.1,17.7,21.9,93.9,BE,Espace Mittelland,rural,German,8.0,1.3,121.0,22.0,161.0,304.0,366031.55,9115.8,375147.35,604.1020128824476,0.4895330112721417
4911,Bürglen (TG),4067,1277.0,31.4,19.3,17.2,347.3,TG,Eastern CH,rural,German,35.0,0.9,96.0,404.0,1006.0,1506.0,1492736.9,106117.35,1598854.25,393.12865748709123,0.3702975165970002
492,Erlach,1376,222.0,16.1,19.0,23.4,387.6,BE,Espace Mittelland,intermediate,German,26.0,1.9,36.0,57.0,288.0,381.0,1244642.2,139204.05,1383846.25,1005.7022165697674,0.2768895348837209
4921,Bussnang,2546,437.0,17.2,22.9,14.8,134.9,TG,Eastern CH,rural,German,17.0,0.7,288.0,2490.0,605.0,3383.0,1317267.9,120916.15,1438184.0499999998,564.8798311076197,1.328750981932443
493,Finsterhennen,573,173.0,30.2,20.6,18.5,160.5,BE,Espace Mittelland,rural,German,,,45.0,55.0,57.0,157.0,250344.85,23915.65,274260.5,478.63961605584643,0.27399650959860383
494,Gals,851,123.0,14.5,19.5,18.7,108.4,BE,Espace Mittelland,intermediate,German,10.0,1.2,145.0,51.0,431.0,627.0,753687.6,141513.55,895201.1499999999,1051.9402467685074,0.736780258519389
4941,Märstetten,2927,494.0,16.9,21.0,16.5,293.9,TG,Eastern CH,rural,German,25.0,0.9,144.0,296.0,846.0,1286.0,2426682.95,157521.7,2584204.6500000004,882.8850871199181,0.4393577041339255
4946,Weinfelden,11893,2862.0,24.1,19.7,19.9,768.3,TG,Eastern CH,urban,German,138.0,1.2,127.0,1795.0,8632.0,10554.0,9179836.3,985899.35,10165735.65,854.7663037080636,0.8874127638106449
495,Gampelen,1002,196.0,19.6,18.7,17.1,92.4,BE,Espace Mittelland,intermediate,German,15.0,1.6,80.0,160.0,533.0,773.0,651071.35,95854.3,746925.65,745.4347804391218,0.7714570858283433
4951,Wigoltingen,2600,446.0,17.2,21.8,17.5,151.8,TG,Eastern CH,rural,German,34.0,1.3,176.0,443.0,410.0,1029.0,1524411.75,101260.5,1625672.25,625.2585576923077,0.39576923076923076
496,Ins,3621,655.0,18.1,21.6,21.6,151.7,BE,Espace Mittelland,intermediate,German,38.0,1.1,288.0,388.0,1092.0,1768.0,2988867.65,252427.1,3241294.75,895.1380143606739,0.48826291079812206
497,Lüscherz,558,55.0,9.9,12.5,27.1,103.0,BE,Espace Mittelland,rural,German,,,37.0,41.0,59.0,137.0,604408.95,44079.35,648488.2999999999,1162.1654121863799,0.24551971326164876
498,Müntschemier,1609,524.0,32.6,21.7,16.6,330.4,BE,Espace Mittelland,rural,German,15.0,0.9,101.0,209.0,729.0,1039.0,862461.7,108939.05,971400.75,603.7294903666874,0.6457426973275326
499,Siselen,629,78.0,12.4,19.2,22.7,114.2,BE,Espace Mittelland,rural,German,,,46.0,63.0,79.0,188.0,446211.7,7965.65,454177.35000000003,722.062559618442,0.2988871224165342
5,Hedingen,3871,730.0,18.9,21.1,17.4,592.8,ZH,Zurich,urban,German,45.0,1.2,28.0,641.0,750.0,1419.0,6449381.0,1149540.45,7598921.45,1963.0383492637561,0.3665719452337897
500,Treiten,431,54.0,12.5,15.3,23.2,90.9,BE,Espace Mittelland,rural,German,,,69.0,10.0,57.0,136.0,277355.05,10358.05,287713.1,667.5477958236659,0.31554524361948955
5001,Arbedo-Castione,5082,1363.0,26.8,19.2,20.0,237.6,TI,Ticino,urban,Italian,114.0,2.3,29.0,640.0,2159.0,2828.0,2668809.0,501731.0,3170540.0,623.8764266036993,0.5564738292011019
5002,Bellinzona,44270,11501.0,26.0,19.1,21.3,269.6,TI,Ticino,urban,Italian,1405.0,3.2,381.0,3092.0,25582.0,29055.0,26369513.0,6307935.5,32677448.5,738.1397899254574,0.656313530607635
5003,Cadenazzo,3068,1275.0,41.6,20.9,14.5,366.1,TI,Ticino,intermediate,Italian,98.0,3.2,93.0,466.0,1379.0,1938.0,923898.0,300904.5,1224802.5,399.21854628422426,0.6316818774445893
5009,Isone,388,31.0,8.0,16.0,28.1,30.2,TI,Ticino,rural,Italian,,,18.0,22.0,98.0,138.0,134010.0,4441.5,138451.5,356.8337628865979,0.3556701030927835
501,Tschugg,473,89.0,18.8,17.8,20.7,143.8,BE,Espace Mittelland,rural,German,,,10.0,15.0,415.0,440.0,481736.6,17867.5,499604.1,1056.2454545454545,0.9302325581395349
5010,Lumino,1613,297.0,18.4,19.6,18.9,159.7,TI,Ticino,intermediate,Italian,19.0,1.2,11.0,190.0,203.0,404.0,954663.0,131006.0,1085669.0,673.0743955362678,0.2504649721016739
5017,Sant'Antonino,2584,686.0,26.5,18.3,19.0,394.5,TI,Ticino,intermediate,Italian,55.0,2.2,73.0,531.0,1813.0,2417.0,1213647.0,362872.5,1576519.5,610.108165634675,0.9353715170278638
502,Vinelz,888,70.0,7.9,17.2,25.9,194.7,BE,Espace Mittelland,rural,German,,,44.0,49.0,108.0,201.0,880604.85,14900.65,895505.5,1008.4521396396397,0.22635135135135134
5048,Acquarossa,1831,222.0,12.1,15.9,27.4,29.6,TI,Ticino,rural,Italian,14.0,0.8,103.0,150.0,577.0,830.0,780404.0,56740.0,837144.0,457.205898416166,0.4533042053522665
5049,Blenio,1745,112.0,6.4,16.6,29.5,8.6,TI,Ticino,rural,Italian,34.0,1.9,126.0,169.0,337.0,632.0,646125.0,62450.0,708575.0,406.06017191977077,0.36217765042979944
5050,Serravalle,2053,199.0,9.7,17.6,25.8,21.2,TI,Ticino,rural,Italian,26.0,1.3,117.0,248.0,247.0,612.0,1082079.5,161785.5,1243865.0,605.876765708719,0.29810034096444227
5061,Airolo,1432,358.0,25.0,14.9,28.4,15.2,TI,Ticino,rural,Italian,12.0,0.8,55.0,284.0,536.0,875.0,799157.0,54471.5,853628.5,596.1092877094972,0.6110335195530726
5063,Bedretto,94,7.0,7.4,3.2,30.9,1.3,TI,Ticino,rural,Italian,,,,5.0,33.0,38.0,513093.0,45859.5,558952.5,5946.303191489362,0.40425531914893614
5071,Dalpe,177,13.0,7.3,11.9,36.2,12.2,TI,Ticino,rural,Italian,,,4.0,0.0,17.0,21.0,136974.5,59214.0,196188.5,1108.4096045197741,0.11864406779661017
5072,Faido,2782,582.0,20.9,15.3,29.5,21.0,TI,Ticino,rural,Italian,28.0,1.0,115.0,209.0,825.0,1149.0,936375.5,229575.5,1165951.0,419.10531991373114,0.41301222142343635
5073,Giornico,1680,573.0,34.1,17.1,26.5,64.6,TI,Ticino,rural,Italian,46.0,2.738095238095238,14.0,433.0,366.0,813.0,695900.0,61375.0,757275.0,450.75892857142856,0.48392857142857143
5076,Personico,308,45.0,14.6,17.2,28.6,7.9,TI,Ticino,rural,Italian,,,5.0,98.0,41.0,144.0,125740.5,10511.5,136252.0,442.3766233766234,0.4675324675324675
5077,Pollegio,844,296.0,35.1,16.0,18.5,141.6,TI,Ticino,intermediate,Italian,18.0,2.1,14.0,19.0,259.0,292.0,222274.5,90409.0,312683.5,370.4780805687204,0.3459715639810427
5079,Quinto,1332,296.0,22.2,15.4,29.7,14.5,TI,Ticino,rural,Italian,19.0,1.4264264264264264,87.0,191.0,605.0,883.0,680262.5,55963.0,736225.5,552.7218468468468,0.6629129129129129
5091,Ascona,5436,1526.0,28.1,13.7,33.5,1098.2,TI,Ticino,urban,Italian,84.0,1.5,7.0,339.0,2910.0,3256.0,7357222.0,4012950.0,11370172.0,2091.643119941133,0.5989698307579102
5096,Brione sopra Minusio,452,89.0,19.7,10.2,37.6,118.3,TI,Ticino,urban,Italian,6.0,1.3,,,68.0,68.0,601172.0,134906.0,736078.0,1628.4911504424779,0.1504424778761062
5097,Brissago,1613,343.0,21.3,10.3,38.4,90.2,TI,Ticino,intermediate,Italian,12.0,0.7,15.0,187.0,1069.0,1271.0,1144512.0,1022791.5,2167303.5,1343.6475511469312,0.7879727216367018
51,Bachenbülach,4208,1045.0,24.8,21.5,20.7,976.3,ZH,Zurich,urban,German,137.0,3.2,5.0,592.0,1028.0,1625.0,4531636.65,506108.7,5037745.350000001,1197.1828303231941,0.38616920152091255
5108,Gordola,4820,943.0,19.6,17.6,23.5,693.5,TI,Ticino,urban,Italian,60.0,1.3,56.0,395.0,1246.0,1697.0,3010459.0,489814.0,3500273.0,726.1977178423236,0.3520746887966805
5112,Lavertezzo,1213,292.0,24.1,23.3,18.1,1362.9,TI,Ticino,urban,Italian,59.0,4.8,13.0,404.0,484.0,901.0,479142.5,38799.0,517941.5,426.9921681780709,0.7427864798021434
5113,Locarno,16241,5613.0,34.6,15.9,25.3,858.9,TI,Ticino,urban,Italian,573.0,3.6,93.0,2237.0,11335.0,13665.0,8962779.0,2390029.5,11352808.5,699.0215196108614,0.8413890770272766
5115,Losone,6713,1632.0,24.3,17.8,24.2,724.9,TI,Ticino,urban,Italian,91.0,1.4,24.0,1516.0,1691.0,3231.0,4478253.0,719781.5,5198034.5,774.3236258006852,0.48130493073141667
5117,Mergoscia,198,16.0,8.1,11.6,33.3,16.3,TI,Ticino,rural,Italian,,,15.0,,24.0,39.0,86286.5,6234.5,92521.0,467.27777777777777,0.19696969696969696
5118,Minusio,7421,1849.0,24.9,15.7,29.0,1266.4,TI,Ticino,urban,Italian,115.0,1.6,22.0,363.0,1503.0,1888.0,6869889.0,2278484.5,9148373.5,1232.7682926829268,0.2544131518663253
5120,Muralto,2579,749.0,29.0,10.7,35.0,4371.2,TI,Ticino,urban,Italian,69.0,2.6,11.0,68.0,1574.0,1653.0,2549846.0,1443689.5,3993535.5,1548.4821636293136,0.6409461031407522
5121,Orselina,701,137.0,19.5,5.6,42.8,361.3,TI,Ticino,urban,Italian,,,0.0,18.0,491.0,509.0,792834.5,371956.0,1164790.5,1661.6126961483594,0.7261055634807418
5125,Ronco sopra Ascona,538,135.0,25.1,6.5,40.7,107.4,TI,Ticino,rural,Italian,,,,65.0,102.0,167.0,987517.5,1239730.0,2227247.5,4139.865241635688,0.3104089219330855
5131,Tenero-Contra,3244,794.0,24.5,18.9,24.3,876.8,TI,Ticino,urban,Italian,89.0,2.8,20.0,389.0,1136.0,1545.0,1503193.0,161546.5,1664739.5,513.1749383477189,0.47626387176325524
5136,Onsernone,675,58.0,8.6,9.2,38.8,6.4,TI,Ticino,rural,Italian,6.0,0.9,34.0,22.0,197.0,253.0,206155.0,17296.0,223451.0,331.0385185185185,0.3748148148148148
5138,Cugnasco-Gerra,2851,426.0,14.9,19.4,21.6,156.6,TI,Ticino,urban,Italian,20.0,0.7,42.0,103.0,336.0,481.0,1778294.0,220476.5,1998770.5,701.0769905296387,0.1687127323746054
5141,Agno,4468,1472.0,32.9,17.7,22.3,1794.4,TI,Ticino,urban,Italian,165.0,3.8,12.0,775.0,1766.0,2553.0,2511880.5,940264.5,3452145.0,772.6376454789615,0.5713965980304386
5143,Aranno,361,48.0,13.3,19.7,19.7,139.4,TI,Ticino,rural,Italian,,,13.0,8.0,23.0,44.0,330473.5,152459.0,482932.5,1337.7631578947369,0.12188365650969529
5144,Arogno,955,110.0,11.5,16.8,25.7,112.5,TI,Ticino,rural,Italian,10.0,1.0,32.0,23.0,207.0,262.0,522687.5,135990.0,658677.5,689.7146596858639,0.2743455497382199
5148,Bedano,1495,240.0,16.1,20.7,20.1,799.5,TI,Ticino,urban,Italian,19.0,1.3,,752.0,973.0,1725.0,1039326.5,296843.5,1336170.0,893.7591973244147,1.1538461538461537
5151,Bioggio,2737,539.0,19.7,16.5,20.4,427.7,TI,Ticino,urban,Italian,30.0,1.1,7.0,1252.0,3295.0,4554.0,2512660.0,1148671.0,3661331.0,1337.7168432590427,1.6638655462184875
5154,Bissone,945,430.0,45.5,12.5,22.9,510.8,TI,Ticino,intermediate,Italian,11.0,1.1,,21.0,181.0,202.0,889254.5,1716833.5,2606088.0,2757.765079365079,0.21375661375661376
5160,Brusino Arsizio,458,116.0,25.3,14.2,31.2,111.2,TI,Ticino,rural,Italian,,,,6.0,85.0,91.0,350978.5,136530.5,487509.0,1064.4301310043668,0.19868995633187772
5161,Cademario,789,145.0,18.4,18.6,20.5,199.2,TI,Ticino,rural,Italian,,,21.0,5.0,127.0,153.0,655732.5,103400.5,759133.0,962.1457541191381,0.19391634980988592
5162,Cadempino,1501,413.0,27.5,17.5,19.2,1975.0,TI,Ticino,urban,Italian,27.0,1.8,0.0,820.0,1906.0,2726.0,1478332.5,271420.0,1749752.5,1165.7245169886742,1.816122584943371
5167,Canobbio,2330,643.0,27.6,18.1,20.6,1820.3,TI,Ticino,urban,Italian,32.0,1.4,,92.0,901.0,993.0,2747523.5,1048971.5,3796495.0,1629.3969957081545,0.42618025751072963
5171,Caslano,4329,1279.0,29.5,18.5,27.4,1551.6,TI,Ticino,intermediate,Italian,82.0,1.9,5.0,717.0,1092.0,1814.0,2582522.0,842515.0,3425037.0,791.1843381843382,0.419034419034419
5176,Comano,2155,261.0,12.1,21.7,23.0,1046.1,TI,Ticino,urban,Italian,,,10.0,21.0,928.0,959.0,3397629.0,1946322.0,5343951.0,2479.7916473317864,0.44501160092807424
5180,Cureglia,1487,278.0,18.7,20.6,21.9,1402.8,TI,Ticino,urban,Italian,13.0,0.9,6.0,73.0,258.0,337.0,2504301.5,733324.5,3237626.0,2177.287155346335,0.22663080026899798
5186,Grancia,473,157.0,33.2,17.8,16.7,775.4,TI,Ticino,urban,Italian,8.0,1.7,4.0,96.0,1001.0,1101.0,292353.5,48093.5,340447.0,719.7610993657505,2.3276955602536997
5187,Gravesano,1367,285.0,20.8,19.1,21.2,1925.4,TI,Ticino,urban,Italian,11.0,0.8,0.0,260.0,818.0,1078.0,1735759.5,385486.5,2121246.0,1551.7527432333577,0.7885881492318947
5189,Lamone,1736,613.0,35.3,16.6,19.1,933.3,TI,Ticino,urban,Italian,40.0,2.3,21.0,1142.0,994.0,2157.0,589294.5,170893.5,760188.0,437.8963133640553,1.2425115207373272
5192,Lugano,62464,24259.0,38.8,17.1,22.7,823.4,TI,Ticino,urban,Italian,1872.0,3.0,98.0,5329.0,53090.0,58517.0,54927930.0,77002304.6,131930234.6,2112.1003233862702,0.9368116034836066
5193,Magliaso,1652,392.0,23.7,16.5,27.7,1501.8,TI,Ticino,intermediate,Italian,15.0,0.9,15.0,77.0,465.0,557.0,1701361.0,842663.0,2544024.0,1539.9661016949153,0.3371670702179177
5194,Manno,1330,278.0,20.9,19.4,20.2,561.2,TI,Ticino,urban,Italian,11.0,0.9,13.0,890.0,5012.0,5915.0,1205106.0,419297.5,1624403.5,1221.356015037594,4.447368421052632
5196,Massagno,6575,2872.0,43.7,18.3,20.0,8885.1,TI,Ticino,urban,Italian,237.0,3.7,0.0,386.0,1840.0,2226.0,4971431.0,5049391.5,10020822.5,1524.0794676806083,0.3385551330798479
5198,Melide,1796,661.0,36.8,16.3,25.6,1081.9,TI,Ticino,intermediate,Italian,18.0,1.0,,127.0,569.0,696.0,1137064.0,2100277.0,3237341.0,1802.5283964365256,0.38752783964365256
5199,Mezzovico-Vira,1382,200.0,14.5,21.7,17.2,124.2,TI,Ticino,intermediate,Italian,6.0,0.4,15.0,1789.0,1069.0,2873.0,1184270.0,219896.5,1404166.5,1016.0394356005788,2.0788712011577424
52,Bassersdorf,12062,3160.0,26.2,20.9,17.1,1335.8,ZH,Zurich,urban,German,238.0,2.0,38.0,969.0,3674.0,4681.0,11772577.15,1703476.35,13476053.5,1117.23209252197,0.38807826231139114
5203,Morcote,714,294.0,41.2,12.0,31.7,255.9,TI,Ticino,rural,Italian,6.0,0.8,0.0,35.0,227.0,262.0,1166144.5,2481292.5,3647437.0,5108.455182072829,0.36694677871148457
5205,Muzzano,814,178.0,21.9,15.8,23.6,525.2,TI,Ticino,urban,Italian,12.0,1.5,18.0,649.0,538.0,1205.0,1001033.0,588464.0,1589497.0,1952.6990171990171,1.4803439803439804
5206,Neggio,322,52.0,16.1,16.8,23.0,361.8,TI,Ticino,urban,Italian,,,7.0,,118.0,125.0,410853.0,58516.0,469369.0,1457.667701863354,0.38819875776397517
5208,Origlio,1512,259.0,17.1,22.8,20.0,726.9,TI,Ticino,intermediate,Italian,9.0,0.6,10.0,22.0,188.0,220.0,2029124.5,1317804.5,3346929.0,2213.5773809523807,0.1455026455026455
5210,Paradiso,4624,2754.0,59.6,16.0,20.4,5195.5,TI,Ticino,urban,Italian,149.0,3.3,0.0,298.0,3024.0,3322.0,4055266.0,11603933.5,15659199.5,3386.505082179931,0.7184256055363322
5212,Ponte Capriasca,1922,307.0,16.0,22.4,19.3,311.5,TI,Ticino,intermediate,Italian,16.0,0.8,4.0,30.0,187.0,221.0,1525279.5,754623.0,2279902.5,1186.2135796045786,0.1149843912591051
5214,Porza,1595,400.0,25.1,14.9,24.0,1022.4,TI,Ticino,urban,Italian,8.0,0.5,,112.0,545.0,657.0,4312300.0,4298945.5,8611245.5,5398.9,0.41191222570532915
5216,Pura,1364,295.0,21.6,18.6,22.4,448.7,TI,Ticino,intermediate,Italian,15.0,1.1,4.0,23.0,187.0,214.0,1391683.5,751214.5,2142898.0,1571.0395894428152,0.15689149560117302
5221,Savosa,2207,699.0,31.7,20.0,23.3,2982.4,TI,Ticino,urban,Italian,34.0,1.6,,95.0,984.0,1079.0,2589049.0,2472055.0,5061104.0,2293.205256003625,0.48889895786135024
5225,Sorengo,2070,775.0,37.4,23.0,18.4,2435.3,TI,Ticino,urban,Italian,9.0,0.5,0.0,70.0,1251.0,1321.0,2167080.0,3832214.5,5999294.5,2898.2099033816426,0.6381642512077295
5226,Capriasca,6740,764.0,11.3,19.8,22.9,185.3,TI,Ticino,intermediate,Italian,97.0,1.4,65.0,310.0,1246.0,1621.0,4483913.5,1196623.5,5680537.0,842.809643916914,0.24050445103857568
5227,Torricella-Taverne,3080,805.0,26.1,19.6,21.5,586.7,TI,Ticino,urban,Italian,78.0,2.5,51.0,784.0,887.0,1722.0,1366588.5,425655.0,1792243.5,581.8972402597402,0.5590909090909091
5230,Vernate,620,120.0,19.4,18.1,17.3,410.6,TI,Ticino,urban,Italian,,,4.0,5.0,52.0,61.0,723010.5,453038.5,1176049.0,1896.8532258064515,0.09838709677419355
5231,Vezia,1917,504.0,26.3,20.2,22.0,1379.1,TI,Ticino,urban,Italian,50.0,2.6,9.0,176.0,946.0,1131.0,1638988.5,489023.0,2128011.5,1110.0738132498695,0.5899843505477308
5233,Vico Morcote,415,181.0,43.6,16.9,25.8,210.7,TI,Ticino,rural,Italian,,,8.0,,143.0,151.0,637206.5,1868649.0,2505855.5,6038.206024096386,0.363855421686747
5236,Collina d'Oro,4816,1697.0,35.2,20.0,21.8,784.4,TI,Ticino,urban,Italian,22.0,0.5,16.0,606.0,1788.0,2410.0,8071031.5,15543760.5,23614792.0,4903.40365448505,0.5004152823920266
5237,Alto Malcantone,1385,118.0,8.5,16.3,23.5,62.8,TI,Ticino,rural,Italian,23.0,1.7,32.0,37.0,108.0,177.0,837648.5,190582.0,1028230.5,742.4046931407943,0.12779783393501806
5238,Monteceneri,4688,883.0,18.8,19.7,17.7,129.9,TI,Ticino,intermediate,Italian,71.0,1.5,33.0,864.0,2102.0,2999.0,2054101.0,302116.0,2356217.0,502.6060153583618,0.6397184300341296
5239,Tresa,3075,741.0,24.1,15.9,28.7,278.5,TI,Ticino,intermediate,Italian,70.0,2.2,91.0,1024.0,952.0,2067.0,1361114.0,616053.0,1977167.0,642.9811382113821,0.6721951219512196
5240,Val Mara,2992,889.0,29.7,18.3,20.3,268.1,TI,Ticino,intermediate,Italian,58.0,1.9,22.0,207.0,731.0,960.0,2262351.0,1679612.0,3941963.0,1317.5010026737968,0.32085561497326204
5242,Balerna,3291,908.0,27.6,15.8,24.1,1300.8,TI,Ticino,urban,Italian,107.0,3.3,6.0,1221.0,3355.0,4582.0,1851984.0,553309.5,2405293.5,730.8701002734731,1.3922819811607414
5249,Castel San Pietro,2227,267.0,12.0,17.5,23.7,188.1,TI,Ticino,urban,Italian,21.0,0.9,71.0,906.0,626.0,1603.0,1975212.5,1704901.0,3680113.5,1652.4982038616974,0.7198024247867085
5250,Chiasso,7420,3076.0,41.5,15.0,27.7,1386.9,TI,Ticino,urban,Italian,500.0,6.7,18.0,1187.0,9616.0,10821.0,2778739.0,2542469.0,5321208.0,717.143935309973,1.458355795148248
5251,Coldrerio,2848,532.0,18.7,15.6,28.2,1157.7,TI,Ticino,urban,Italian,49.0,1.7,15.0,112.0,917.0,1044.0,1698342.5,844662.0,2543004.5,892.9088834269663,0.36657303370786515
5254,Mendrisio,14909,3502.0,23.5,16.7,24.4,469.3,TI,Ticino,urban,Italian,347.0,2.3,218.0,7082.0,11864.0,19164.0,11356089.0,6411238.0,17767327.0,1191.7182238916091,1.28539808169562
5257,Morbio Inferiore,4371,1124.0,25.7,18.7,25.4,1934.1,TI,Ticino,urban,Italian,155.0,3.5,7.0,255.0,1621.0,1883.0,2632121.0,1495417.0,4127538.0,944.3006177076184,0.43079386867993597
5260,Novazzano,2346,462.0,19.7,16.8,25.7,448.6,TI,Ticino,urban,Italian,53.0,2.3,63.0,750.0,1283.0,2096.0,1441827.0,1218975.0,2660802.0,1134.1867007672633,0.8934356351236147
5263,Riva San Vitale,2663,496.0,18.6,16.9,23.8,440.2,TI,Ticino,intermediate,Italian,52.0,2.0,40.0,428.0,726.0,1194.0,1622813.0,871357.0,2494170.0,936.6015771686068,0.4483665039429215
5266,Stabio,4461,1054.0,23.6,19.2,21.1,725.4,TI,Ticino,urban,Italian,108.0,2.4,26.0,3035.0,4464.0,7525.0,2334059.5,1099931.5,3433991.0,769.7805424792648,1.6868415153553016
5268,Vacallo,3346,1010.0,30.2,17.3,24.1,2040.2,TI,Ticino,urban,Italian,86.0,2.6,5.0,88.0,531.0,624.0,2858826.5,2116106.5,4974933.0,1486.829946204423,0.18649133293484757
5269,Breggia,1914,214.0,11.2,16.1,25.7,75.1,TI,Ticino,intermediate,Italian,13.0,0.7,66.0,40.0,201.0,307.0,1297440.0,427628.0,1725068.0,901.2894461859979,0.16039707419017765
5281,Biasca,6110,2061.0,33.7,19.0,24.5,103.4,TI,Ticino,intermediate,Italian,169.0,2.8,48.0,811.0,2460.0,3319.0,2170623.0,290361.5,2460984.5,402.77978723404254,0.5432078559738134
5287,Riviera,4188,1214.0,29.0,20.2,19.0,48.4,TI,Ticino,intermediate,Italian,68.0,1.6,61.0,925.0,551.0,1537.0,1470490.0,308263.5,1778753.5,424.7262416427889,0.36700095510983766
53,Bülach,23624,7139.0,30.2,21.0,16.3,1468.2,ZH,Zurich,urban,German,379.0,1.7,84.0,2067.0,9052.0,11203.0,19469968.15,3698265.75,23168233.9,980.7074966136132,0.47422113105316627
5304,Bosco/Gurin,53,6.0,11.3,9.4,30.2,2.4,TI,Ticino,rural,Italian,,,11.0,10.0,28.0,49.0,15079.5,2641.0,17720.5,334.3490566037736,0.9245283018867925
5307,Campo (Vallemaggia),49,7.0,14.3,6.1,36.7,1.1,TI,Ticino,rural,Italian,,,8.0,13.0,11.0,32.0,7317.0,852.5,8169.5,166.72448979591837,0.6530612244897959
5309,Cerentino,36,,,,50.0,1.8,TI,Ticino,rural,Italian,,,10.0,8.0,,18.0,12130.0,0.0,12130.0,336.94444444444446,0.5
5310,Cevio,1110,159.0,14.3,17.4,26.4,7.3,TI,Ticino,rural,Italian,6.0,0.5,26.0,223.0,463.0,712.0,347900.5,20847.0,368747.5,332.2049549549549,0.6414414414414414
5315,Linescio,42,4.0,9.5,,31.0,6.3,TI,Ticino,rural,Italian,,,0.0,0.0,,0.0,60089.0,0.0,60089.0,1430.6904761904761,0.0
5317,Maggia,2618,276.0,10.5,18.6,24.6,23.6,TI,Ticino,rural,Italian,24.0,0.9,82.0,202.0,520.0,804.0,997705.5,205709.5,1203415.0,459.6695951107716,0.30710466004583653
5323,Lavizzara,489,44.0,9.0,15.7,27.8,2.6,TI,Ticino,rural,Italian,,,65.0,76.0,70.0,211.0,228811.5,22524.0,251335.5,513.9785276073619,0.43149284253578735
5324,Avegno Gordevio,1557,157.0,10.1,20.9,20.9,57.0,TI,Ticino,rural,Italian,16.0,1.1,50.0,89.0,324.0,463.0,752809.0,58369.0,811178.0,520.9877970456005,0.29736673089274246
533,Bätterkinden,3368,257.0,7.6,19.3,23.7,330.5,BE,Espace Mittelland,intermediate,German,82.0,2.5,63.0,338.0,559.0,960.0,2058639.4,78541.65,2137181.05,634.5549435866983,0.2850356294536817
535,Deisswil bei Münchenbuchsee,88,3.0,3.4,10.2,20.5,40.7,BE,Espace Mittelland,rural,German,,,15.0,287.0,36.0,338.0,119587.2,0.0,119587.2,1358.9454545454546,3.840909090909091
538,Fraubrunnen,5399,399.0,7.4,21.7,19.6,169.2,BE,Espace Mittelland,intermediate,German,76.0,1.4,268.0,230.0,802.0,1300.0,3949982.95,244596.15,4194579.100000001,776.9177810705687,0.2407853306167809
5395,Lema,2664,371.0,13.9,17.7,23.4,143.5,TI,Ticino,rural,Italian,37.0,1.3888888888888888,39.0,102.0,596.0,737.0,1254524.5,288960.5,1543485.0,579.3862612612612,0.2766516516516517
5396,Terre di Pedemonte,2694,315.0,11.7,18.3,25.5,232.4,TI,Ticino,intermediate,Italian,19.0,0.7,26.0,189.0,480.0,695.0,2029726.5,341100.0,2370826.5,880.0395322939867,0.25798069784706756
5397,Centovalli,1102,99.0,9.0,12.3,34.2,20.6,TI,Ticino,intermediate,Italian,10.0,0.9,35.0,84.0,315.0,434.0,420941.0,49775.5,470716.5,427.14745916515426,0.3938294010889292
5398,Gambarogno,5076,1138.0,22.4,16.7,25.5,98.0,TI,Ticino,intermediate,Italian,68.0,1.3,101.0,909.0,1655.0,2665.0,2413092.0,765109.0,3178201.0,626.1231284475965,0.5250197005516154
5399,Verzasca,804,64.0,8.0,13.6,33.5,3.7,TI,Ticino,rural,Italian,,,67.0,48.0,133.0,248.0,260517.0,249642.5,510159.5,634.5267412935324,0.30845771144278605
54,Dietlikon,7855,2004.0,25.5,20.3,20.5,1848.2,ZH,Zurich,urban,German,202.0,2.6,7.0,1300.0,4105.0,5412.0,8845234.55,1491732.45,10336967.0,1315.9728835136855,0.6889879057924888
540,Jegenstorf,5789,603.0,10.4,19.5,25.5,429.1,BE,Espace Mittelland,intermediate,German,113.0,2.0,99.0,259.0,1964.0,2322.0,5189672.45,343359.75,5533032.2,955.7837623078252,0.4011055449991363
5401,Aigle,10913,4421.0,40.5,22.5,17.6,665.0,VD,Lake Geneva,urban,French,950.0,8.8,304.0,1398.0,4600.0,6302.0,4252085.7,1116240.35,5368326.050000001,491.9202831485385,0.5774764042884633
5402,Bex,8167,2662.0,32.6,23.3,18.1,84.6,VD,Lake Geneva,intermediate,French,756.0,9.4,186.0,834.0,1651.0,2671.0,3316738.9,590311.7,3907050.5999999996,478.39483286396467,0.3270478755969144
5403,Chessel,528,121.0,22.9,22.9,14.6,148.3,VD,Lake Geneva,intermediate,French,27.0,5.4,60.0,11.0,27.0,98.0,191677.1,40846.75,232523.85,440.38607954545455,0.1856060606060606
5404,Corbeyrier,440,44.0,10.0,16.4,33.9,20.0,VD,Lake Geneva,rural,French,10.0,2.3,18.0,6.0,93.0,117.0,205057.75,85686.7,290744.45,660.782840909091,0.26590909090909093
5405,Gryon,1387,396.0,28.6,19.4,23.1,91.1,VD,Lake Geneva,rural,French,23.0,1.7,9.0,99.0,303.0,411.0,948519.6,1033375.6,1981895.2,1428.9078586878154,0.29632299927901945
5406,Lavey-Morcles,978,201.0,20.6,22.6,19.3,68.9,VD,Lake Geneva,intermediate,French,67.0,7.0,11.0,60.0,314.0,385.0,464355.35,55674.6,520029.94999999995,531.7279652351738,0.3936605316973415
5407,Leysin,3719,1911.0,51.4,26.0,15.0,200.3,VD,Lake Geneva,intermediate,French,120.0,3.3,33.0,137.0,1345.0,1515.0,1379202.0,521883.05,1901085.05,511.181782737295,0.4073675719279376
5408,Noville,1169,282.0,24.1,23.7,18.0,112.7,VD,Lake Geneva,urban,French,39.0,3.3,78.0,238.0,476.0,792.0,720963.75,218310.0,939273.75,803.4848160821215,0.6775021385799829
5409,Ollon,7968,2818.0,35.4,26.7,18.8,133.8,VD,Lake Geneva,intermediate,French,115.0,1.5,226.0,304.0,2578.0,3108.0,6855486.9,6642959.05,13498445.95,1694.0820720381525,0.39006024096385544
541,Iffwil,433,35.0,8.1,23.1,18.9,85.6,BE,Espace Mittelland,rural,German,7.0,1.6,70.0,14.0,63.0,147.0,468623.85,353854.7,822478.55,1899.4885681293304,0.3394919168591224
5410,Ormont-Dessous,1175,213.0,18.1,19.9,21.7,18.3,VD,Lake Geneva,rural,French,35.0,3.0,76.0,35.0,322.0,433.0,645773.95,101392.75,747166.7,635.8865531914893,0.36851063829787234
5411,Ormont-Dessus,1424,342.0,24.0,15.9,28.9,23.1,VD,Lake Geneva,rural,French,24.0,1.7,37.0,146.0,607.0,790.0,952798.35,573745.5,1526543.85,1072.0111306179776,0.5547752808988764
5412,Rennaz,925,298.0,32.2,24.1,15.7,422.4,VD,Lake Geneva,urban,French,72.0,8.2,14.0,117.0,2926.0,3057.0,364203.7,39794.65,403998.35000000003,436.754972972973,3.304864864864865
5413,Roche (VD),1938,686.0,35.4,26.8,13.6,300.5,VD,Lake Geneva,intermediate,French,148.0,7.9,16.0,323.0,256.0,595.0,652482.5,136736.85,789219.35,407.23392672858614,0.30701754385964913
5414,Villeneuve (VD),5968,2484.0,41.6,22.2,17.2,186.6,VD,Lake Geneva,urban,French,472.0,8.0,39.0,1062.0,1864.0,2965.0,2902304.4,1009548.0,3911852.4,655.4712466487936,0.4968163538873995
5415,Yvorne,1086,230.0,21.2,20.3,19.4,89.0,VD,Lake Geneva,rural,French,29.0,2.8,213.0,50.0,286.0,549.0,697986.2,164006.7,861992.8999999999,793.7319521178637,0.505524861878453
5422,Aubonne,3791,1196.0,31.5,22.0,17.0,264.5,VD,Lake Geneva,intermediate,French,59.0,1.6,138.0,1065.0,2827.0,4030.0,4896055.35,3609105.85,8505161.2,2243.5139013452913,1.0630440517013982
5423,Ballens,589,120.0,20.4,22.8,17.8,69.7,VD,Lake Geneva,rural,French,10.0,1.8,96.0,32.0,195.0,323.0,381614.6,121709.65,503324.25,854.5403225806451,0.5483870967741935
5424,Berolle,301,34.0,11.3,20.9,14.0,31.3,VD,Lake Geneva,rural,French,,,34.0,10.0,25.0,69.0,243345.7,52330.85,295676.55,982.3141196013289,0.2292358803986711
5425,Bière,1674,531.0,31.7,21.7,17.4,66.8,VD,Lake Geneva,rural,French,76.0,4.7,67.0,178.0,306.0,551.0,776454.75,144651.1,921105.85,550.2424432497013,0.3291517323775388
5426,Bougy-Villars,507,144.0,28.4,19.5,20.1,286.4,VD,Lake Geneva,rural,French,11.0,2.2,20.0,0.0,80.0,100.0,1442666.95,2319252.8,3761919.75,7419.960059171598,0.19723865877712032
5427,Féchy,888,236.0,26.6,25.3,15.9,328.9,VD,Lake Geneva,rural,French,6.0,0.7,43.0,41.0,300.0,384.0,2456808.1,2099746.7,4556554.800000001,5131.255405405406,0.43243243243243246
5428,Gimel,2418,633.0,26.2,24.4,17.3,128.1,VD,Lake Geneva,intermediate,French,45.0,1.9,63.0,89.0,450.0,602.0,1351392.65,474606.95,1825999.5999999999,755.1693961952026,0.24896608767576509
5429,Longirod,538,98.0,18.2,21.0,19.1,56.9,VD,Lake Geneva,rural,French,,,45.0,6.0,36.0,87.0,545159.5,94920.05,640079.55,1189.7389405204462,0.16171003717472118
543,Mattstetten,589,17.0,2.9,21.6,28.0,155.4,BE,Espace Mittelland,intermediate,German,,,25.0,25.0,147.0,197.0,601893.7,21027.65,622921.35,1057.5914261460102,0.33446519524617996
5430,Marchissy,499,78.0,15.6,22.8,15.6,41.7,VD,Lake Geneva,rural,French,6.0,1.2,38.0,19.0,34.0,91.0,486587.8,112500.05,599087.85,1200.5768537074148,0.18236472945891782
5431,Mollens (VD),324,61.0,18.8,16.0,13.0,29.5,VD,Lake Geneva,rural,French,,,34.0,4.0,35.0,73.0,245321.6,71322.7,316644.3,977.2972222222222,0.22530864197530864
5434,Saint-George,1066,247.0,23.2,23.9,16.7,86.5,VD,Lake Geneva,rural,French,7.0,0.7,33.0,48.0,150.0,231.0,1554577.65,522835.7,2077413.3499999999,1948.7930112570355,0.21669793621013134
5435,Saint-Livres,696,133.0,19.1,22.3,12.9,85.7,VD,Lake Geneva,rural,French,14.0,2.1,35.0,22.0,49.0,106.0,773367.9,196303.55,969671.45,1393.2061063218391,0.15229885057471265
5436,Saint-Oyens,455,88.0,19.3,26.2,11.4,148.7,VD,Lake Geneva,rural,French,,,8.0,19.0,34.0,61.0,560464.3,162619.45,723083.75,1589.1950549450548,0.13406593406593406
5437,Saubraz,448,113.0,25.2,28.1,9.8,120.8,VD,Lake Geneva,intermediate,French,,,9.0,11.0,26.0,46.0,403559.8,50763.9,454323.7,1014.1154017857143,0.10267857142857142
544,Moosseedorf,4113,906.0,22.0,21.3,19.0,644.7,BE,Espace Mittelland,urban,German,239.0,5.8,29.0,1264.0,3642.0,4935.0,2733094.15,183498.25,2916592.4,709.1155847313396,1.199854121079504
5451,Avenches,4685,1786.0,38.1,22.8,16.4,240.6,VD,Lake Geneva,rural,French,284.0,6.2,101.0,862.0,1858.0,2821.0,1782770.3,275528.7,2058299.0,439.3381003201708,0.6021344717182497
5456,Cudrefin,1875,269.0,14.3,22.9,15.5,118.5,VD,Lake Geneva,rural,French,21.0,1.1,81.0,38.0,247.0,366.0,1598953.0,333315.85,1932268.85,1030.5433866666667,0.1952
5458,Faoug,907,192.0,21.2,19.4,15.5,259.9,VD,Lake Geneva,rural,French,14.0,1.6,35.0,34.0,111.0,180.0,844528.05,115256.7,959784.75,1058.197078280044,0.19845644983461963
546,Münchenbuchsee,10419,2058.0,19.8,20.2,22.4,892.8,BE,Espace Mittelland,intermediate,German,378.0,3.6,60.0,754.0,4463.0,5277.0,7397789.0,533273.2,7931062.2,761.2114598329974,0.5064785488050677
5464,Vully-les-Lacs,3528,615.0,17.4,21.6,18.7,167.1,VD,Lake Geneva,rural,French,90.0,2.6,212.0,55.0,432.0,699.0,2859523.2,503281.15,3362804.35,953.1758361678005,0.19812925170068027
5471,Bettens,650,109.0,16.8,23.8,6.8,173.8,VD,Lake Geneva,rural,French,15.0,2.4,18.0,24.0,52.0,94.0,588114.5,86275.5,674390.0,1037.5230769230768,0.14461538461538462
5472,Bournens,511,95.0,18.6,25.2,14.1,130.7,VD,Lake Geneva,rural,French,,,16.0,6.0,34.0,56.0,609150.7,49334.6,658485.2999999999,1288.6209393346378,0.1095890410958904
5473,Boussens,1006,152.0,15.1,26.0,13.2,318.4,VD,Lake Geneva,rural,French,11.0,1.1,11.0,24.0,136.0,171.0,1047428.95,195184.5,1242613.45,1235.202236580517,0.16998011928429424
5474,La Chaux (Cossonay),413,49.0,11.9,22.0,20.3,61.3,VD,Lake Geneva,rural,French,7.0,1.8,17.0,8.0,40.0,65.0,400733.55,38921.05,439654.6,1064.5389830508475,0.15738498789346247
5475,Chavannes-le-Veyron,163,20.0,12.3,28.2,16.0,61.7,VD,Lake Geneva,rural,French,,,23.0,,4.0,27.0,89569.65,9579.9,99149.54999999999,608.2794478527607,0.1656441717791411
5476,Chevilly,331,50.0,15.1,25.7,10.3,85.1,VD,Lake Geneva,rural,French,,,14.0,5.0,17.0,36.0,342566.65,95332.25,437898.9,1322.9574018126889,0.10876132930513595
5477,Cossonay,4386,1077.0,24.6,22.3,14.2,529.7,VD,Lake Geneva,intermediate,French,131.0,3.0,54.0,234.0,1425.0,1713.0,3248382.65,1103729.2,4352111.85,992.273563611491,0.3905608755129959
5479,Cuarnens,545,77.0,14.1,24.0,14.7,76.4,VD,Lake Geneva,rural,French,9.0,1.7,41.0,28.0,63.0,132.0,489691.75,80135.8,569827.55,1045.555137614679,0.24220183486238533
5480,Daillens,1057,176.0,16.7,25.9,14.6,191.5,VD,Lake Geneva,rural,French,6.0,0.6,29.0,109.0,746.0,884.0,1127799.05,178310.85,1306109.9000000001,1235.6763481551563,0.836329233680227
5481,Dizy,232,29.0,12.5,22.0,10.8,76.3,VD,Lake Geneva,rural,French,,,17.0,27.0,13.0,57.0,176646.55,22847.0,199493.55,859.8859913793103,0.24568965517241378
5482,Eclépens,1198,292.0,24.4,22.9,15.6,206.6,VD,Lake Geneva,intermediate,French,18.0,1.5,30.0,984.0,628.0,1642.0,925484.8,282884.15,1208368.9500000002,1008.6552170283808,1.3706176961602672
5483,Ferreyres,308,28.0,9.1,26.0,14.6,97.5,VD,Lake Geneva,rural,French,,,13.0,10.0,35.0,58.0,351476.0,27408.25,378884.25,1230.1436688311687,0.18831168831168832
5484,Gollion,1030,172.0,16.7,22.4,15.2,189.0,VD,Lake Geneva,rural,French,,,44.0,78.0,166.0,288.0,860863.15,147495.55,1008358.7,978.9890291262135,0.2796116504854369
5485,Grancy,489,78.0,16.0,26.0,13.1,86.2,VD,Lake Geneva,rural,French,6.0,1.4,22.0,31.0,36.0,89.0,926830.7,228332.25,1155162.95,2362.2964212678935,0.18200408997955012
5486,L'Isle,1093,168.0,15.4,21.9,19.0,67.4,VD,Lake Geneva,rural,French,22.0,2.0,50.0,94.0,129.0,273.0,750369.25,58712.6,809081.85,740.2395699908509,0.24977127172918573
5487,Lussery-Villars,482,91.0,18.9,22.0,13.1,128.9,VD,Lake Geneva,rural,French,6.0,1.3,17.0,5.0,40.0,62.0,386166.9,60691.7,446858.60000000003,927.0925311203321,0.12863070539419086
5488,Mauraz,65,7.0,10.8,24.6,12.3,130.0,VD,Lake Geneva,rural,French,,,6.0,0.0,12.0,18.0,52142.1,0.0,52142.1,802.1861538461538,0.27692307692307694
5489,Mex (VD),818,215.0,26.3,20.4,18.3,289.0,VD,Lake Geneva,rural,French,,,10.0,1653.0,117.0,1780.0,1210508.05,591642.25,1802150.3,2203.1177261613693,2.176039119804401
5490,Moiry,297,20.0,6.7,20.9,21.9,44.6,VD,Lake Geneva,rural,French,,,33.0,4.0,41.0,78.0,218103.85,2825.1,220928.95,743.8685185185186,0.26262626262626265
5491,Mont-la-Ville,502,65.0,12.9,25.1,17.9,25.4,VD,Lake Geneva,rural,French,,,27.0,7.0,54.0,88.0,387686.15,33972.75,421658.9,839.9579681274901,0.1752988047808765
5492,Montricher,979,173.0,17.7,19.5,17.2,37.6,VD,Lake Geneva,rural,French,12.0,1.2,53.0,71.0,171.0,295.0,837889.6,9440982.5,10278872.1,10499.358631256384,0.30132788559754853
5493,Orny,486,89.0,18.3,23.0,13.6,87.6,VD,Lake Geneva,rural,French,8.0,1.7,35.0,12.0,68.0,115.0,357899.9,54032.45,411932.35000000003,847.5974279835392,0.2366255144032922
5495,Penthalaz,3209,879.0,27.4,21.8,18.2,829.2,VD,Lake Geneva,intermediate,French,108.0,3.4,10.0,150.0,1258.0,1418.0,1865088.4,428959.05,2294047.4499999997,714.8792302898098,0.4418822062947959
5496,Penthaz,1923,480.0,25.0,25.0,13.9,500.8,VD,Lake Geneva,intermediate,French,22.0,1.2,10.0,321.0,330.0,661.0,1585305.2,310613.1,1895918.2999999998,985.916952678107,0.34373374934997397
5497,Pompaples,858,200.0,23.3,24.8,13.6,193.2,VD,Lake Geneva,rural,French,27.0,3.2,24.0,20.0,536.0,580.0,470025.45,39196.1,509221.55,593.49831002331,0.675990675990676
5498,La Sarraz,2607,750.0,28.8,23.2,15.5,338.6,VD,Lake Geneva,intermediate,French,76.0,2.9,28.0,125.0,593.0,746.0,1663488.15,312144.3,1975632.45,757.8183544303797,0.28615266589950134
5499,Senarclens,495,89.0,18.0,23.6,17.8,124.7,VD,Lake Geneva,rural,French,,,16.0,28.0,100.0,144.0,603810.0,224336.6,828146.6,1673.0234343434342,0.2909090909090909
55,Eglisau,5520,1304.0,23.6,22.7,18.0,609.3,ZH,Zurich,intermediate,German,98.0,1.8,81.0,296.0,983.0,1360.0,6608551.7,1075318.85,7683870.550000001,1392.00553442029,0.2463768115942029
5501,Sullens,1168,238.0,20.4,22.9,16.4,298.7,VD,Lake Geneva,rural,French,30.0,2.6,16.0,71.0,120.0,207.0,1159841.7,700770.7,1860612.4,1592.9900684931506,0.17722602739726026
5503,Vufflens-la-Ville,1337,193.0,14.4,21.8,18.0,248.5,VD,Lake Geneva,intermediate,French,11.0,0.8,17.0,140.0,811.0,968.0,1911253.65,664668.6,2575922.25,1926.6434181002244,0.7240089753178759
551,Urtenen-Schönbühl,6410,1374.0,21.4,21.4,19.8,891.5,BE,Espace Mittelland,urban,German,302.0,4.7,40.0,644.0,3614.0,4298.0,3432857.65,407308.7,3840166.35,599.0899141965679,0.6705148205928237
5511,Assens,1672,241.0,14.4,23.1,14.5,197.6,VD,Lake Geneva,rural,French,14.0,0.8,56.0,601.0,783.0,1440.0,1651038.6,278349.8,1929388.4000000001,1153.9404306220097,0.861244019138756
5512,Bercher,1359,244.0,18.0,25.8,15.2,318.3,VD,Lake Geneva,intermediate,French,30.0,2.3,16.0,94.0,370.0,480.0,1052774.1,159603.9,1212378.0,892.1103752759382,0.35320088300220753
5514,Bottens,1351,229.0,17.0,24.6,14.4,196.4,VD,Lake Geneva,rural,French,17.0,1.3,37.0,62.0,136.0,235.0,1094580.6,209781.75,1304362.35,965.4791635825316,0.17394522575869725
5515,Bretigny-sur-Morrens,877,162.0,18.5,24.6,11.7,305.6,VD,Lake Geneva,intermediate,French,27.0,3.1,9.0,126.0,100.0,235.0,734701.15,169716.65,904417.8,1031.2631698973776,0.26795895096921324
5516,Cugy (VD),2696,615.0,22.8,24.8,16.1,926.5,VD,Lake Geneva,urban,French,65.0,2.4,13.0,249.0,950.0,1212.0,2972497.9,746816.7,3719314.5999999996,1379.5677299703264,0.4495548961424332
5518,Echallens,5812,1315.0,22.6,23.1,16.7,872.7,VD,Lake Geneva,intermediate,French,133.0,2.3,35.0,450.0,2268.0,2753.0,3876519.55,726784.4,4603303.95,792.0344029593944,0.47367515485203027
552,Utzenstorf,4476,445.0,9.9,19.3,22.6,264.2,BE,Espace Mittelland,intermediate,German,100.0,2.2,116.0,529.0,873.0,1518.0,2620660.55,135326.0,2755986.55,615.7253239499553,0.339142091152815
5520,Essertines-sur-Yverdon,1081,150.0,13.9,25.2,13.2,110.9,VD,Lake Geneva,rural,French,20.0,1.9,41.0,36.0,105.0,182.0,982544.35,90956.1,1073500.45,993.0623959296947,0.1683626271970398
5521,Etagnières,1147,235.0,20.5,22.9,16.0,303.4,VD,Lake Geneva,intermediate,French,34.0,2.9,26.0,212.0,503.0,741.0,1178990.05,179421.7,1358411.75,1184.3171316477767,0.6460331299040977
5522,Fey,737,80.0,10.9,25.5,15.1,100.4,VD,Lake Geneva,rural,French,8.0,1.1,22.0,93.0,68.0,183.0,525742.15,58661.55,584403.7000000001,792.9493894165537,0.24830393487109906
5523,Froideville,2722,512.0,18.8,25.8,14.3,384.5,VD,Lake Geneva,intermediate,French,43.0,1.6,15.0,35.0,215.0,265.0,2174461.85,554575.0,2729036.85,1002.5851763409258,0.0973548861131521
5527,Morrens (VD),1172,188.0,16.0,24.1,17.7,319.3,VD,Lake Geneva,intermediate,French,17.0,1.5,14.0,39.0,100.0,153.0,1160547.0,146521.75,1307068.75,1115.2463737201365,0.13054607508532423
5529,Oulens-sous-Echallens,606,76.0,12.5,23.6,15.8,103.2,VD,Lake Geneva,rural,French,10.0,1.6,38.0,15.0,90.0,143.0,650202.6,80815.45,731018.0499999999,1206.300412541254,0.23597359735973597
553,Wiggiswil,105,10.0,9.5,19.0,18.1,72.9,BE,Espace Mittelland,rural,German,,,17.0,12.0,13.0,42.0,70442.65,0.0,70442.65,670.8823809523809,0.4
5530,Pailly,566,76.0,13.4,25.8,13.6,98.1,VD,Lake Geneva,rural,French,,,53.0,33.0,120.0,206.0,613944.65,66448.2,680392.85,1202.107508833922,0.36395759717314485
5531,Penthéréaz,431,32.0,7.4,24.6,13.0,75.9,VD,Lake Geneva,rural,French,,,27.0,63.0,40.0,130.0,421032.05,45907.25,466939.3,1083.3858468677495,0.30162412993039445
5533,Poliez-Pittet,846,122.0,14.4,25.1,14.2,168.9,VD,Lake Geneva,rural,French,8.0,1.0,30.0,139.0,284.0,453.0,529770.6,113431.0,643201.6,760.2855791962174,0.5354609929078015
5534,Rueyres,303,49.0,16.2,23.1,16.8,151.5,VD,Lake Geneva,intermediate,French,,,11.0,56.0,24.0,91.0,304068.65,4947.1,309015.75,1019.8539603960396,0.30033003300330036
5535,Saint-Barthélemy (VD),806,94.0,11.7,21.8,14.6,195.6,VD,Lake Geneva,rural,French,12.0,1.5,40.0,21.0,281.0,342.0,601445.6,73727.4,675173.0,837.6836228287841,0.42431761786600497
5537,Villars-le-Terroir,1307,167.0,12.8,25.9,14.5,184.3,VD,Lake Geneva,intermediate,French,18.0,1.4,43.0,50.0,145.0,238.0,1009996.9,74126.8,1084123.7,829.4749043611323,0.1820964039785769
5539,Vuarrens,1107,165.0,14.9,28.9,10.2,123.4,VD,Lake Geneva,rural,French,9.0,0.8,43.0,34.0,87.0,164.0,1039958.75,84950.45,1124909.2,1016.1781391147244,0.14814814814814814
554,Wiler bei Utzenstorf,1037,93.0,9.0,22.9,16.8,271.5,BE,Espace Mittelland,rural,German,32.0,3.1,49.0,188.0,77.0,314.0,570160.15,4620.7,574780.85,554.2727579556413,0.30279652844744454
5540,Montilliez,1894,241.0,12.7,23.6,14.1,159.7,VD,Lake Geneva,rural,French,37.0,2.0,87.0,87.0,147.0,321.0,1862554.45,119677.0,1982231.45,1046.5847148891235,0.16948257655755017
5541,Goumoëns,1171,147.0,12.6,27.9,16.4,109.5,VD,Lake Geneva,rural,French,7.0,0.6,49.0,82.0,231.0,362.0,1061800.15,140878.3,1202678.45,1027.0524765157984,0.30913748932536295
5551,Bonvillars,502,44.0,8.8,21.1,21.9,66.7,VD,Lake Geneva,intermediate,French,,,45.0,40.0,39.0,124.0,407652.55,106403.7,514056.25,1024.0164342629482,0.24701195219123506
5552,Bullet,656,44.0,6.7,16.8,27.0,39.0,VD,Lake Geneva,rural,French,17.0,2.6,33.0,23.0,159.0,215.0,357011.2,44408.1,401419.3,611.9196646341463,0.3277439024390244
5553,Champagne,1073,172.0,16.0,23.5,15.0,274.4,VD,Lake Geneva,intermediate,French,11.0,1.0,25.0,289.0,189.0,503.0,870432.6,107799.95,978232.5499999999,911.6799161230196,0.46877912395153776
5554,Concise,1004,180.0,17.9,21.9,17.5,88.3,VD,Lake Geneva,rural,French,25.0,2.5,61.0,21.0,131.0,213.0,885807.15,114960.3,1000767.4500000001,996.7803286852591,0.21215139442231076
5555,Corcelles-près-Concise,413,49.0,11.9,22.5,23.2,101.7,VD,Lake Geneva,rural,French,,,40.0,,89.0,129.0,332390.3,52630.1,385020.39999999997,932.2527845036319,0.31234866828087166
5556,Fiez,437,40.0,9.2,24.9,15.1,64.0,VD,Lake Geneva,rural,French,9.0,2.0,12.0,5.0,35.0,52.0,332872.4,81262.0,414134.4,947.6759725400458,0.11899313501144165
5557,Fontaines-sur-Grandson,214,21.0,9.8,24.8,11.2,27.2,VD,Lake Geneva,rural,French,,,11.0,,11.0,22.0,120391.85,22763.05,143154.9,668.9481308411215,0.102803738317757
5559,Giez,448,66.0,14.7,20.3,17.9,94.1,VD,Lake Geneva,rural,French,6.0,1.4,25.0,47.0,31.0,103.0,527463.5,246930.8,774394.3,1728.558705357143,0.22991071428571427
556,Zielebach,331,31.0,9.4,15.4,25.1,173.3,BE,Espace Mittelland,intermediate,German,6.0,1.8,14.0,11.0,15.0,40.0,204185.7,16724.95,220910.65000000002,667.4037764350454,0.12084592145015106
5560,Grandevent,237,36.0,15.2,21.1,18.1,68.9,VD,Lake Geneva,rural,French,,,9.0,,15.0,24.0,244385.3,4554.55,248939.84999999998,1050.3791139240504,0.10126582278481013
5561,Grandson,3360,655.0,19.5,20.5,18.1,427.5,VD,Lake Geneva,intermediate,French,132.0,3.9,11.0,328.0,1198.0,1537.0,3491002.55,615600.55,4106603.0999999996,1222.2033035714285,0.4574404761904762
5562,Mauborget,139,13.0,9.4,16.5,33.1,25.2,VD,Lake Geneva,rural,French,8.0,5.9,13.0,0.0,15.0,28.0,115572.6,40632.35,156204.95,1123.776618705036,0.2014388489208633
5563,Mutrux,151,10.0,6.6,27.8,17.9,46.7,VD,Lake Geneva,rural,French,,,10.0,4.0,11.0,25.0,54853.75,30295.5,85149.25,563.9023178807947,0.16556291390728478
5564,Novalles,99,8.0,8.1,24.2,23.2,48.1,VD,Lake Geneva,rural,French,,,14.0,,7.0,21.0,38336.1,0.0,38336.1,387.2333333333333,0.21212121212121213
5565,Onnens (VD),495,69.0,13.9,22.8,19.0,96.1,VD,Lake Geneva,rural,French,,,24.0,7.0,216.0,247.0,356951.3,50237.35,407188.64999999997,822.6033333333332,0.498989898989899
5566,Provence,403,45.0,11.2,14.9,22.3,12.6,VD,Lake Geneva,rural,French,19.0,4.7,48.0,34.0,66.0,148.0,142252.15,26576.3,168828.44999999998,418.92915632754335,0.36724565756823824
5568,Sainte-Croix,4876,982.0,20.1,17.9,26.1,123.5,VD,Lake Geneva,intermediate,French,409.0,8.3,75.0,607.0,1247.0,1929.0,2044665.4,265134.6,2309800.0,473.70795734208366,0.39561115668580804
557,Zuzwil (BE),542,24.0,4.4,21.6,23.4,156.2,BE,Espace Mittelland,rural,German,,,29.0,,57.0,86.0,537352.05,16614.55,553966.6000000001,1022.078597785978,0.15867158671586715
5571,Tévenon,867,116.0,13.4,23.4,20.1,60.7,VD,Lake Geneva,rural,French,7.0,0.8,36.0,21.0,76.0,133.0,625742.3,84022.35,709764.65,818.6443483275664,0.15340253748558247
5581,Belmont-sur-Lausanne,3837,1014.0,26.4,23.6,15.2,1447.9,VD,Lake Geneva,urban,French,53.0,1.4,6.0,58.0,480.0,544.0,7607561.65,3540743.35,11148305.0,2905.474328902789,0.1417774302840761
5582,Cheseaux-sur-Lausanne,4517,1077.0,23.8,21.3,17.6,984.1,VD,Lake Geneva,intermediate,French,67.0,1.5,32.0,468.0,1513.0,2013.0,3459432.8,752076.0,4211508.8,932.3685632056674,0.44564976754483066
5583,Crissier,9181,3998.0,43.5,21.8,13.6,1669.3,VD,Lake Geneva,urban,French,404.0,4.5,21.0,2964.0,7229.0,10214.0,5451632.25,1567773.85,7019406.1,764.557902189304,1.1125149765820717
5584,Epalinges,9822,3019.0,30.7,22.6,17.4,2149.2,VD,Lake Geneva,urban,French,208.0,2.1,5.0,229.0,3481.0,3715.0,14111292.45,5825032.4,19936324.85,2029.762253105274,0.37823253919771943
5585,Jouxtens-Mézery,1468,293.0,20.0,21.4,22.1,760.6,VD,Lake Geneva,urban,French,120.0,8.2,,55.0,147.0,202.0,7349181.25,3070164.45,10419345.7,7097.646934604904,0.13760217983651227
5586,Lausanne,141418,59218.0,41.9,19.3,14.4,3418.4,VD,Lake Geneva,urban,French,9562.0,6.8,111.0,6509.0,124284.0,130904.0,97804531.8,56700176.15,154504707.95,1092.5391955055225,0.9256530286102194
5587,Le Mont-sur-Lausanne,9291,2593.0,27.9,25.6,14.7,948.1,VD,Lake Geneva,urban,French,232.0,2.5,51.0,1724.0,7169.0,8944.0,11962886.95,6118351.5,18081238.45,1946.1025131848023,0.9626520288451189
5588,Paudex,1550,518.0,33.4,18.3,21.7,3229.2,VD,Lake Geneva,urban,French,38.0,2.5,,151.0,1396.0,1547.0,2437276.2,2243366.95,4680643.15,3019.7697741935485,0.9980645161290322
5589,Prilly,12294,5243.0,42.6,19.4,17.5,5588.2,VD,Lake Geneva,urban,French,675.0,5.5,4.0,1216.0,5696.0,6916.0,6233477.65,1782784.6,8016262.25,652.046709777127,0.5625508378070604
5590,Pully,18984,6087.0,32.1,20.1,22.0,3239.6,VD,Lake Geneva,urban,French,395.0,2.1,26.0,368.0,5680.0,6074.0,33832963.75,25552706.95,59385670.7,3128.195886009271,0.3199536451748841
5591,Renens (VD),21086,10404.0,49.3,20.6,14.5,7147.8,VD,Lake Geneva,urban,French,1356.0,6.5,31.0,2225.0,13873.0,16129.0,7134477.9,2343494.55,9477972.45,449.4912477473205,0.7649151095513611
5592,Romanel-sur-Lausanne,3788,1006.0,26.6,20.7,17.9,1315.3,VD,Lake Geneva,urban,French,110.0,3.2,,747.0,1106.0,1853.0,2300099.05,468581.8,2768680.8499999996,730.9083553326293,0.4891763463569166
56,Embrach,10005,2947.0,29.5,21.4,17.3,788.4,ZH,Zurich,urban,German,262.0,2.7,58.0,843.0,3154.0,4055.0,7984082.65,1052394.8,9036477.450000001,903.1961469265368,0.4052973513243378
5601,Chexbres,2202,556.0,25.2,21.2,22.4,1024.2,VD,Lake Geneva,intermediate,French,71.0,3.2,59.0,105.0,662.0,826.0,2666667.95,1022613.55,3689281.5,1675.4230245231608,0.3751135331516803
5604,Forel (Lavaux),2064,399.0,19.3,22.9,17.2,111.5,VD,Lake Geneva,rural,French,24.0,1.1,120.0,583.0,549.0,1252.0,1685641.95,466845.2,2152487.15,1042.8716812015502,0.6065891472868217
5606,Lutry,10718,2992.0,27.9,19.6,22.6,1266.9,VD,Lake Geneva,urban,French,112.0,1.0,122.0,337.0,3042.0,3501.0,22481430.6,19113836.35,41595266.95,3880.879543758164,0.326646762455682
5607,Puidoux,2992,914.0,30.5,22.1,14.3,130.9,VD,Lake Geneva,intermediate,French,84.0,2.9,195.0,784.0,1449.0,2428.0,2851319.4,490122.2,3341441.6,1116.7919786096256,0.8114973262032086
5609,Rivaz,332,52.0,15.7,14.8,20.8,1071.0,VD,Lake Geneva,intermediate,French,,,54.0,,17.0,71.0,366024.9,89690.2,455715.10000000003,1372.635843373494,0.21385542168674698
561,Adelboden,3399,328.0,9.6,19.8,23.2,38.8,BE,Espace Mittelland,intermediate,German,12.0,0.4,343.0,567.0,1549.0,2459.0,1184986.3,55338.0,1240324.3,364.9085907619888,0.723448072962636
5610,Saint-Saphorin (Lavaux),401,84.0,20.9,20.9,16.5,455.7,VD,Lake Geneva,intermediate,French,7.0,1.8,24.0,,66.0,90.0,633959.0,366100.35,1000059.35,2493.913591022444,0.22443890274314215
5611,Savigny,3418,749.0,21.9,21.4,19.9,213.5,VD,Lake Geneva,rural,French,82.0,2.4,101.0,297.0,1063.0,1461.0,3957871.0,1649273.8,5607144.8,1640.475365710942,0.4274429490930369
5613,Bourg-en-Lavaux,5386,1169.0,21.7,19.8,21.5,558.7,VD,Lake Geneva,intermediate,French,54.0,1.0,320.0,134.0,1314.0,1768.0,10776372.3,5662820.7,16439193.0,3052.2081321945784,0.32825844782770147
562,Aeschi bei Spiez,2283,133.0,5.8,20.3,23.2,73.7,BE,Espace Mittelland,rural,German,18.0,0.8,159.0,160.0,774.0,1093.0,1172588.35,99481.95,1272070.3,557.1924222514236,0.47875602277704776
5621,Aclens,557,139.0,25.0,22.1,14.2,142.8,VD,Lake Geneva,intermediate,French,,,18.0,527.0,1364.0,1909.0,517397.6,74680.4,592078.0,1062.976660682226,3.4272890484739675
5622,Bremblens,606,80.0,13.2,23.6,16.0,208.2,VD,Lake Geneva,rural,French,6.0,1.0,44.0,171.0,140.0,355.0,1187387.8,337788.5,1525176.3,2516.7925742574257,0.5858085808580858
5623,Buchillon,674,182.0,27.0,22.0,22.1,317.9,VD,Lake Geneva,intermediate,French,,,10.0,6.0,113.0,129.0,1913579.6,1826105.5,3739685.1,5548.494213649852,0.1913946587537092
5624,Bussigny,10365,3950.0,38.1,22.6,13.4,2154.9,VD,Lake Geneva,urban,French,410.0,4.0,13.0,1903.0,4285.0,6201.0,6778435.95,1542061.25,8320497.2,802.7493680656054,0.5982633863965268
5627,Chavannes-près-Renens,8737,4719.0,54.0,23.2,10.5,5295.2,VD,Lake Geneva,urban,French,435.0,5.0,,208.0,3844.0,4052.0,2436765.65,732622.1,3169387.75,362.75469268627677,0.4637747510587158
5628,Chigny,419,108.0,25.8,28.6,11.7,470.8,VD,Lake Geneva,urban,French,,,22.0,10.0,48.0,80.0,1220692.0,1027914.15,2248606.15,5366.601789976134,0.1909307875894988
5629,Clarmont,213,45.0,21.1,23.5,15.0,208.8,VD,Lake Geneva,rural,French,,,25.0,,20.0,45.0,287040.55,92197.75,379238.3,1780.4615023474178,0.2112676056338028
563,Frutigen,7014,528.0,7.5,22.0,22.2,97.0,BE,Espace Mittelland,intermediate,German,112.0,1.6,561.0,1469.0,2486.0,4516.0,2802740.35,958442.65,3761183.0,536.2393783860849,0.6438551468491588
5631,Denens,714,119.0,16.7,18.9,19.9,216.4,VD,Lake Geneva,intermediate,French,17.0,2.3,52.0,10.0,59.0,121.0,1580756.65,604957.2,2185713.8499999996,3061.22387955182,0.16946778711484595
5632,Denges,1774,584.0,32.9,21.0,11.7,1068.7,VD,Lake Geneva,urban,French,31.0,1.8,30.0,234.0,640.0,904.0,1911768.8,792599.45,2704368.25,1524.4465896279594,0.5095828635851184
5633,Echandens,2895,919.0,31.7,21.6,20.5,746.1,VD,Lake Geneva,urban,French,36.0,1.3,22.0,609.0,968.0,1599.0,3815030.75,1505805.55,5320836.3,1837.9399999999998,0.5523316062176166
5634,Echichens,3208,674.0,21.0,23.2,18.3,241.7,VD,Lake Geneva,intermediate,French,26.0,0.8,110.0,44.0,665.0,819.0,5105415.2,3029890.25,8135305.45,2535.9430953865335,0.2552992518703242
5635,Ecublens (VD),13118,6167.0,47.0,21.8,15.4,2293.4,VD,Lake Geneva,urban,French,406.0,3.1,21.0,2843.0,14879.0,17743.0,8415754.1,3292361.3,11708115.399999999,892.5228998322914,1.352568989175179
5636,Etoy,2931,891.0,30.4,21.4,15.4,595.7,VD,Lake Geneva,intermediate,French,51.0,1.7,116.0,483.0,2571.0,3170.0,3635557.2,1576369.9,5211927.1,1778.2078130330945,1.0815421357898327
5637,Lavigny,1034,260.0,25.1,24.6,14.0,258.5,VD,Lake Geneva,intermediate,French,10.0,1.0,41.0,82.0,799.0,922.0,1116938.05,254785.25,1371723.3,1326.6182785299807,0.8916827852998066
5638,Lonay,2672,596.0,22.3,18.9,21.3,718.3,VD,Lake Geneva,urban,French,14.0,0.5,58.0,423.0,1111.0,1592.0,4344389.0,1383036.2,5727425.2,2143.4974550898205,0.5958083832335329
5639,Lully (VD),824,129.0,15.7,25.1,16.4,402.0,VD,Lake Geneva,urban,French,,,19.0,43.0,135.0,197.0,1644066.0,691835.05,2335901.05,2834.831371359223,0.23907766990291263
564,Kandergrund,822,58.0,7.1,21.4,21.0,25.6,BE,Espace Mittelland,rural,German,6.0,0.7,106.0,64.0,111.0,281.0,218113.05,33997.05,252110.09999999998,306.7032846715328,0.3418491484184915
5640,Lussy-sur-Morges,729,120.0,16.5,27.0,20.4,311.5,VD,Lake Geneva,intermediate,French,,,22.0,44.0,199.0,265.0,2394097.95,624618.55,3018716.5,4140.900548696845,0.3635116598079561
5642,Morges,17529,6578.0,37.5,18.3,18.4,4564.8,VD,Lake Geneva,urban,French,536.0,3.2,59.0,967.0,11234.0,12260.0,15624862.8,9296613.35,24921476.15,1421.7283444577556,0.6994124023047521
5643,Préverenges,5204,1598.0,30.7,22.0,18.3,2782.9,VD,Lake Geneva,urban,French,89.0,1.7,21.0,433.0,1250.0,1704.0,5421390.45,3251895.55,8673286.0,1666.6575710991544,0.32744043043812454
5645,Romanel-sur-Morges,460,72.0,15.7,19.1,17.4,261.4,VD,Lake Geneva,rural,French,,,14.0,264.0,258.0,536.0,750097.95,122369.15,872467.1,1896.6676086956522,1.1652173913043478
5646,Saint-Prex,5871,2171.0,37.0,23.3,16.0,1061.7,VD,Lake Geneva,intermediate,French,122.0,2.1,55.0,1300.0,1819.0,3174.0,7826701.6,5861748.2,13688449.8,2331.53633111906,0.5406234031681144
5648,Saint-Sulpice (VD),5046,2387.0,47.3,22.1,16.8,2712.9,VD,Lake Geneva,urban,French,28.0,0.6,,319.0,1364.0,1683.0,10045219.1,8274630.0,18319849.1,3630.5685889813717,0.3335315101070155
5649,Tolochenaz,1890,559.0,29.6,22.2,16.0,1188.7,VD,Lake Geneva,urban,French,55.0,2.9,11.0,830.0,1693.0,2534.0,2425518.8,669216.85,3094735.65,1637.4262698412697,1.3407407407407408
565,Kandersteg,1298,300.0,23.1,13.9,28.9,9.7,BE,Espace Mittelland,rural,German,21.0,1.7,29.0,72.0,636.0,737.0,626369.7,52189.75,678559.45,522.7730739599383,0.5677966101694916
5650,Vaux-sur-Morges,185,32.0,17.3,21.6,20.5,88.1,VD,Lake Geneva,rural,French,,,25.0,,78.0,103.0,396349.2,3965099.4,4361448.6,23575.397837837834,0.5567567567567567
5651,Villars-Sainte-Croix,982,263.0,26.8,20.7,17.5,595.2,VD,Lake Geneva,urban,French,9.0,0.9,7.0,647.0,798.0,1452.0,1284914.9,354887.15,1639802.0499999998,1669.8595213849285,1.4786150712830957
5652,Villars-sous-Yens,615,118.0,19.2,22.4,15.1,202.3,VD,Lake Geneva,rural,French,9.0,1.4,40.0,6.0,49.0,95.0,645564.35,436548.45,1082112.8,1759.5330081300813,0.15447154471544716
5653,Vufflens-le-Château,884,176.0,19.9,25.2,17.3,413.1,VD,Lake Geneva,intermediate,French,,,74.0,6.0,101.0,181.0,2457811.3,989184.55,3446995.8499999996,3899.3165723981897,0.20475113122171945
5654,Vullierens,561,103.0,18.4,21.7,16.0,82.0,VD,Lake Geneva,rural,French,,,40.0,42.0,77.0,159.0,537970.2,174577.5,712547.7,1270.1385026737967,0.28342245989304815
5655,Yens,1511,354.0,23.4,24.5,17.5,158.9,VD,Lake Geneva,rural,French,17.0,1.1,86.0,114.0,220.0,420.0,2740516.45,1150171.85,3890688.3000000003,2574.9095301125085,0.27796161482461945
5656,Hautemorges,4256,709.0,16.7,23.4,17.3,129.1,VD,Lake Geneva,rural,French,49.0,1.2,233.0,238.0,710.0,1181.0,4578031.4,957648.95,5535680.350000001,1300.6767739661655,0.27749060150375937
566,Krattigen,1140,101.0,8.9,18.2,27.7,190.0,BE,Espace Mittelland,intermediate,German,8.0,0.7,26.0,42.0,233.0,301.0,563885.4,85014.7,648900.1,569.2106140350877,0.26403508771929823
5661,Boulens,382,29.0,7.6,23.0,16.0,111.7,VD,Lake Geneva,rural,French,7.0,1.9,15.0,27.0,28.0,70.0,260823.65,68376.1,329199.75,861.7794502617801,0.18324607329842932
5663,Bussy-sur-Moudon,246,43.0,17.5,23.2,17.9,78.8,VD,Lake Geneva,rural,French,,,11.0,18.0,10.0,39.0,103889.75,14731.2,118620.95,482.1989837398374,0.15853658536585366
5665,Chavannes-sur-Moudon,218,16.0,7.3,17.9,22.5,42.3,VD,Lake Geneva,rural,French,,,44.0,5.0,14.0,63.0,128502.6,4104.0,132606.6,608.2871559633028,0.2889908256880734
5669,Curtilles,290,29.0,10.0,18.6,20.7,58.5,VD,Lake Geneva,rural,French,,,23.0,14.0,33.0,70.0,196611.95,15647.35,212259.30000000002,731.9286206896552,0.2413793103448276
567,Reichenbach im Kandertal,3698,201.0,5.4,21.6,22.8,29.4,BE,Espace Mittelland,rural,German,32.0,0.9,292.0,437.0,698.0,1427.0,1798694.25,32766.3,1831460.55,495.2570443482964,0.3858842617631152
5671,Dompierre (VD),248,28.0,11.3,21.8,19.0,77.3,VD,Lake Geneva,rural,French,,,21.0,15.0,13.0,49.0,127942.15,16661.85,144604.0,583.0806451612904,0.1975806451612903
5673,Hermenches,371,46.0,12.4,19.1,19.1,77.8,VD,Lake Geneva,rural,French,,,25.0,5.0,24.0,54.0,226587.7,24672.85,251260.55000000002,677.2521563342318,0.14555256064690028
5674,Lovatens,143,7.0,4.9,18.9,19.6,41.2,VD,Lake Geneva,rural,French,,,22.0,,10.0,32.0,80653.15,0.0,80653.15,564.0080419580419,0.22377622377622378
5675,Lucens,4414,1697.0,38.4,25.3,15.1,228.9,VD,Lake Geneva,rural,French,398.0,9.1,88.0,428.0,556.0,1072.0,1398938.95,267530.8,1666469.75,377.5418554599003,0.24286361576801088
5678,Moudon,6124,2697.0,44.0,26.0,13.9,391.3,VD,Lake Geneva,intermediate,French,516.0,8.5,58.0,723.0,2047.0,2828.0,1670578.55,494947.55,2165526.1,353.613014369693,0.46178967994774656
5680,Ogens,324,30.0,9.3,27.5,16.4,95.3,VD,Lake Geneva,rural,French,8.0,2.5,14.0,47.0,30.0,91.0,174030.3,48127.05,222157.34999999998,685.6708333333332,0.2808641975308642
5683,Prévonloup,220,20.0,9.1,23.6,20.5,119.6,VD,Lake Geneva,rural,French,,,14.0,9.0,12.0,35.0,134531.75,7085.75,141617.5,643.7159090909091,0.1590909090909091
5684,Rossenges,92,21.0,22.8,17.4,16.3,85.2,VD,Lake Geneva,rural,French,,,7.0,0.0,6.0,13.0,168655.4,49106.85,217762.25,2366.9809782608695,0.14130434782608695
5688,Syens,163,37.0,22.7,21.5,19.6,64.7,VD,Lake Geneva,rural,French,,,7.0,8.0,14.0,29.0,290142.55,16082.3,306224.85,1878.680061349693,0.17791411042944785
5690,Villars-le-Comte,138,14.0,10.1,19.6,22.5,32.9,VD,Lake Geneva,rural,French,,,14.0,,17.0,31.0,62349.6,10012.25,72361.85,524.361231884058,0.2246376811594203
5692,Vucherens,635,108.0,17.0,24.3,14.0,193.6,VD,Lake Geneva,rural,French,6.0,1.0,19.0,11.0,163.0,193.0,549956.25,51710.05,601666.3,947.5059842519686,0.30393700787401573
5693,Montanaire,2819,337.0,12.0,25.7,15.6,84.1,VD,Lake Geneva,rural,French,69.0,2.5,190.0,176.0,402.0,768.0,1716444.5,198590.2,1915034.7,679.331216743526,0.272437034409365
57,Freienstein-Teufen,2394,385.0,16.1,19.2,21.2,285.0,ZH,Zurich,urban,German,13.0,0.5,73.0,212.0,409.0,694.0,2744742.2,299300.65,3044042.85,1271.5300125313283,0.28989139515455303
5701,Arnex-sur-Nyon,243,58.0,23.9,25.1,14.4,119.1,VD,Lake Geneva,intermediate,French,,,8.0,6.0,16.0,30.0,468773.5,100708.15,569481.65,2343.5458847736627,0.12345679012345678
5702,Arzier-Le Muids,2960,822.0,27.8,24.6,14.2,57.0,VD,Lake Geneva,intermediate,French,27.0,0.9,24.0,54.0,354.0,432.0,5888410.45,3572846.65,9461257.1,3196.370641891892,0.14594594594594595
5703,Bassins,1486,364.0,24.5,24.2,12.5,71.5,VD,Lake Geneva,intermediate,French,11.0,0.7,54.0,48.0,130.0,232.0,2085275.2,867571.05,2952846.25,1987.110531628533,0.15612382234185734
5704,Begnins,1941,550.0,28.3,22.4,19.0,405.2,VD,Lake Geneva,intermediate,French,19.0,1.0,67.0,21.0,329.0,417.0,3176376.6,2930867.7,6107244.300000001,3146.4421947449773,0.21483771251931993
5705,Bogis-Bossey,932,320.0,34.3,29.4,14.4,380.4,VD,Lake Geneva,urban,French,,,12.0,,81.0,93.0,1207994.0,1444472.4,2652466.4,2845.9939914163087,0.09978540772532189
5706,Borex,1139,322.0,28.3,24.8,16.9,572.4,VD,Lake Geneva,intermediate,French,11.0,0.9,20.0,8.0,103.0,131.0,2192643.9,1073430.1,3266074.0,2867.492537313433,0.11501316944688324
5707,Chavannes-de-Bogis,1340,507.0,37.8,27.8,16.0,468.5,VD,Lake Geneva,urban,French,7.0,0.5,18.0,70.0,951.0,1039.0,2092448.05,1499695.55,3592143.6,2680.7041791044776,0.7753731343283582
5708,Chavannes-des-Bois,1014,363.0,35.8,31.6,11.9,478.3,VD,Lake Geneva,rural,French,,,4.0,5.0,68.0,77.0,2147085.7,1748633.4,3895719.1,3841.9320512820514,0.07593688362919132
5709,Chéserex,1245,303.0,24.3,21.5,18.7,117.7,VD,Lake Geneva,intermediate,French,11.0,0.9,18.0,26.0,179.0,223.0,2427069.95,2348421.9,4775491.85,3835.7364257028107,0.1791164658634538
571,Beatenberg,1182,228.0,19.3,15.1,29.9,40.4,BE,Espace Mittelland,rural,German,29.0,2.4,58.0,72.0,444.0,574.0,396560.2,113083.7,509643.9,431.17081218274114,0.4856175972927242
5710,Coinsins,498,96.0,19.3,21.9,19.9,171.1,VD,Lake Geneva,rural,French,,,18.0,82.0,131.0,231.0,899045.05,277768.85,1176813.9,2363.0801204819277,0.463855421686747
5711,Commugny,2976,1171.0,39.3,27.8,16.5,455.7,VD,Lake Geneva,urban,French,28.0,0.9,18.0,17.0,248.0,283.0,6974822.15,8631573.3,15606395.450000001,5244.084492607527,0.09509408602150538
5712,Coppet,3206,1196.0,37.3,24.4,18.0,1714.4,VD,Lake Geneva,urban,French,26.0,0.8,,53.0,879.0,932.0,9628247.75,10539738.7,20167986.45,6290.700701809108,0.29070492825951344
5713,Crans (VD),2363,731.0,30.9,24.8,17.8,548.3,VD,Lake Geneva,intermediate,French,8.0,0.3,15.0,38.0,260.0,313.0,7350759.15,5626361.8,12977120.95,5491.798963182395,0.13245873889123994
5714,Crassier,1236,292.0,23.6,26.1,12.8,608.9,VD,Lake Geneva,intermediate,French,,,27.0,142.0,234.0,403.0,1799873.25,1130522.7,2930395.95,2370.870509708738,0.32605177993527507
5715,Duillier,1113,222.0,19.9,23.6,14.6,270.8,VD,Lake Geneva,rural,French,,,22.0,113.0,181.0,316.0,2015598.3,716251.9,2731850.2,2454.4925426774485,0.2839173405211141
5716,Eysins,1775,571.0,32.2,26.4,13.3,745.8,VD,Lake Geneva,urban,French,13.0,0.8,30.0,547.0,1566.0,2143.0,2414806.25,1396945.7,3811751.95,2147.4658873239437,1.2073239436619718
5717,Founex,3775,1538.0,40.7,27.2,14.4,788.1,VD,Lake Geneva,urban,French,20.0,0.5,107.0,81.0,771.0,959.0,8625099.25,10521744.6,19146843.85,5072.01161589404,0.25403973509933775
5718,Genolier,2020,542.0,26.8,26.1,17.9,415.6,VD,Lake Geneva,intermediate,French,12.0,0.6,17.0,114.0,934.0,1065.0,4513198.55,7673319.3,12186517.85,6032.929628712871,0.5272277227722773
5719,Gingins,1266,291.0,23.0,21.8,19.9,100.8,VD,Lake Geneva,intermediate,French,,,27.0,140.0,160.0,327.0,3467633.75,1361483.95,4829117.7,3814.468957345972,0.25829383886255924
572,Bönigen,2568,248.0,9.7,18.9,24.5,170.3,BE,Espace Mittelland,urban,German,43.0,1.7,25.0,395.0,294.0,714.0,1095413.6,52783.85,1148197.4500000002,447.11738707165114,0.2780373831775701
5720,Givrins,1021,283.0,27.7,21.7,18.3,257.8,VD,Lake Geneva,intermediate,French,8.0,0.8,40.0,32.0,134.0,206.0,2228760.0,1390239.1,3618999.1,3544.5632713026444,0.20176297747306562
5721,Gland,13664,4751.0,34.8,23.1,12.9,1644.3,VD,Lake Geneva,urban,French,262.0,2.0,116.0,1092.0,6722.0,7930.0,13236830.85,6187877.3,19424708.15,1421.5974934133487,0.5803571428571429
5722,Grens,399,74.0,18.5,21.1,14.3,156.5,VD,Lake Geneva,intermediate,French,,,33.0,57.0,37.0,127.0,932381.45,98357.85,1030739.2999999999,2583.3065162907264,0.3182957393483709
5723,Mies,2236,883.0,39.5,28.6,15.4,646.2,VD,Lake Geneva,urban,French,9.0,0.4,4.0,55.0,843.0,902.0,5290935.7,8961652.1,14252587.8,6374.14481216458,0.4033989266547406
5724,Nyon,22465,9141.0,40.7,21.3,15.6,3303.7,VD,Lake Geneva,urban,French,529.0,2.4,45.0,2181.0,15658.0,17884.0,26991792.9,27735488.1,54727281.0,2436.113109281104,0.7960827954596038
5725,Prangins,4278,1258.0,29.4,23.3,18.8,703.6,VD,Lake Geneva,urban,French,53.0,1.3,16.0,946.0,1088.0,2050.0,7783245.4,4883974.15,12667219.55,2961.0143875642825,0.4791958859280037
5726,La Rippe,1200,299.0,24.9,24.0,13.3,72.3,VD,Lake Geneva,rural,French,13.0,1.1,30.0,42.0,162.0,234.0,2461726.6,711544.1,3173270.7,2644.3922500000003,0.195
5727,Saint-Cergue,2788,873.0,31.3,21.1,16.7,114.8,VD,Lake Geneva,intermediate,French,84.0,3.1,15.0,90.0,339.0,444.0,2336272.3,1108538.7,3444811.0,1235.585007173601,0.15925394548063126
5728,Signy-Avenex,586,161.0,27.5,25.8,17.7,302.1,VD,Lake Geneva,intermediate,French,,,40.0,29.0,635.0,704.0,695017.35,759605.75,1454623.1,2482.2919795221846,1.2013651877133107
5729,Tannay,1721,633.0,36.8,26.4,17.4,956.1,VD,Lake Geneva,urban,French,6.0,0.4,10.0,12.0,150.0,172.0,5338714.5,4974322.15,10313036.65,5992.467547937246,0.0999418942475305
573,Brienz (BE),3225,447.0,13.9,18.1,25.0,67.1,BE,Espace Mittelland,intermediate,German,91.0,2.9,119.0,413.0,1068.0,1600.0,1574516.05,296539.7,1871055.75,580.1723255813954,0.49612403100775193
5730,Trélex,1430,338.0,23.6,23.0,16.4,247.8,VD,Lake Geneva,intermediate,French,8.0,0.6,17.0,34.0,161.0,212.0,4792894.0,2531813.45,7324707.45,5122.173041958042,0.14825174825174825
5731,Le Vaud,1403,271.0,19.3,25.3,15.3,451.1,VD,Lake Geneva,intermediate,French,11.0,0.8,20.0,46.0,169.0,235.0,2031984.2,1389934.75,3421918.95,2439.001389878831,0.16749821810406273
5732,Vich,1160,359.0,30.9,24.4,13.8,748.4,VD,Lake Geneva,urban,French,13.0,1.1,27.0,115.0,433.0,575.0,1949094.15,1311767.2,3260861.3499999996,2811.087370689655,0.4956896551724138
574,Brienzwiler,486,58.0,11.9,14.4,28.2,27.6,BE,Espace Mittelland,rural,German,9.0,1.8,18.0,26.0,92.0,136.0,186839.1,22625.35,209464.45,430.9968106995885,0.27983539094650206
5741,L'Abergement,260,13.0,5.0,24.2,20.4,44.9,VD,Lake Geneva,rural,French,,,9.0,9.0,13.0,31.0,289309.25,9191.6,298500.85,1148.0801923076922,0.11923076923076924
5742,Agiez,379,62.0,16.4,26.6,15.0,69.4,VD,Lake Geneva,rural,French,,,34.0,15.0,16.0,65.0,180093.9,20041.4,200135.3,528.0614775725593,0.17150395778364116
5743,Arnex-sur-Orbe,691,101.0,14.6,23.9,18.5,90.7,VD,Lake Geneva,rural,French,26.0,3.9,65.0,62.0,65.0,192.0,468920.35,64641.2,533561.5499999999,772.158538350217,0.2778581765557164
5744,Ballaigues,1153,274.0,23.8,21.9,20.4,127.3,VD,Lake Geneva,rural,French,29.0,2.5,35.0,836.0,129.0,1000.0,384808.2,157487.25,542295.45,470.3343018213356,0.8673026886383348
5745,Baulmes,1135,207.0,18.2,20.5,17.9,50.4,VD,Lake Geneva,rural,French,37.0,3.3,37.0,219.0,119.0,375.0,629357.45,77166.65,706524.1,622.4881938325991,0.3303964757709251
5746,Bavois,1010,162.0,16.0,20.8,11.8,108.0,VD,Lake Geneva,rural,French,17.0,1.7,48.0,26.0,190.0,264.0,664217.7,109170.85,773388.5499999999,765.7312376237624,0.2613861386138614
5747,Bofflens,203,12.0,5.9,23.6,19.2,48.2,VD,Lake Geneva,rural,French,,,39.0,10.0,9.0,58.0,151505.85,9866.55,161372.4,794.9379310344827,0.2857142857142857
5748,Bretonnières,264,20.0,7.6,25.8,14.8,48.4,VD,Lake Geneva,rural,French,,,22.0,10.0,22.0,54.0,119651.65,58235.6,177887.25,673.8153409090909,0.20454545454545456
5749,Chavornay,5395,1404.0,26.0,24.2,12.3,279.8,VD,Lake Geneva,intermediate,French,185.0,3.5,148.0,668.0,1049.0,1865.0,2845464.2,537276.35,3382740.5500000003,627.0140037071363,0.3456904541241891
575,Därligen,413,60.0,14.5,19.9,24.9,59.6,BE,Espace Mittelland,rural,German,10.0,2.4,14.0,,63.0,77.0,175843.55,41503.8,217347.34999999998,526.2647699757869,0.1864406779661017
5750,Les Clées,186,16.0,8.6,19.4,25.8,26.4,VD,Lake Geneva,rural,French,6.0,3.3,4.0,8.0,10.0,22.0,153376.0,19454.15,172830.15,929.1943548387096,0.11827956989247312
5752,Croy,386,50.0,13.0,16.8,27.2,86.2,VD,Lake Geneva,rural,French,6.0,1.5,4.0,12.0,208.0,224.0,227089.45,34421.6,261511.05000000002,677.4897668393783,0.5803108808290155
5754,Juriens,347,29.0,8.4,19.9,19.9,37.1,VD,Lake Geneva,rural,French,8.0,2.3,22.0,14.0,17.0,53.0,166325.95,12175.8,178501.75,514.414265129683,0.15273775216138327
5755,Lignerolle,447,86.0,19.2,24.4,17.0,42.0,VD,Lake Geneva,rural,French,9.0,2.2,33.0,13.0,66.0,112.0,223338.0,32455.0,255793.0,572.2438478747204,0.2505592841163311
5756,Montcherand,496,62.0,12.5,25.8,14.5,161.6,VD,Lake Geneva,rural,French,9.0,1.8,18.0,24.0,24.0,66.0,590272.5,235290.25,825562.75,1664.4410282258063,0.13306451612903225
5757,Orbe,7613,2573.0,33.8,22.7,15.5,631.8,VD,Lake Geneva,intermediate,French,344.0,4.6,32.0,1375.0,3363.0,4770.0,3425341.1,776124.65,4201465.75,551.8804347826087,0.6265598318665441
5758,La Praz,183,27.0,14.8,18.0,20.2,35.7,VD,Lake Geneva,rural,French,,,13.0,6.0,11.0,30.0,146623.0,4483.35,151106.35,825.7177595628416,0.16393442622950818
5759,Premier,236,23.0,9.7,24.2,25.8,38.6,VD,Lake Geneva,rural,French,6.0,2.6,29.0,12.0,10.0,51.0,102853.85,20208.4,123062.25,521.4502118644068,0.21610169491525424
576,Grindelwald,3756,951.0,25.3,14.0,23.7,21.9,BE,Espace Mittelland,intermediate,German,24.0,0.6,242.0,455.0,2563.0,3260.0,2317817.05,632867.2,2950684.25,785.5921858359958,0.8679446219382322
5760,Rances,521,71.0,13.6,20.0,18.8,53.0,VD,Lake Geneva,rural,French,8.0,1.6,26.0,23.0,52.0,101.0,608702.1,90406.9,699109.0,1341.8598848368522,0.19385796545105566
5761,Romainmôtier-Envy,559,79.0,14.1,22.5,19.0,80.1,VD,Lake Geneva,rural,French,33.0,6.0,14.0,75.0,98.0,187.0,254234.05,33498.8,287732.85,514.7278175313058,0.334525939177102
5762,Sergey,140,14.0,10.0,24.3,12.1,95.9,VD,Lake Geneva,rural,French,,,8.0,5.0,9.0,22.0,61911.95,9440.05,71352.0,509.65714285714284,0.15714285714285714
5763,Valeyres-sous-Rances,606,93.0,15.3,23.1,18.0,95.6,VD,Lake Geneva,rural,French,6.0,1.0,53.0,76.0,60.0,189.0,723633.45,61770.3,785403.75,1296.045792079208,0.3118811881188119
5764,Vallorbe,3958,1228.0,31.0,22.7,17.9,170.7,VD,Lake Geneva,intermediate,French,272.0,7.0,29.0,588.0,834.0,1451.0,1264107.65,434867.8,1698975.45,429.25099797877715,0.3665992925720061
5765,Vaulion,483,59.0,12.2,19.7,20.1,36.7,VD,Lake Geneva,rural,French,11.0,2.2,57.0,50.0,51.0,158.0,241084.1,11663.7,252747.80000000002,523.2873706004141,0.32712215320910976
5766,Vuiteboeuf,592,105.0,17.7,22.6,14.5,117.0,VD,Lake Geneva,rural,French,11.0,1.9,23.0,42.0,168.0,233.0,316214.85,54582.9,370797.75,626.3475506756756,0.3935810810810811
577,Gsteigwiler,426,55.0,12.9,19.5,20.2,60.7,BE,Espace Mittelland,rural,German,6.0,1.4,26.0,10.0,123.0,159.0,195219.05,3541.85,198760.9,466.57488262910795,0.3732394366197183
578,Gündlischwand,351,82.0,23.4,19.9,18.2,21.0,BE,Espace Mittelland,rural,German,13.0,3.7,5.0,17.0,95.0,117.0,82075.35,0.0,82075.35,233.832905982906,0.3333333333333333
5785,Corcelles-le-Jorat,483,77.0,15.9,21.3,19.5,60.8,VD,Lake Geneva,rural,French,8.0,1.6,30.0,14.0,37.0,81.0,473996.15,66817.5,540813.65,1119.6969979296066,0.16770186335403728
579,Habkern,622,36.0,5.8,19.3,22.5,12.2,BE,Espace Mittelland,rural,German,11.0,1.8,135.0,52.0,116.0,303.0,124479.1,28975.05,153454.15,246.71085209003215,0.4871382636655949
5790,Maracon,546,71.0,13.0,23.4,16.3,124.7,VD,Lake Geneva,rural,French,,,22.0,31.0,44.0,97.0,388101.3,74120.05,462221.35,846.559249084249,0.17765567765567766
5792,Montpreveyres,661,135.0,20.4,24.4,11.5,160.4,VD,Lake Geneva,rural,French,7.0,1.1,,22.0,100.0,122.0,481291.95,65375.35,546667.3,827.030711043873,0.18456883509833585
5798,Ropraz,527,114.0,21.6,24.9,14.8,109.6,VD,Lake Geneva,rural,French,16.0,3.0,29.0,29.0,123.0,181.0,393419.6,50353.3,443772.89999999997,842.0738140417457,0.34345351043643263
5799,Servion,2138,375.0,17.5,23.9,16.7,338.3,VD,Lake Geneva,rural,French,69.0,3.3,15.0,125.0,597.0,737.0,2157997.6,575359.05,2733356.6500000004,1278.464289055192,0.34471468662301213
58,Glattfelden,5258,1261.0,24.0,21.8,15.8,427.8,ZH,Zurich,intermediate,German,114.0,2.1,33.0,235.0,842.0,1110.0,4360407.45,490975.8,4851383.25,922.6670311905667,0.2111068847470521
580,Hofstetten bei Brienz,543,48.0,8.8,14.2,27.3,61.9,BE,Espace Mittelland,rural,German,10.0,1.9,20.0,129.0,207.0,356.0,183600.5,24244.45,207844.95,382.771546961326,0.6556169429097606
5803,Vulliens,633,92.0,14.5,25.8,12.6,95.5,VD,Lake Geneva,rural,French,26.0,4.1,39.0,13.0,41.0,93.0,398667.2,51390.15,450057.35000000003,710.9910742496052,0.14691943127962084
5804,Jorat-Menthue,1563,234.0,15.0,23.3,16.4,88.6,VD,Lake Geneva,rural,French,17.0,1.1,53.0,103.0,175.0,331.0,1161317.5,174878.75,1336196.25,854.8920345489444,0.21177223288547664
5805,Oron,6114,1325.0,21.7,23.9,16.4,232.6,VD,Lake Geneva,intermediate,French,299.0,4.9,179.0,608.0,1582.0,2369.0,3679530.25,562004.75,4241535.0,693.7414131501472,0.38747137716715735
5806,Jorat-Mézières,3104,505.0,16.3,24.3,16.8,279.9,VD,Lake Geneva,intermediate,French,68.0,2.2,128.0,98.0,690.0,916.0,2561751.8,306920.6,2868672.4,924.1856958762886,0.29510309278350516
581,Interlaken,5926,1971.0,33.3,15.5,22.7,1387.8,BE,Espace Mittelland,urban,German,296.0,5.1,7.0,694.0,6203.0,6904.0,3126665.1,480533.2,3607198.3000000003,608.7071042861965,1.1650354370570368
5812,Champtauroz,169,13.0,7.7,30.2,11.8,55.4,VD,Lake Geneva,rural,French,,,22.0,0.0,10.0,32.0,67400.25,17146.4,84546.65,500.27603550295856,0.1893491124260355
5813,Chevroux,519,58.0,11.2,21.8,19.3,119.9,VD,Lake Geneva,rural,French,,,24.0,16.0,75.0,115.0,357884.6,93453.7,451338.3,869.6306358381503,0.22157996146435452
5816,Corcelles-près-Payerne,2844,889.0,31.3,23.7,15.0,234.8,VD,Lake Geneva,urban,French,143.0,5.3,102.0,360.0,402.0,864.0,1080122.3,295841.5,1375963.8,483.8128691983122,0.3037974683544304
5817,Grandcour,1000,167.0,16.7,24.7,16.5,98.0,VD,Lake Geneva,rural,French,30.0,3.0,65.0,77.0,81.0,223.0,537912.95,66103.4,604016.35,604.01635,0.223
5819,Henniez,412,92.0,22.3,28.9,14.3,157.9,VD,Lake Geneva,rural,French,32.0,8.0,8.0,212.0,60.0,280.0,235106.9,43283.7,278390.6,675.7053398058251,0.6796116504854369
582,Iseltwald,413,45.0,10.9,17.2,28.1,18.8,BE,Espace Mittelland,rural,German,6.0,1.4,17.0,18.0,71.0,106.0,209593.55,3868.2,213461.75,516.8565375302663,0.2566585956416465
5821,Missy,387,63.0,16.3,26.4,19.6,124.4,VD,Lake Geneva,rural,French,13.0,3.6,42.0,9.0,27.0,78.0,175998.9,10345.1,186344.0,481.5090439276486,0.20155038759689922
5822,Payerne,10342,4326.0,41.8,23.7,16.3,427.7,VD,Lake Geneva,urban,French,921.0,9.0,87.0,1012.0,6022.0,7121.0,3680885.15,792303.4,4473188.55,432.5264503964417,0.6885515374202282
5827,Trey,300,45.0,15.0,24.7,15.7,79.2,VD,Lake Geneva,rural,French,,,51.0,9.0,17.0,77.0,151961.55,40198.95,192160.5,640.535,0.25666666666666665
5828,Treytorrens (Payerne),105,5.0,4.8,21.0,21.9,34.2,VD,Lake Geneva,rural,French,,,18.0,,9.0,27.0,37955.25,1903.95,39859.2,379.6114285714285,0.2571428571428571
5830,Villarzel,487,78.0,16.0,25.9,15.6,63.6,VD,Lake Geneva,rural,French,16.0,3.2,46.0,17.0,50.0,113.0,279193.75,17555.95,296749.7,609.3422997946612,0.23203285420944558
5831,Valbroye,3362,759.0,22.6,23.5,18.7,100.2,VD,Lake Geneva,rural,French,127.0,3.8,254.0,447.0,662.0,1363.0,1654095.15,247651.35,1901746.5,565.6592801903629,0.4054134443783462
584,Lauterbrunnen,2270,646.0,28.5,14.2,25.4,13.8,BE,Espace Mittelland,rural,German,16.0,0.7,121.0,172.0,1896.0,2189.0,1067013.15,270257.0,1337270.15,589.1057929515418,0.9643171806167401
5841,Château-d'Oex,3564,985.0,27.6,20.1,24.0,31.4,VD,Lake Geneva,intermediate,French,39.0,1.1,212.0,309.0,1295.0,1816.0,1534315.75,1687208.05,3221523.8,903.9067901234567,0.5095398428731762
5842,Rossinière,532,66.0,12.4,22.0,21.8,22.8,VD,Lake Geneva,rural,French,6.0,1.1,37.0,50.0,63.0,150.0,294864.15,38500.9,333365.05000000005,626.6260338345866,0.2819548872180451
5843,Rougemont,829,282.0,34.0,17.2,28.2,17.1,VD,Lake Geneva,rural,French,11.0,1.3,69.0,73.0,315.0,457.0,595269.25,2159465.95,2754735.2,3322.96164053076,0.5512665862484921
585,Leissigen,1193,138.0,11.6,19.9,20.9,114.9,BE,Espace Mittelland,rural,German,18.0,1.6,17.0,53.0,153.0,223.0,765844.3,65183.8,831028.1000000001,696.5868398994133,0.18692372170997484
5851,Allaman,424,118.0,27.8,17.7,18.4,162.5,VD,Lake Geneva,intermediate,French,14.0,3.2,63.0,31.0,280.0,374.0,606170.85,298493.35,904664.2,2133.641981132075,0.8820754716981132
5852,Bursinel,504,128.0,25.4,24.2,17.1,283.1,VD,Lake Geneva,intermediate,French,,,17.0,9.0,78.0,104.0,838051.9,680675.45,1518727.35,3013.347916666667,0.20634920634920634
5853,Bursins,766,178.0,23.2,22.5,16.7,227.3,VD,Lake Geneva,intermediate,French,9.0,1.2,43.0,87.0,282.0,412.0,1059085.55,505111.55,1564197.1,2042.032767624021,0.5378590078328982
5854,Burtigny,414,86.0,20.8,26.6,16.4,72.9,VD,Lake Geneva,rural,French,,,23.0,16.0,80.0,119.0,447383.9,55559.25,502943.15,1214.8385265700483,0.28743961352657005
5855,Dully,626,175.0,28.0,22.8,17.3,381.7,VD,Lake Geneva,intermediate,French,,,,7.0,107.0,114.0,1964018.4,1950185.3,3914203.7,6252.721565495208,0.18210862619808307
5856,Essertines-sur-Rolle,743,163.0,21.9,27.7,14.5,106.9,VD,Lake Geneva,rural,French,,,35.0,9.0,56.0,100.0,1101883.15,799375.5,1901258.65,2558.894549125168,0.13458950201884254
5857,Gilly,1446,423.0,29.3,22.3,13.8,186.3,VD,Lake Geneva,intermediate,French,8.0,0.6,81.0,26.0,214.0,321.0,2717713.65,1455122.95,4172836.5999999996,2885.7791147994467,0.22199170124481327
5858,Luins,614,181.0,29.5,22.6,13.8,230.0,VD,Lake Geneva,intermediate,French,6.0,1.0,89.0,16.0,64.0,169.0,1078709.2,438004.3,1516713.5,2470.2174267100977,0.2752442996742671
5859,Mont-sur-Rolle,2767,794.0,28.7,24.1,16.5,716.8,VD,Lake Geneva,intermediate,French,25.0,0.9,106.0,62.0,366.0,534.0,4053896.85,3367986.7,7421883.550000001,2682.28534513914,0.1929887965305385
586,Lütschental,222,36.0,16.2,16.2,15.3,18.1,BE,Espace Mittelland,rural,German,,,33.0,12.0,91.0,136.0,50323.3,0.0,50323.3,226.68153153153153,0.6126126126126126
5860,Perroy,1547,465.0,30.1,23.1,15.5,529.8,VD,Lake Geneva,intermediate,French,21.0,1.4,93.0,130.0,257.0,480.0,2742127.1,1733072.1,4475199.2,2892.8243051066584,0.3102779573367809
5861,Rolle,6322,2650.0,41.9,26.1,15.2,2298.9,VD,Lake Geneva,intermediate,French,118.0,1.9,16.0,465.0,4269.0,4750.0,8812459.95,5703069.45,14515529.399999999,2296.034387851945,0.7513445112306232
5862,Tartegnin,249,82.0,32.9,27.7,16.1,228.4,VD,Lake Geneva,intermediate,French,,,45.0,,19.0,64.0,261269.45,241421.95,502691.4,2018.8409638554217,0.2570281124497992
5863,Vinzel,379,101.0,26.6,21.4,15.6,344.5,VD,Lake Geneva,intermediate,French,,,38.0,5.0,88.0,131.0,685588.55,179219.35,864807.9,2281.8150395778366,0.34564643799472294
587,Matten bei Interlaken,4171,912.0,21.9,16.9,22.9,705.8,BE,Espace Mittelland,urban,German,93.0,2.3,22.0,250.0,1104.0,1376.0,1886642.05,116836.15,2003478.2,480.33521937185327,0.32989690721649484
5871,L'Abbaye,1534,237.0,15.4,19.9,25.9,48.1,VD,Lake Geneva,rural,French,37.0,2.4,19.0,421.0,314.0,754.0,913416.6,306114.15,1219530.75,795.0004889178618,0.4915254237288136
5872,Le Chenit,4603,1178.0,25.6,20.5,23.0,46.4,VD,Lake Geneva,intermediate,French,138.0,3.0,70.0,4331.0,2210.0,6611.0,2512753.75,692778.45,3205532.2,696.4006517488594,1.436237236584836
5873,Le Lieu,886,125.0,14.1,20.5,24.6,27.2,VD,Lake Geneva,rural,French,23.0,2.6,32.0,622.0,129.0,783.0,512650.25,148644.6,661294.85,746.3824492099322,0.8837471783295711
588,Niederried bei Interlaken,370,54.0,14.6,13.5,32.7,89.2,BE,Espace Mittelland,rural,German,13.0,3.5,9.0,10.0,30.0,49.0,168118.55,11089.25,179207.8,484.34540540540536,0.13243243243243244
5882,Chardonne,3186,794.0,24.9,17.6,21.9,309.0,VD,Lake Geneva,urban,French,63.0,2.1,103.0,31.0,635.0,769.0,4248963.05,3866215.05,8115178.1,2547.136880100439,0.241368487131199
5883,Corseaux,2303,610.0,26.5,17.7,26.7,2172.6,VD,Lake Geneva,urban,French,63.0,2.7,32.0,47.0,380.0,459.0,5913825.4,2772851.85,8686677.25,3771.896330872775,0.1993052540165002
5884,Corsier-sur-Vevey,3362,1071.0,31.9,19.3,19.8,498.8,VD,Lake Geneva,urban,French,161.0,4.7,36.0,817.0,867.0,1720.0,2298016.25,897009.7,3195025.95,950.3349048185604,0.5116002379535991
5885,Jongny,1842,501.0,27.2,21.6,18.3,852.8,VD,Lake Geneva,urban,French,23.0,1.3,13.0,31.0,224.0,268.0,2754840.3,1040422.5,3795262.8,2060.40325732899,0.1454940282301846
5886,Montreux,26230,11600.0,44.2,19.8,20.8,785.1,VD,Lake Geneva,urban,French,2047.0,7.9,94.0,1096.0,11583.0,12773.0,18777929.55,16714642.55,35492572.1,1353.1289401448723,0.4869614944719787
5889,La Tour-de-Peilz,12382,3691.0,29.8,20.7,20.6,3798.2,VD,Lake Geneva,urban,French,661.0,5.4,26.0,206.0,3230.0,3462.0,12679902.8,8064254.5,20744157.3,1675.3478678727186,0.2795994185107414
589,Oberried am Brienzersee,474,62.0,13.1,13.1,28.5,23.6,BE,Espace Mittelland,rural,German,11.0,2.3,23.0,17.0,128.0,168.0,197223.2,4629.85,201853.05000000002,425.85031645569626,0.35443037974683544
5890,Vevey,19738,7864.0,39.8,19.2,15.2,8224.2,VD,Lake Geneva,urban,French,1577.0,8.0,4.0,772.0,13400.0,14176.0,10809422.25,6625046.45,17434468.7,883.2945941838078,0.7182085317661364
5891,Veytaux,975,366.0,37.5,18.2,19.0,144.0,VD,Lake Geneva,urban,French,80.0,8.4,5.0,42.0,201.0,248.0,852612.95,309877.25,1162490.2,1192.297641025641,0.25435897435897437
5892,Blonay - Saint-Légier,12117,2815.0,23.2,22.9,19.5,387.7,VD,Lake Geneva,urban,French,151.0,1.3,126.0,681.0,3946.0,4753.0,20651785.4,12588228.2,33240013.599999998,2743.254402905009,0.3922588099364529
59,Hochfelden,1989,294.0,14.8,22.2,19.6,322.4,ZH,Zurich,intermediate,German,14.0,0.7,26.0,213.0,163.0,402.0,1959900.95,223013.4,2182914.35,1097.4933886375063,0.20211161387631976
590,Ringgenberg (BE),2549,309.0,12.1,15.7,24.9,287.0,BE,Espace Mittelland,intermediate,German,68.0,2.6,33.0,178.0,537.0,748.0,1410612.6,90148.1,1500760.7000000002,588.7644958807376,0.2934484111416242
5902,Belmont-sur-Yverdon,435,55.0,12.6,23.9,12.2,67.2,VD,Lake Geneva,rural,French,8.0,1.9,27.0,12.0,28.0,67.0,278786.75,15762.6,294549.35,677.1249425287356,0.15402298850574714
5903,Bioley-Magnoux,247,9.0,3.6,21.5,25.5,57.6,VD,Lake Geneva,rural,French,,,21.0,5.0,18.0,44.0,150985.3,2557.15,153542.44999999998,621.6293522267206,0.17813765182186234
5904,Chamblon,567,73.0,12.9,18.3,20.3,198.3,VD,Lake Geneva,intermediate,French,17.0,3.0,0.0,16.0,226.0,242.0,584629.6,92221.25,676850.85,1193.740476190476,0.42680776014109345
5905,Champvent,727,122.0,16.8,24.9,14.3,80.5,VD,Lake Geneva,rural,French,11.0,1.5,86.0,199.0,93.0,378.0,415947.0,124154.9,540101.9,742.9187070151307,0.5199449793672627
5907,Chavannes-le-Chêne,316,39.0,12.3,22.2,19.0,79.0,VD,Lake Geneva,rural,French,,,16.0,11.0,30.0,57.0,150729.2,23233.3,173962.5,550.5142405063291,0.18037974683544303
5908,Chêne-Pâquier,162,23.0,14.2,26.5,15.4,76.8,VD,Lake Geneva,rural,French,6.0,4.0,7.0,29.0,17.0,53.0,128124.15,10839.2,138963.35,857.7984567901235,0.3271604938271605
5909,Cheseaux-Noréaz,735,92.0,12.5,23.3,21.5,122.7,VD,Lake Geneva,urban,French,,,25.0,0.0,249.0,274.0,1581483.6,282787.4,1864271.0,2536.4231292517006,0.3727891156462585
591,Saxeten,88,6.0,6.8,8.0,29.5,4.5,BE,Espace Mittelland,rural,German,,,16.0,,12.0,28.0,17077.2,0.0,17077.2,194.0590909090909,0.3181818181818182
5910,Cronay,410,31.0,7.6,24.9,22.0,62.3,VD,Lake Geneva,rural,French,8.0,2.0,50.0,6.0,20.0,76.0,210066.9,19893.35,229960.25,560.8786585365854,0.18536585365853658
5911,Cuarny,237,27.0,11.4,21.5,18.6,52.0,VD,Lake Geneva,rural,French,,,23.0,13.0,16.0,52.0,168410.55,0.0,168410.55,710.5930379746835,0.21940928270042195
5912,Démoret,167,6.0,3.6,25.1,19.2,39.0,VD,Lake Geneva,rural,French,,,28.0,20.0,36.0,84.0,67208.85,0.0,67208.85,402.4482035928144,0.5029940119760479
5913,Donneloye,905,118.0,13.0,27.2,14.9,100.4,VD,Lake Geneva,rural,French,26.0,2.9,65.0,52.0,57.0,174.0,514243.7,81706.2,595949.9,658.5081767955801,0.19226519337016573
5914,Ependes (VD),372,54.0,14.5,24.7,15.1,77.3,VD,Lake Geneva,rural,French,12.0,3.1,18.0,26.0,71.0,115.0,181074.95,48050.8,229125.75,615.929435483871,0.30913978494623656
5919,Mathod,684,131.0,19.2,22.4,13.3,103.8,VD,Lake Geneva,rural,French,17.0,2.6,45.0,29.0,89.0,163.0,368384.4,43383.4,411767.80000000005,601.9997076023393,0.23830409356725146
592,Schwanden bei Brienz,649,49.0,7.6,18.3,27.9,91.9,BE,Espace Mittelland,intermediate,German,7.0,1.1,14.0,25.0,63.0,102.0,289581.5,22780.9,312362.4,481.2979969183359,0.15716486902927582
5921,Molondin,259,40.0,15.4,22.0,19.3,47.2,VD,Lake Geneva,rural,French,,,23.0,19.0,48.0,90.0,101585.7,5560.55,107146.25,413.69208494208493,0.3474903474903475
5922,Montagny-près-Yverdon,772,126.0,16.3,23.4,17.6,219.3,VD,Lake Geneva,urban,French,15.0,1.9,9.0,147.0,1859.0,2015.0,577599.55,201303.0,778902.55,1008.9411269430052,2.610103626943005
5923,Oppens,203,50.0,24.6,19.7,15.3,56.4,VD,Lake Geneva,rural,French,,,89.0,44.0,105.0,238.0,148943.0,13080.8,162023.8,798.1467980295566,1.1724137931034482
5924,Orges,406,48.0,11.8,25.1,10.1,101.0,VD,Lake Geneva,rural,French,14.0,3.8,21.0,41.0,72.0,134.0,304952.45,16368.85,321321.3,791.4317733990148,0.33004926108374383
5925,Orzens,208,15.0,7.2,18.8,22.1,49.5,VD,Lake Geneva,rural,French,6.0,3.0,17.0,18.0,23.0,58.0,106676.75,21784.9,128461.65,617.6040865384615,0.27884615384615385
5926,Pomy,864,67.0,7.8,26.5,13.4,153.7,VD,Lake Geneva,rural,French,,,64.0,51.0,139.0,254.0,719256.1,76579.65,795835.75,921.1061921296297,0.29398148148148145
5928,Rovray,194,21.0,10.8,29.4,17.0,60.6,VD,Lake Geneva,rural,French,6.0,2.9,29.0,13.0,,42.0,106057.5,29786.7,135844.2,700.2278350515464,0.21649484536082475
5929,Suchy,671,117.0,17.4,26.5,10.3,101.1,VD,Lake Geneva,rural,French,,,35.0,39.0,58.0,132.0,598019.35,46177.4,644196.75,960.0547690014903,0.19672131147540983
593,Unterseen,5745,1095.0,19.1,16.2,24.9,410.7,BE,Espace Mittelland,urban,German,126.0,2.2,63.0,576.0,2732.0,3371.0,4288438.4,363998.7,4652437.100000001,809.8236901653613,0.5867711053089644
5930,Suscévaz,219,31.0,14.2,27.4,21.5,52.6,VD,Lake Geneva,rural,French,8.0,3.7,17.0,,13.0,30.0,110471.4,7209.65,117681.04999999999,537.3563926940639,0.136986301369863
5931,Treycovagnes,521,97.0,18.6,22.5,15.0,250.5,VD,Lake Geneva,intermediate,French,6.0,1.2,4.0,33.0,40.0,77.0,402935.3,53060.2,455995.5,875.2312859884837,0.14779270633397312
5932,Ursins,231,33.0,14.3,21.6,18.6,68.8,VD,Lake Geneva,rural,French,,,15.0,6.0,7.0,28.0,262824.6,20114.75,282939.35,1224.8456709956708,0.12121212121212122
5933,Valeyres-sous-Montagny,703,108.0,15.4,20.9,19.2,308.3,VD,Lake Geneva,urban,French,15.0,2.2,17.0,38.0,54.0,109.0,663180.45,135813.35,798993.7999999999,1136.5487908961593,0.155049786628734
5934,Valeyres-sous-Ursins,241,16.0,6.6,18.7,24.9,84.0,VD,Lake Geneva,rural,French,,,15.0,11.0,15.0,41.0,1066182.9,21038.1,1087221.0,4511.290456431535,0.17012448132780084
5935,Villars-Epeney,91,8.0,8.8,23.1,13.2,105.8,VD,Lake Geneva,rural,French,,,4.0,0.0,,4.0,162964.55,146625.65,309590.19999999995,3402.0901098901095,0.04395604395604396
5937,Vugelles-La Mothe,137,13.0,9.5,27.0,13.9,44.6,VD,Lake Geneva,rural,French,,,9.0,,14.0,23.0,54201.05,57720.85,111921.9,816.9481751824817,0.1678832116788321
5938,Yverdon-les-Bains,29827,11245.0,37.7,21.9,18.1,2201.3,VD,Lake Geneva,urban,French,2237.0,7.5,267.0,3029.0,17914.0,21210.0,12345820.1,2507457.95,14853278.05,497.9809585275087,0.7111006805914105
5939,Yvonand,3529,559.0,15.8,23.0,18.8,263.0,VD,Lake Geneva,intermediate,French,146.0,4.2,43.0,285.0,807.0,1135.0,2032454.7,312466.4,2344921.1,664.4718333805611,0.3216208557665061
594,Wilderswil,2697,430.0,15.9,18.2,20.1,204.5,BE,Espace Mittelland,intermediate,German,60.0,2.2,45.0,405.0,805.0,1255.0,1190813.7,79905.05,1270718.75,471.1600852799407,0.4653318502039303
6,Kappel am Albis,1321,205.0,15.5,25.8,13.7,166.8,ZH,Zurich,rural,German,9.0,0.7,63.0,83.0,212.0,358.0,2187117.5,536722.2,2723839.7,2061.9528387585165,0.27100681302043905
60,Höri,3307,1246.0,37.7,19.7,14.4,690.4,ZH,Zurich,urban,German,56.0,1.8,31.0,667.0,618.0,1316.0,2161530.35,166167.05,2327697.4,703.8697913516783,0.39794375566979134
6002,Brig-Glis,13642,2694.0,19.7,17.8,22.0,362.1,VS,Lake Geneva,urban,German,231.0,1.7,78.0,1590.0,8839.0,10507.0,10512525.55,1374711.0,11887236.55,871.3705138542737,0.7701949860724234
6004,Eggerberg,317,18.0,5.7,13.2,26.5,52.4,VS,Lake Geneva,intermediate,German,,,,,27.0,27.0,143872.7,2690.5,146563.2,462.34447949526816,0.08517350157728706
6007,Naters,10484,1804.0,17.2,18.3,22.2,71.2,VS,Lake Geneva,urban,German,163.0,1.6,228.0,470.0,1799.0,2497.0,5937594.5,500756.15,6438350.65,614.1120421594811,0.2381724532621137
6008,Ried-Brig,2183,232.0,10.6,23.0,18.9,45.9,VS,Lake Geneva,intermediate,German,23.0,1.1,76.0,45.0,269.0,390.0,1364158.55,182018.4,1546176.95,708.2807833256985,0.17865322950068713
6009,Simplon,290,7.0,2.4,13.4,30.0,3.2,VS,Lake Geneva,rural,German,,,44.0,63.0,75.0,182.0,262572.65,2660.6,265233.25,914.5974137931034,0.6275862068965518
6010,Termen,1152,115.0,10.0,24.3,17.1,61.8,VS,Lake Geneva,intermediate,German,,,46.0,43.0,97.0,186.0,823947.15,217372.75,1041319.9,903.9235243055556,0.16145833333333334
6011,Zwischbergen,73,26.0,35.6,4.1,19.2,0.8,VS,Lake Geneva,rural,German,,,,,26.0,26.0,38905.4,5277.85,44183.25,605.25,0.3561643835616438
602,Arni (BE),951,28.0,2.9,21.9,18.5,91.2,BE,Espace Mittelland,rural,German,7.0,0.7,129.0,69.0,73.0,271.0,385650.1,5949.3,391599.39999999997,411.7764458464774,0.28496319663512093
6021,Ardon,3564,1133.0,31.8,22.7,13.9,174.8,VS,Lake Geneva,urban,French,52.0,1.5,111.0,206.0,667.0,984.0,1394936.1,328949.15,1723885.25,483.6939534231201,0.2760942760942761
6022,Chamoson,4178,720.0,17.2,20.7,20.9,128.7,VS,Lake Geneva,intermediate,French,63.0,1.6,304.0,323.0,625.0,1252.0,2175986.85,414036.65,2590023.5,619.919459071326,0.2996649114408808
6023,Conthey,8983,2180.0,24.3,21.2,19.7,105.7,VS,Lake Geneva,urban,French,237.0,2.6,350.0,834.0,3081.0,4265.0,4086340.95,751075.05,4837416.0,538.5078481576311,0.4747857063341868
6024,Nendaz,6943,1204.0,17.3,18.3,22.0,80.8,VS,Lake Geneva,intermediate,French,55.0,0.8,265.0,468.0,1838.0,2571.0,3386944.2,2707800.2,6094744.4,877.8257813625235,0.3703010226127034
6025,Vétroz,6510,1597.0,24.5,22.8,15.1,624.2,VS,Lake Geneva,urban,French,86.0,1.3,392.0,580.0,1353.0,2325.0,2841176.6,663481.0,3504657.6,538.349861751152,0.35714285714285715
603,Biglen,1852,150.0,8.1,18.9,21.1,515.9,BE,Espace Mittelland,intermediate,German,63.0,3.4,52.0,234.0,485.0,771.0,1157095.0,27038.7,1184133.7,639.3810475161987,0.41630669546436283
6032,Bourg-Saint-Pierre,218,29.0,13.3,12.8,25.7,2.4,VS,Lake Geneva,rural,French,,,4.0,0.0,118.0,122.0,76245.35,7194.25,83439.6,382.7504587155964,0.5596330275229358
6033,Liddes,745,59.0,7.9,20.5,23.2,12.7,VS,Lake Geneva,rural,French,,,49.0,38.0,87.0,174.0,206551.25,75149.65,281700.9,378.12201342281884,0.23355704697986576
6034,Orsières,3237,523.0,16.2,21.7,22.6,19.6,VS,Lake Geneva,rural,French,17.0,0.5,129.0,428.0,746.0,1303.0,1513586.65,653624.2,2167210.8499999996,669.5121563175779,0.4025332097621254
6035,Sembrancher,1050,193.0,18.4,19.6,19.2,59.4,VS,Lake Geneva,rural,French,8.0,0.8,33.0,316.0,429.0,778.0,331935.1,29814.1,361749.19999999995,344.5230476190476,0.7409523809523809
6037,Val de Bagnes,10693,3101.0,29.0,19.0,21.0,35.4,VS,Lake Geneva,intermediate,French,42.0,0.4,304.0,1216.0,5716.0,7236.0,9003735.95,29202073.95,38205809.9,3572.973898812307,0.6767043860469466
605,Bowil,1338,42.0,3.1,20.3,20.5,91.1,BE,Espace Mittelland,rural,German,19.0,1.4,126.0,137.0,155.0,418.0,486842.65,23264.5,510107.15,381.24600149476834,0.312406576980568
6052,Bellwald,338,43.0,12.7,13.3,30.2,24.2,VS,Lake Geneva,rural,German,,,8.0,23.0,200.0,231.0,125569.8,74892.0,200461.8,593.08224852071,0.6834319526627219
6054,Binn,128,9.0,7.0,16.4,36.7,2.0,VS,Lake Geneva,rural,German,,,8.0,8.0,46.0,62.0,39593.0,968.75,40561.75,316.888671875,0.484375
6056,Ernen,528,59.0,11.2,11.2,30.5,14.9,VS,Lake Geneva,rural,German,,,29.0,31.0,117.0,177.0,270773.6,30700.65,301474.25,570.9739583333334,0.3352272727272727
6057,Fiesch,925,147.0,15.9,13.6,28.2,83.9,VS,Lake Geneva,rural,German,6.0,0.6,26.0,101.0,555.0,682.0,346112.0,71981.65,418093.65,451.99313513513516,0.7372972972972973
6058,Fieschertal,351,29.0,8.3,22.5,21.9,2.0,VS,Lake Geneva,rural,German,,,27.0,40.0,134.0,201.0,177288.25,5138.85,182427.1,519.7353276353276,0.5726495726495726
606,Brenzikofen,488,14.0,2.9,19.7,23.0,222.8,BE,Espace Mittelland,rural,German,6.0,1.3,24.0,24.0,75.0,123.0,260093.1,0.0,260093.1,532.9776639344262,0.2520491803278688
6061,Lax,333,47.0,14.1,22.5,29.7,61.4,VS,Lake Geneva,rural,German,,,17.0,42.0,44.0,103.0,85767.05,67438.0,153205.05,460.0752252252252,0.30930930930930933
607,Freimettigen,464,43.0,9.3,22.2,21.1,156.8,BE,Espace Mittelland,intermediate,German,6.0,1.3,27.0,7.0,58.0,92.0,197699.6,3519.7,201219.30000000002,433.66228448275865,0.19827586206896552
6076,Obergoms,640,70.0,10.9,13.9,31.7,4.1,VS,Lake Geneva,rural,German,,,50.0,76.0,286.0,412.0,255897.7,10058.5,265956.2,415.55656250000004,0.64375
6077,Goms,1142,129.0,11.3,13.5,31.7,8.8,VS,Lake Geneva,rural,German,,,117.0,170.0,368.0,655.0,541302.55,171144.4,712446.9500000001,623.8589754816113,0.5735551663747811
608,Grosshöchstetten,4130,327.0,7.9,19.3,25.8,596.0,BE,Espace Mittelland,intermediate,German,107.0,2.6,70.0,336.0,1312.0,1718.0,2876636.75,213789.4,3090426.15,748.2872033898304,0.4159806295399516
6082,Ayent,4247,550.0,13.0,19.8,24.4,76.7,VS,Lake Geneva,intermediate,French,24.0,0.6,123.0,264.0,786.0,1173.0,2114685.3,622860.15,2737545.4499999997,644.5833411820107,0.2761949611490464
6083,Evolène,1655,171.0,10.3,14.9,26.8,7.9,VS,Lake Geneva,rural,French,11.0,0.7,149.0,100.0,439.0,688.0,890639.4,121847.7,1012487.1,611.7746827794562,0.41570996978851965
6084,Hérémence,1488,106.0,7.1,14.7,30.0,13.8,VS,Lake Geneva,rural,French,7.0,0.5,68.0,80.0,284.0,432.0,964880.15,487499.35,1452379.5,976.0614919354839,0.2903225806451613
6087,Saint-Martin (VS),832,56.0,6.7,15.1,32.8,22.5,VS,Lake Geneva,rural,French,,,19.0,68.0,121.0,208.0,370054.3,45594.35,415648.64999999997,499.577704326923,0.25
6089,Vex,1854,248.0,13.4,19.1,22.3,142.1,VS,Lake Geneva,rural,French,13.0,0.7,39.0,63.0,574.0,676.0,1381908.3,354794.6,1736702.9,936.7329557713052,0.36461704422869473
609,Häutligen,263,5.0,1.9,22.8,14.4,85.7,BE,Espace Mittelland,rural,German,,,33.0,,22.0,55.0,193137.9,0.0,193137.9,734.3646387832699,0.20912547528517111
6090,Mont-Noble,1112,107.0,9.6,13.3,35.9,25.6,VS,Lake Geneva,rural,French,,,18.0,20.0,195.0,233.0,832795.45,85975.9,918771.35,826.2332284172662,0.20953237410071943
61,Hüntwangen,1093,138.0,12.6,20.6,21.5,222.6,ZH,Zurich,rural,German,7.0,0.6,30.0,117.0,198.0,345.0,1415659.0,148649.95,1564308.95,1431.206724611162,0.31564501372369624
610,Herbligen,609,29.0,4.8,25.1,17.7,220.7,BE,Espace Mittelland,rural,German,15.0,2.5,45.0,16.0,113.0,174.0,333076.75,67136.5,400213.25,657.1646141215107,0.2857142857142857
6101,Agarn,709,85.0,12.0,15.0,20.7,92.7,VS,Lake Geneva,rural,German,7.0,1.0,19.0,67.0,105.0,191.0,264343.25,6636.75,270980.0,382.20028208744714,0.2693935119887165
6102,Albinen,253,29.0,11.5,10.7,33.2,16.3,VS,Lake Geneva,rural,German,,,,13.0,81.0,94.0,75637.25,15258.2,90895.45,359.2705533596838,0.3715415019762846
6104,Ergisch,179,9.0,5.0,10.1,31.8,6.1,VS,Lake Geneva,rural,German,,,23.0,,21.0,44.0,59177.6,49880.0,109057.6,609.2603351955307,0.24581005586592178
6109,Inden,116,32.0,27.6,12.9,29.3,11.9,VS,Lake Geneva,rural,German,,,,,12.0,12.0,45168.1,6101.3,51269.4,441.97758620689655,0.10344827586206896
611,Kiesen,1013,65.0,6.4,23.0,19.2,216.0,BE,Espace Mittelland,intermediate,German,16.0,1.6,33.0,30.0,337.0,400.0,753805.6,19086.85,772892.45,762.9737907206318,0.39486673247778875
6110,Leuk,4134,652.0,15.8,18.3,22.0,75.0,VS,Lake Geneva,intermediate,German,69.0,1.7,195.0,202.0,1323.0,1720.0,1750282.1,138855.05,1889137.1500000001,456.9756047411708,0.4160619254958878
6111,Leukerbad,1295,452.0,34.9,13.1,26.9,19.2,VS,Lake Geneva,intermediate,German,24.0,1.8,18.0,55.0,872.0,945.0,347596.85,450651.15,798248.0,616.407722007722,0.7297297297297297
6112,Oberems,127,3.0,2.4,8.7,29.1,2.5,VS,Lake Geneva,rural,German,,,15.0,0.0,16.0,31.0,22500.75,1767.9,24268.65,191.09173228346458,0.2440944881889764
6113,Salgesch,1659,261.0,15.7,19.8,21.7,146.0,VS,Lake Geneva,intermediate,German,,,293.0,424.0,374.0,1091.0,1204599.45,519542.6,1724142.0499999998,1039.2658529234477,0.6576250753465943
6116,Varen,692,64.0,9.2,17.6,27.6,54.0,VS,Lake Geneva,rural,German,,,92.0,7.0,84.0,183.0,236219.5,53718.2,289937.7,418.98511560693646,0.26445086705202314
6117,Guttet-Feschel,437,32.0,7.3,16.2,25.2,41.9,VS,Lake Geneva,rural,German,,,13.0,11.0,78.0,102.0,192128.6,6597.95,198726.55000000002,454.7518306636156,0.2334096109839817
6118,Gampel-Bratsch,2116,321.0,15.2,17.2,21.6,91.8,VS,Lake Geneva,intermediate,German,17.0,0.8,78.0,206.0,427.0,711.0,805679.95,83119.1,888799.0499999999,420.03735822306237,0.33601134215500944
6119,Turtmann-Unterems,1160,158.0,13.6,19.3,21.5,27.3,VS,Lake Geneva,rural,German,9.0,0.8,105.0,114.0,256.0,475.0,405958.15,21299.55,427257.7,368.3256034482759,0.40948275862068967
612,Konolfingen,5463,590.0,10.8,18.0,24.1,427.8,BE,Espace Mittelland,intermediate,German,153.0,2.8,158.0,1099.0,1832.0,3089.0,3577138.1,372210.9,3949349.0,722.9267801574226,0.5654402343034962
613,Landiswil,613,13.0,2.1,19.9,23.3,59.7,BE,Espace Mittelland,rural,German,,,163.0,33.0,129.0,325.0,184223.2,9414.1,193637.30000000002,315.8846655791191,0.5301794453507341
6131,Bovernier,911,124.0,13.6,20.7,16.7,69.7,VS,Lake Geneva,rural,French,13.0,1.4,10.0,12.0,54.0,76.0,262886.45,28461.2,291347.65,319.81081229418226,0.08342480790340286
6133,Fully,9049,1688.0,18.7,21.8,17.5,239.3,VS,Lake Geneva,intermediate,French,131.0,1.5,812.0,275.0,1491.0,2578.0,4443709.7,789284.1,5232993.8,578.2952591446568,0.2848933583821417
6134,Isérables,829,62.0,7.5,17.4,28.8,54.3,VS,Lake Geneva,rural,French,,,63.0,103.0,109.0,275.0,267604.65,63053.7,330658.35000000003,398.8641133896261,0.33172496984318456
6135,Leytron,3281,559.0,17.0,17.4,26.1,122.3,VS,Lake Geneva,intermediate,French,24.0,0.7,272.0,245.0,832.0,1349.0,1646766.4,472910.25,2119676.65,646.0459158793051,0.4111551356293813
6136,Martigny,20974,6348.0,30.3,20.2,17.7,643.6,VS,Lake Geneva,urban,French,719.0,3.5,459.0,2408.0,11896.0,14763.0,11478603.5,2498203.55,13976807.05,666.3872914084104,0.7038714599027367
6137,Martigny-Combe,2336,287.0,12.3,18.4,20.6,62.4,VS,Lake Geneva,urban,French,30.0,1.3,89.0,57.0,489.0,635.0,1303916.55,156057.95,1459974.5,624.9890839041096,0.2718321917808219
6139,Riddes,3535,1084.0,30.7,21.3,18.2,147.9,VS,Lake Geneva,intermediate,French,43.0,1.3,112.0,289.0,923.0,1324.0,1188504.95,530375.35,1718880.2999999998,486.2461951909476,0.3745403111739745
614,Linden,1278,52.0,4.1,20.9,22.1,96.6,BE,Espace Mittelland,rural,German,18.0,1.4,158.0,132.0,274.0,564.0,575163.65,55035.6,630199.25,493.11365414710485,0.4413145539906103
6140,Saillon,2995,578.0,19.3,22.5,18.9,218.0,VS,Lake Geneva,intermediate,French,26.0,0.9,189.0,134.0,520.0,843.0,1608007.8,306413.15,1914420.9500000002,639.2056594323874,0.28146911519198664
6141,Saxon,6690,2214.0,33.1,21.5,14.8,288.1,VS,Lake Geneva,intermediate,French,124.0,1.9,362.0,432.0,1645.0,2439.0,1992348.85,505940.3,2498289.15,373.4363452914798,0.36457399103139015
6142,Trient,160,16.0,10.0,18.1,22.5,4.0,VS,Lake Geneva,rural,French,,,5.0,5.0,63.0,73.0,45541.4,40517.05,86058.45000000001,537.8653125000001,0.45625
615,Mirchel,593,24.0,4.0,21.2,19.2,253.4,BE,Espace Mittelland,rural,German,,,52.0,10.0,65.0,127.0,339655.0,5375.55,345030.55,581.8390387858348,0.21416526138279932
6151,Champéry,1350,331.0,24.5,15.3,30.4,34.7,VS,Lake Geneva,rural,French,,,35.0,63.0,733.0,831.0,1335903.2,1731682.25,3067585.45,2272.2855185185185,0.6155555555555555
6152,Collombey-Muraz,9739,2624.0,26.9,23.1,14.0,327.4,VS,Lake Geneva,urban,French,146.0,1.5,109.0,927.0,2490.0,3526.0,4074023.9,1135414.7,5209438.6,534.9048772974637,0.3620494917342643
6153,Monthey,18446,6269.0,34.0,20.2,18.5,642.7,VS,Lake Geneva,urban,French,748.0,4.1,40.0,3526.0,8067.0,11633.0,9831667.4,1871189.25,11702856.65,634.4387211319528,0.63065163179009
6154,Port-Valais,4397,1333.0,30.3,20.2,18.8,306.4,VS,Lake Geneva,rural,French,54.0,1.2,41.0,267.0,804.0,1112.0,2495866.55,940288.65,3436155.1999999997,781.4771889924948,0.2528997043438708
6155,Saint-Gingolph,988,304.0,30.8,16.7,24.4,68.4,VS,Lake Geneva,rural,French,18.0,1.8,5.0,32.0,151.0,188.0,711114.2,175443.0,886557.2,897.3251012145748,0.1902834008097166
6156,Troistorrents,4838,666.0,13.8,20.7,19.8,130.9,VS,Lake Geneva,urban,French,41.0,0.9,53.0,245.0,718.0,1016.0,2853614.2,1057680.95,3911295.1500000004,808.4529040926003,0.21000413393964448
6157,Val-d'Illiez,2146,411.0,19.2,19.4,19.8,54.7,VS,Lake Geneva,rural,French,20.0,0.9,88.0,104.0,405.0,597.0,1054823.55,275184.0,1330007.55,619.7612068965517,0.2781919850885368
6158,Vionnaz,2902,578.0,19.9,20.7,18.0,138.5,VS,Lake Geneva,intermediate,French,28.0,1.0,44.0,577.0,408.0,1029.0,1453255.05,328968.65,1782223.7000000002,614.1363542384563,0.3545830461750517
6159,Vouvry,4473,1304.0,29.2,23.6,17.1,133.5,VS,Lake Geneva,intermediate,French,58.0,1.3,57.0,744.0,903.0,1704.0,2110303.15,995410.7,3105713.8499999996,694.3245808182427,0.38095238095238093
616,Münsingen,13045,1606.0,12.3,19.4,25.7,827.2,BE,Espace Mittelland,urban,German,378.0,2.9,237.0,1450.0,5112.0,6799.0,11630524.45,1000281.7,12630806.149999999,968.2488424683786,0.5211958604829436
617,Niederhünigen,710,16.0,2.3,20.1,18.2,131.0,BE,Espace Mittelland,intermediate,German,10.0,1.5,41.0,38.0,44.0,123.0,348982.75,22603.45,371586.2,523.3608450704226,0.1732394366197183
6172,Bister,41,4.0,9.8,9.8,24.4,7.1,VS,Lake Geneva,rural,German,,,9.0,0.0,8.0,17.0,11957.25,1795.25,13752.5,335.4268292682927,0.4146341463414634
6173,Bitsch,1122,128.0,11.4,20.9,13.1,193.8,VS,Lake Geneva,intermediate,German,10.0,0.9,24.0,80.0,230.0,334.0,712083.85,8407.7,720491.5499999999,642.1493315508021,0.2976827094474153
6177,Grengiols,419,37.0,8.8,16.7,22.0,7.2,VS,Lake Geneva,rural,German,,,57.0,29.0,71.0,157.0,90177.5,8734.3,98911.8,236.06634844868736,0.3747016706443914
6181,Riederalp,427,54.0,12.6,19.7,23.4,22.4,VS,Lake Geneva,rural,German,,,37.0,13.0,307.0,357.0,293137.85,57253.9,350391.75,820.5895784543326,0.8360655737704918
619,Oberdiessbach,3572,291.0,8.1,19.8,20.8,217.0,BE,Espace Mittelland,intermediate,German,89.0,2.5,132.0,753.0,838.0,1723.0,2373817.95,215197.8,2589015.75,724.8084406494961,0.48236282194848823
6191,Ausserberg,630,52.0,8.3,17.6,25.4,41.6,VS,Lake Geneva,rural,German,,,68.0,4.0,53.0,125.0,465189.05,37287.15,502476.2,797.5812698412699,0.1984126984126984
6192,Blatten,298,10.0,3.4,17.1,28.5,3.3,VS,Lake Geneva,rural,German,,,14.0,8.0,64.0,86.0,144360.0,42046.35,186406.35,625.5246644295303,0.28859060402684567
6193,Bürchen,750,50.0,6.7,14.7,26.5,55.7,VS,Lake Geneva,rural,German,,,41.0,20.0,123.0,184.0,301814.8,16544.3,318359.1,424.4788,0.24533333333333332
6194,Eischoll,445,27.0,6.1,12.4,33.9,31.4,VS,Lake Geneva,rural,German,,,27.0,16.0,57.0,100.0,192662.25,42203.45,234865.7,527.7880898876405,0.2247191011235955
6195,Ferden,251,12.0,4.8,11.6,23.5,9.0,VS,Lake Geneva,rural,German,,,34.0,,52.0,86.0,98106.85,4730.35,102837.20000000001,409.7099601593626,0.3426294820717131
6197,Kippel,324,17.0,5.2,11.4,31.5,27.7,VS,Lake Geneva,rural,German,,,12.0,,100.0,112.0,115795.4,1887.9,117683.29999999999,363.220061728395,0.345679012345679
6198,Niedergesteln,743,65.0,8.7,19.4,20.3,42.2,VS,Lake Geneva,intermediate,German,,,41.0,32.0,69.0,142.0,362096.0,23312.55,385408.55,518.7194481830417,0.1911170928667564
6199,Raron,1955,284.0,14.5,20.3,21.8,64.4,VS,Lake Geneva,intermediate,German,20.0,1.0,125.0,503.0,525.0,1153.0,2012960.0,84876.55,2097836.55,1073.0621739130434,0.589769820971867
62,Kloten,20967,7442.0,35.5,18.2,15.6,1098.3,ZH,Zurich,urban,German,871.0,4.2,47.0,3748.0,34540.0,38335.0,18048432.1,3964620.85,22013052.950000003,1049.8904445080366,1.8283493108217674
620,Oberthal,727,10.0,1.4,18.7,20.8,69.0,BE,Espace Mittelland,rural,German,10.0,1.4,138.0,58.0,175.0,371.0,399454.1,0.0,399454.1,549.4554332874827,0.5103163686382394
6201,Unterbäch,485,53.0,10.9,16.1,27.2,22.0,VS,Lake Geneva,rural,German,6.0,1.3,42.0,16.0,87.0,145.0,465260.7,22632.85,487893.55,1005.9660824742268,0.29896907216494845
6202,Wiler (Lötschen),554,26.0,4.7,17.0,20.8,37.3,VS,Lake Geneva,rural,German,,,27.0,22.0,185.0,234.0,258702.15,20444.45,279146.6,503.8747292418772,0.4223826714801444
6203,Mörel-Filet,720,116.0,16.1,18.5,23.2,84.2,VS,Lake Geneva,rural,German,13.0,1.8,22.0,129.0,144.0,295.0,274017.6,21571.45,295589.05,410.5403472222222,0.4097222222222222
6204,Steg-Hohtenn,1711,302.0,17.7,17.5,23.2,122.0,VS,Lake Geneva,intermediate,German,19.0,1.1,31.0,451.0,513.0,995.0,797249.85,49989.5,847239.35,495.1720338983051,0.581531268264173
6205,Bettmeralp,463,60.0,13.0,16.6,23.3,16.1,VS,Lake Geneva,rural,German,,,22.0,38.0,683.0,743.0,375758.8,79935.35,455694.15,984.2206263498921,1.6047516198704104
6211,Collonges,843,151.0,17.9,22.1,19.0,69.0,VS,Lake Geneva,rural,French,20.0,2.3,9.0,37.0,67.0,113.0,395950.6,194787.85,590738.45,700.7573546856464,0.13404507710557534
6212,Dorénaz,1086,186.0,17.1,23.6,13.6,86.3,VS,Lake Geneva,rural,French,13.0,1.2,15.0,26.0,112.0,153.0,392560.9,60424.8,452985.7,417.11390423572743,0.1408839779005525
6213,Evionnaz,1416,277.0,19.6,21.0,16.3,29.5,VS,Lake Geneva,rural,French,33.0,2.3,19.0,454.0,249.0,722.0,459974.65,80217.65,540192.3,381.49173728813565,0.5098870056497176
6214,Finhaut,363,81.0,22.3,16.3,29.5,15.9,VS,Lake Geneva,rural,French,,,6.0,6.0,89.0,101.0,200576.85,113790.25,314367.1,866.0250688705233,0.27823691460055094
6215,Massongex,1984,387.0,19.5,21.2,14.8,298.8,VS,Lake Geneva,intermediate,French,29.0,1.5,28.0,88.0,275.0,391.0,764963.25,257168.55,1022131.8,515.1873991935485,0.1970766129032258
6217,Saint-Maurice,4540,1173.0,25.8,20.6,17.4,304.3,VS,Lake Geneva,intermediate,French,122.0,2.7,35.0,304.0,1704.0,2043.0,1465116.75,295879.85,1760996.6,387.8847136563877,0.45
6218,Salvan,1469,158.0,10.8,17.8,26.0,27.5,VS,Lake Geneva,rural,French,21.0,1.5,9.0,44.0,281.0,334.0,668400.95,142195.9,810596.85,551.8018039482641,0.2273655547991831
6219,Vernayaz,1812,501.0,27.6,18.6,19.4,324.2,VS,Lake Geneva,intermediate,French,46.0,2.5,10.0,335.0,403.0,748.0,599126.1,80811.2,679937.2999999999,375.2413355408388,0.41280353200883
622,Oppligen,640,32.0,5.0,20.5,17.3,188.2,BE,Espace Mittelland,intermediate,German,7.0,1.1,74.0,73.0,72.0,219.0,433152.55,19474.8,452627.35,707.230234375,0.3421875
6220,Vérossaz,866,86.0,9.9,23.7,14.2,60.6,VS,Lake Geneva,rural,French,8.0,1.0,27.0,16.0,45.0,88.0,420506.65,11861.05,432367.7,499.2698614318707,0.10161662817551963
623,Rubigen,2910,241.0,8.3,17.7,23.2,420.5,BE,Espace Mittelland,intermediate,German,34.0,1.2,63.0,517.0,819.0,1399.0,2368166.15,177301.3,2545467.4499999997,874.7310824742267,0.4807560137457045
6232,Chalais,3759,731.0,19.4,20.3,20.5,154.4,VS,Lake Geneva,intermediate,French,34.0,0.9,70.0,294.0,671.0,1035.0,1747694.7,620019.8,2367714.5,629.8788241553605,0.2753391859537111
6235,Chippis,1556,694.0,44.6,20.3,18.3,789.8,VS,Lake Geneva,urban,French,21.0,1.3,59.0,263.0,189.0,511.0,564421.45,96132.65,660554.1,424.5206298200514,0.32840616966580977
6238,Grône,2545,612.0,24.0,20.6,19.1,122.8,VS,Lake Geneva,intermediate,French,40.0,1.6,42.0,110.0,357.0,509.0,913987.35,108386.25,1022373.6,401.7185068762279,0.2
6239,Icogne,636,165.0,25.9,16.5,28.0,25.6,VS,Lake Geneva,rural,French,7.0,1.1,16.0,52.0,113.0,181.0,295367.05,686317.7,981684.75,1543.5294811320755,0.28459119496855345
6240,Lens,4406,1430.0,32.5,16.1,28.9,315.2,VS,Lake Geneva,rural,French,12.0,0.3,194.0,178.0,1549.0,1921.0,3974814.25,13819821.05,17794635.3,4038.727939173854,0.4359963685882887
6246,Saint-Léonard,2548,505.0,19.8,19.6,18.0,656.7,VS,Lake Geneva,intermediate,French,23.0,0.9,74.0,207.0,425.0,706.0,1211026.65,149392.4,1360419.0499999998,533.9164246467817,0.2770800627943485
6248,Sierre,17295,5782.0,33.4,18.8,22.2,904.1,VS,Lake Geneva,urban,French,618.0,3.6,204.0,2734.0,8850.0,11788.0,7552377.8,1893690.05,9446067.85,546.1733362243423,0.681584272911246
6252,Anniviers,2703,549.0,20.3,16.6,26.1,11.1,VS,Lake Geneva,rural,French,7.0,0.3,121.0,315.0,1304.0,1740.0,1950213.4,1426349.35,3376562.75,1249.1908065112837,0.6437291897891232
6253,Crans-Montana,10271,3666.0,35.7,15.4,26.2,172.2,VS,Lake Geneva,urban,French,43.0,0.4,162.0,653.0,4220.0,5035.0,8535863.35,15217545.95,23753409.299999997,2312.6676370363157,0.4902151689222082
6254,Noble-Contrée,4635,641.0,13.8,21.3,21.8,713.1,VS,Lake Geneva,urban,French,38.0,0.8,152.0,135.0,488.0,775.0,3370001.35,717162.45,4087163.8,881.8044875943905,0.16720604099244876
626,Walkringen,1795,127.0,7.1,19.4,22.4,104.3,BE,Espace Mittelland,rural,German,51.0,2.9,183.0,203.0,605.0,991.0,776589.7,17002.4,793592.1,442.1125905292479,0.5520891364902507
6261,Arbaz,1390,200.0,14.4,17.8,25.0,72.5,VS,Lake Geneva,intermediate,French,8.0,0.6,22.0,32.0,177.0,231.0,727844.2,607582.05,1335426.25,960.738309352518,0.16618705035971224
6263,Grimisuat,3774,545.0,14.4,24.0,17.5,848.1,VS,Lake Geneva,urban,French,32.0,0.9,73.0,90.0,745.0,908.0,3077713.95,414198.8,3491912.75,925.2551006889242,0.24059353471118178
6265,Savièse,8097,1069.0,13.2,19.0,22.7,114.1,VS,Lake Geneva,urban,French,52.0,0.6,288.0,302.0,996.0,1586.0,6544713.1,1816313.5,8361026.6,1032.6079535630479,0.19587501543781646
6266,Sion,35650,9833.0,27.6,18.8,20.4,1022.7,VS,Lake Geneva,urban,French,1672.0,4.7,642.0,5727.0,31635.0,38004.0,20933299.55,5867013.85,26800313.4,751.7619467040673,1.066030855539972
6267,Veysonnaz,594,126.0,21.2,20.4,24.4,521.1,VS,Lake Geneva,intermediate,French,,,19.0,22.0,276.0,317.0,302618.9,94891.0,397509.9,669.2085858585859,0.5336700336700336
627,Worb,11460,2030.0,17.7,18.8,25.7,543.6,BE,Espace Mittelland,intermediate,German,574.0,5.0,199.0,764.0,2937.0,3900.0,8767318.85,1045654.7,9812973.549999999,856.2804144851657,0.3403141361256545
628,Zäziwil,1623,104.0,6.4,19.8,20.8,300.0,BE,Espace Mittelland,intermediate,German,49.0,3.0,81.0,206.0,176.0,463.0,664212.35,93366.6,757578.95,466.7769254467036,0.28527418361059764
6281,Baltschieder,1355,141.0,10.4,22.7,15.3,43.4,VS,Lake Geneva,urban,German,7.0,0.5,34.0,33.0,179.0,246.0,892262.25,40978.15,933240.4,688.7383025830259,0.181549815498155
6282,Eisten,189,10.0,5.3,6.9,27.5,5.0,VS,Lake Geneva,rural,German,,,13.0,,14.0,27.0,57525.75,0.0,57525.75,304.3690476190476,0.14285714285714285
6283,Embd,286,19.0,6.6,13.6,24.8,20.4,VS,Lake Geneva,rural,German,,,41.0,11.0,25.0,77.0,268497.05,382.4,268879.45,940.1379370629371,0.2692307692307692
6285,Grächen,1271,140.0,11.0,14.9,22.0,89.1,VS,Lake Geneva,rural,German,,,55.0,74.0,435.0,564.0,432127.05,78667.95,510795.0,401.88434303697875,0.4437450826121164
6286,Lalden,706,96.0,13.6,17.6,19.4,543.1,VS,Lake Geneva,urban,German,9.0,1.3,25.0,73.0,47.0,145.0,445146.8,7000.5,452147.3,640.435269121813,0.20538243626062322
6287,Randa,440,126.0,28.6,16.6,22.3,8.1,VS,Lake Geneva,rural,German,,,23.0,35.0,41.0,99.0,141154.1,15310.1,156464.2,355.60045454545457,0.225
6288,Saas-Almagell,360,46.0,12.8,14.2,23.6,3.3,VS,Lake Geneva,rural,German,,,15.0,10.0,128.0,153.0,114010.75,4642.9,118653.65,329.5934722222222,0.425
6289,Saas-Balen,368,54.0,14.7,14.7,23.1,12.2,VS,Lake Geneva,rural,German,,,25.0,44.0,58.0,127.0,166556.5,15997.55,182554.05,496.0707880434782,0.3451086956521739
629,Oberhünigen,320,10.0,3.1,23.8,20.0,53.2,BE,Espace Mittelland,rural,German,,,46.0,11.0,20.0,77.0,98790.95,1791.3,100582.25,314.31953125,0.240625
6290,Saas-Fee,1561,471.0,30.2,17.3,18.1,38.7,VS,Lake Geneva,intermediate,German,7.0,0.4,6.0,134.0,1424.0,1564.0,741162.85,964921.45,1706084.2999999998,1092.9431774503523,1.0019218449711724
6291,Saas-Grund,1005,136.0,13.5,16.2,23.0,40.5,VS,Lake Geneva,rural,German,,,53.0,43.0,414.0,510.0,361089.1,44401.9,405491.0,403.47363184079603,0.5074626865671642
6292,St. Niklaus,2242,280.0,12.5,18.7,21.2,25.1,VS,Lake Geneva,rural,German,16.0,0.7,118.0,803.0,454.0,1375.0,773321.25,40198.2,813519.45,362.85434879571807,0.6132917038358608
6293,Stalden (VS),1103,141.0,12.8,15.3,24.2,104.9,VS,Lake Geneva,rural,German,,,34.0,138.0,184.0,356.0,531044.05,32557.3,563601.3500000001,510.9713055303718,0.3227561196736174
6294,Staldenried,566,37.0,6.5,15.9,23.3,39.7,VS,Lake Geneva,rural,German,,,32.0,15.0,59.0,106.0,277732.25,4777.05,282509.3,499.1330388692579,0.1872791519434629
6295,Täsch,1333,807.0,60.5,19.7,11.6,22.7,VS,Lake Geneva,rural,German,10.0,0.8,14.0,13.0,293.0,320.0,365959.3,78343.6,444302.9,333.31050262565645,0.24006001500375093
6296,Törbel,497,14.0,2.8,16.9,23.9,29.5,VS,Lake Geneva,rural,German,,,92.0,18.0,68.0,178.0,174810.15,3810.0,178620.15,359.3966800804829,0.358148893360161
6297,Visp,8305,2375.0,28.6,18.4,18.9,629.2,VS,Lake Geneva,urban,German,177.0,2.2,71.0,6528.0,6904.0,13503.0,5599428.85,882883.5,6482312.35,780.5312883804936,1.6258880192655027
6298,Visperterminen,1310,80.0,6.1,17.3,27.5,25.4,VS,Lake Geneva,rural,German,,,102.0,281.0,162.0,545.0,903183.3,24833.95,928017.25,708.4101145038168,0.41603053435114506
6299,Zeneggen,312,47.0,15.1,20.2,23.4,41.3,VS,Lake Geneva,rural,German,,,29.0,,31.0,60.0,152334.5,38316.9,190651.4,611.0621794871795,0.19230769230769232
63,Lufingen,2767,543.0,19.6,23.3,12.5,534.2,ZH,Zurich,intermediate,German,13.0,0.5,20.0,119.0,326.0,465.0,3785524.4,836912.7,4622437.1,1670.5591254065773,0.16805204192265993
630,Allmendingen,566,37.0,6.5,17.1,30.7,148.6,BE,Espace Mittelland,rural,German,,,45.0,10.0,166.0,221.0,982407.05,220196.15,1202603.2,2124.740636042403,0.39045936395759717
6300,Zermatt,5746,2462.0,42.8,15.7,14.5,23.7,VS,Lake Geneva,urban,German,12.0,0.2,32.0,676.0,6666.0,7374.0,5109823.8,3737318.95,8847142.75,1539.7046206056386,1.2833275321963105
632,Wichtrach,4350,314.0,7.2,19.9,21.5,375.0,BE,Espace Mittelland,intermediate,German,100.0,2.3,81.0,341.0,760.0,1182.0,2625683.75,237102.45,2862786.2,658.1117701149426,0.2717241379310345
64,Nürensdorf,5723,955.0,16.7,18.8,22.7,564.4,ZH,Zurich,intermediate,German,90.0,1.6,52.0,200.0,945.0,1197.0,10945233.0,2051149.4,12996382.4,2270.9037917176306,0.20915603704350866
6404,Boudry,6267,1763.0,28.1,23.1,17.5,373.9,NE,Espace Mittelland,urban,French,416.0,6.7,69.0,2068.0,2482.0,4619.0,3653468.0,807421.25,4460889.25,711.8061672251476,0.7370352640816977
6408,Cortaillod,4707,982.0,20.9,20.7,21.2,1275.6,NE,Espace Mittelland,urban,French,178.0,3.8,47.0,873.0,1002.0,1922.0,3688415.2,909244.0,4597659.2,976.7705969832165,0.4083280220947525
6413,Rochefort,1313,177.0,13.5,19.3,20.9,50.8,NE,Espace Mittelland,rural,French,32.0,2.4,31.0,33.0,167.0,231.0,1081215.85,414211.9,1495427.75,1138.9396420411272,0.17593297791317594
6416,Milvignes,9217,1739.0,18.9,21.1,21.4,1048.6,NE,Espace Mittelland,intermediate,French,353.0,3.8,113.0,601.0,2103.0,2817.0,9213084.0,2396516.05,11609600.05,1259.585553867853,0.30563089942497557
6417,La Grande Béroche,9029,1720.0,19.0,19.6,22.1,213.9,NE,Espace Mittelland,intermediate,French,193.0,2.2,200.0,880.0,2168.0,3248.0,8885002.7,4362139.0,13247141.7,1467.1770627976518,0.3597297596633071
6421,La Chaux-de-Fonds,36527,11118.0,30.4,20.1,19.6,655.7,NE,Espace Mittelland,urban,French,3600.0,9.8,254.0,11383.0,15634.0,27271.0,16962971.05,3991208.0,20954179.05,573.6627439975908,0.7465984066580885
6422,Les Planchettes,213,24.0,11.3,21.6,17.4,18.2,NE,Espace Mittelland,rural,French,12.0,5.6,25.0,17.0,14.0,56.0,129427.55,5836.55,135264.1,635.0427230046948,0.26291079812206575
6423,La Sagne,1069,125.0,11.7,23.6,21.9,41.8,NE,Espace Mittelland,rural,French,11.0,1.0,80.0,84.0,254.0,418.0,517136.1,23807.0,540943.1,506.0272217025257,0.3910196445275959
6432,La Brévine,606,29.0,4.8,19.0,23.1,14.5,NE,Espace Mittelland,rural,French,14.0,2.3,145.0,87.0,101.0,333.0,380011.0,20000.8,400011.8,660.0854785478548,0.5495049504950495
6433,Brot-Plamboz,282,22.0,7.8,27.7,18.8,17.5,NE,Espace Mittelland,rural,French,,,80.0,28.0,21.0,129.0,97328.45,179704.05,277032.5,982.3847517730496,0.4574468085106383
6434,Le Cerneux-Péquignot,325,14.0,4.3,25.8,14.2,20.7,NE,Espace Mittelland,rural,French,,,55.0,44.0,31.0,130.0,231443.35,28602.55,260045.9,800.1412307692308,0.4
6435,La Chaux-du-Milieu,489,23.0,4.7,25.6,19.2,28.2,NE,Espace Mittelland,rural,French,,,65.0,26.0,27.0,118.0,212684.65,43585.8,256270.45,524.0704498977506,0.24130879345603273
6436,Le Locle,10746,3158.0,29.4,20.4,21.8,310.0,NE,Espace Mittelland,urban,French,758.0,7.1,96.0,5800.0,3058.0,8954.0,3655709.0,1023298.0,4679007.0,435.4184812953657,0.8332402754513307
6437,Les Ponts-de-Martel,1239,115.0,9.3,19.8,21.8,68.2,NE,Espace Mittelland,rural,French,40.0,3.2,85.0,151.0,301.0,537.0,517179.7,68604.8,585784.5,472.7881355932203,0.43341404358353514
6451,Cornaux,1635,395.0,24.2,19.4,18.8,345.7,NE,Espace Mittelland,intermediate,French,50.0,3.1,20.0,468.0,318.0,806.0,765518.6,111381.25,876899.85,536.3301834862385,0.4929663608562691
6452,Cressier (NE),1888,524.0,27.8,20.2,18.4,220.3,NE,Espace Mittelland,intermediate,French,56.0,3.0,25.0,862.0,388.0,1275.0,835122.7,196727.8,1031850.5,546.5309851694915,0.6753177966101694
6455,Le Landeron,4680,922.0,19.7,20.2,22.9,454.4,NE,Espace Mittelland,intermediate,French,151.0,3.2,58.0,569.0,804.0,1431.0,2782556.15,1050400.3,3832956.45,819.0077884615386,0.3057692307692308
6456,Lignières,1006,117.0,11.6,25.5,19.0,80.4,NE,Espace Mittelland,rural,French,29.0,3.0,49.0,49.0,144.0,242.0,576336.2,41434.05,617770.25,614.0857355864811,0.24055666003976142
6458,Neuchâtel,44597,14154.0,31.7,19.0,18.3,1482.1,NE,Espace Mittelland,urban,French,3533.0,7.9,109.0,5833.0,32159.0,38101.0,34640999.4,10588501.3,45229500.7,1014.182584030316,0.8543399780254277
6487,Val-de-Ruz,17410,3059.0,17.6,23.7,16.9,140.1,NE,Espace Mittelland,intermediate,French,498.0,2.9,358.0,2514.0,4094.0,6966.0,10583104.05,1526132.15,12109236.200000001,695.5333831131534,0.4001148765077542
65,Oberembrach,1092,143.0,13.1,16.7,21.4,106.4,ZH,Zurich,rural,German,7.0,0.6,76.0,36.0,153.0,265.0,1397803.9,125833.0,1523636.9,1395.2718864468864,0.24267399267399267
6504,La Côte-aux-Fées,491,49.0,10.0,22.4,26.3,38.3,NE,Espace Mittelland,rural,French,19.0,4.0,40.0,92.0,154.0,286.0,116372.55,19751.0,136123.55,277.2373727087576,0.5824847250509165
6511,Les Verrières,652,59.0,9.0,22.4,21.8,22.6,NE,Espace Mittelland,rural,French,43.0,6.7,51.0,80.0,99.0,230.0,197884.95,73496.15,271381.1,416.22868098159506,0.35276073619631904
6512,Val-de-Travers,10558,2053.0,19.4,19.7,24.0,84.6,NE,Espace Mittelland,intermediate,French,655.0,6.2,294.0,2634.0,2839.0,5767.0,3944429.7,906146.7,4850576.4,459.4218980867589,0.5462208751657511
6513,Laténa,11625,2902.0,25.0,21.3,20.9,446.1,NE,Espace Mittelland,urban,French,443.0,3.810752688172043,89.0,2081.0,5001.0,7171.0,9840301.75,2850269.25,12690571.0,1091.6620215053763,0.6168602150537634
66,Opfikon,21213,9577.0,45.1,20.6,11.8,3794.8,ZH,Zurich,urban,German,876.0,4.2,8.0,3122.0,21868.0,24998.0,16838006.6,6036961.8,22874968.400000002,1078.3466930655732,1.1784283222552208
6601,Aire-la-Ville,1145,187.0,16.3,24.2,18.0,390.8,GE,Lake Geneva,intermediate,French,33.0,2.9,18.0,161.0,265.0,444.0,1413811.6,778862.85,2192674.45,1914.9995196506552,0.38777292576419214
6602,Anières,2417,760.0,31.4,22.8,18.2,626.2,GE,Lake Geneva,urban,French,105.0,4.3,53.0,28.0,442.0,523.0,6778873.75,27288668.8,34067542.55,14094.97002482416,0.21638394704178734
6603,Avully,1708,329.0,19.3,23.8,16.6,369.7,GE,Lake Geneva,rural,French,106.0,6.2,27.0,6.0,156.0,189.0,1334090.35,532908.55,1866998.9000000001,1093.0906908665106,0.11065573770491803
6604,Avusy,1377,151.0,11.0,20.6,18.1,266.3,GE,Lake Geneva,rural,French,15.0,1.1,59.0,44.0,185.0,288.0,2324683.2,1280191.85,3604875.0500000003,2617.919426289034,0.20915032679738563
6605,Bardonnex,2531,634.0,25.0,22.5,19.1,506.2,GE,Lake Geneva,intermediate,French,113.0,4.5,44.0,480.0,491.0,1015.0,3186183.15,1682499.3,4868682.45,1923.6200908731728,0.4010272619517977
6606,Bellevue,4075,1569.0,38.5,26.1,12.9,932.5,GE,Lake Geneva,urban,French,198.0,5.6,7.0,97.0,1352.0,1456.0,4808087.65,3272501.15,8080588.800000001,1982.9665766871167,0.35730061349693254
6607,Bernex,10250,2254.0,22.0,21.7,20.3,791.5,GE,Lake Geneva,urban,French,313.0,3.1,318.0,360.0,2215.0,2893.0,11991051.05,7561384.35,19552435.4,1907.5546731707316,0.28224390243902436
6608,Carouge (GE),22164,8178.0,36.9,20.7,15.2,8208.9,GE,Lake Geneva,urban,French,1857.0,8.3,27.0,3568.0,23986.0,27581.0,19963545.8,14187133.0,34150678.8,1540.8174878180832,1.2444053419960297
6609,Cartigny,1021,195.0,19.1,24.5,17.7,233.1,GE,Lake Geneva,rural,French,,,23.0,38.0,203.0,264.0,2664341.9,955140.8,3619482.7,3545.0369245837414,0.25857002938295787
6610,Céligny,845,299.0,35.4,25.1,16.1,181.3,GE,Lake Geneva,intermediate,French,16.0,1.9,25.0,9.0,80.0,114.0,1407820.3,2439825.2,3847645.5,4553.426627218935,0.1349112426035503
6611,Chancy,1671,358.0,21.4,28.8,11.9,310.6,GE,Lake Geneva,intermediate,French,92.0,5.5,13.0,16.0,128.0,157.0,1424681.3,501923.6,1926604.9,1152.9652304009574,0.09395571514063435
6612,Chêne-Bougeries,13261,4724.0,35.6,23.7,20.2,3203.1,GE,Lake Geneva,urban,French,495.0,3.8,,338.0,4860.0,5198.0,21932213.6,111963662.5,133895876.1,10096.966752130307,0.39197647236256694
6613,Chêne-Bourg,8836,3435.0,38.9,21.8,16.4,6903.1,GE,Lake Geneva,urban,French,762.0,8.6,6.0,891.0,2032.0,2929.0,6508264.3,4649534.75,11157799.05,1262.765849932096,0.33148483476686286
6614,Choulex,1222,275.0,22.5,22.8,20.6,312.5,GE,Lake Geneva,intermediate,French,13.0,1.1,40.0,29.0,118.0,187.0,2298721.3,4067425.2,6366146.5,5209.612520458265,0.1530278232405892
6615,Collex-Bossy,1727,595.0,34.5,25.4,15.2,250.7,GE,Lake Geneva,intermediate,French,26.0,1.5,63.0,38.0,178.0,279.0,2488998.85,1678040.7,4167039.55,2412.8775622466705,0.16155182397220613
6616,Collonge-Bellerive,8496,2473.0,29.1,25.1,18.8,1388.2,GE,Lake Geneva,urban,French,125.0,1.5,58.0,1130.0,3759.0,4947.0,22707246.15,39081930.1,61789176.25,7272.737317561206,0.582274011299435
6617,Cologny,5970,2121.0,35.5,23.3,20.8,1626.7,GE,Lake Geneva,urban,French,118.0,2.0,11.0,62.0,2265.0,2338.0,16233504.7,50843537.05,67077041.75,11235.685385259632,0.3916247906197655
6618,Confignon,4593,814.0,17.7,23.3,19.2,1658.1,GE,Lake Geneva,urban,French,122.0,2.7,16.0,39.0,1259.0,1314.0,5833062.95,7270842.65,13103905.600000001,2853.0166775527982,0.28608752449379493
6619,Corsier (GE),2267,655.0,28.9,23.6,17.8,827.4,GE,Lake Geneva,urban,French,18.0,0.8,42.0,44.0,277.0,363.0,20279630.3,11277826.8,31557457.1,13920.36043228937,0.16012351124834584
662,Ferenbalm,1223,131.0,10.7,17.0,25.8,134.0,BE,Espace Mittelland,rural,German,12.0,1.0,83.0,168.0,132.0,383.0,789239.9,10128.05,799367.9500000001,653.6123875715455,0.3131643499591169
6620,Dardagny,1799,507.0,28.2,22.3,17.8,209.2,GE,Lake Geneva,rural,French,58.0,3.1,117.0,351.0,256.0,724.0,1542291.3,802111.15,2344402.45,1303.1697887715397,0.40244580322401335
6621,Genève,203840,100291.0,49.2,17.8,15.9,12771.9,GE,Lake Geneva,urban,French,13306.0,6.5,35.0,10369.0,182727.0,193131.0,172147096.3,199793857.2,371940953.5,1824.671082711931,0.9474636970172684
6622,Genthod,2884,990.0,34.3,22.6,19.1,1004.9,GE,Lake Geneva,urban,French,22.0,0.8,10.0,390.0,449.0,849.0,3848784.4,10581303.0,14430087.4,5003.497711511789,0.29438280166435504
6623,Le Grand-Saconnex,12607,5501.0,43.6,25.0,15.1,2878.3,GE,Lake Geneva,urban,French,748.0,6.0,,228.0,11290.0,11518.0,9159613.75,6258524.7,15418138.45,1222.982347108749,0.9136194177837709
6624,Gy,499,87.0,17.4,23.4,19.0,151.7,GE,Lake Geneva,intermediate,French,,,37.0,21.0,77.0,135.0,993384.3,850855.5,1844239.8,3695.871342685371,0.27054108216432865
6625,Hermance,1189,342.0,28.8,24.6,19.9,825.7,GE,Lake Geneva,intermediate,French,13.0,1.1,7.0,7.0,209.0,223.0,1824007.0,3585582.5,5409589.5,4549.696804037006,0.18755256518082422
6626,Jussy,1193,266.0,22.3,23.3,20.5,105.1,GE,Lake Geneva,rural,French,7.0,0.6,75.0,59.0,242.0,376.0,1786695.5,4269878.9,6056574.4,5076.759765297569,0.31517183570829843
6627,Laconnex,703,108.0,15.4,21.3,21.9,183.6,GE,Lake Geneva,rural,French,7.0,1.0,31.0,9.0,63.0,103.0,847368.65,639821.4,1487190.05,2115.490825035562,0.1465149359886202
6628,Lancy,34656,12359.0,35.7,23.4,15.4,7265.4,GE,Lake Geneva,urban,French,2274.0,6.6,22.0,2397.0,23082.0,25501.0,20616694.1,12964300.55,33580994.650000006,968.9806858841183,0.7358321791320406
6629,Meinier,2069,407.0,19.7,21.8,20.8,297.7,GE,Lake Geneva,urban,French,40.0,1.9,77.0,350.0,514.0,941.0,2580509.65,2600580.95,5181090.6,2504.1520541324307,0.4548090865152247
663,Frauenkappelen,1430,209.0,14.6,18.7,22.1,153.9,BE,Espace Mittelland,intermediate,German,29.0,2.1,48.0,284.0,127.0,459.0,1239385.85,67904.85,1307290.7000000002,914.1893006993008,0.320979020979021
6630,Meyrin,26517,12046.0,45.4,23.3,16.2,2667.7,GE,Lake Geneva,urban,French,2202.0,8.3,49.0,5349.0,18876.0,24274.0,11318287.55,5529066.1,16847353.65,635.3416166987215,0.9154127540822868
6631,Onex,18773,6907.0,36.8,22.0,19.0,6680.8,GE,Lake Geneva,urban,French,1398.0,7.4,,830.0,4165.0,4995.0,12027969.0,6646312.45,18674281.45,994.7414611410003,0.2660736163639269
6632,Perly-Certoux,3141,802.0,25.5,22.1,19.5,1236.6,GE,Lake Geneva,urban,French,141.0,4.5,91.0,463.0,1099.0,1653.0,2820831.95,1442624.55,4263456.5,1357.3564151544094,0.5262655205348615
6633,Plan-les-Ouates,12088,2919.0,24.1,24.4,14.3,2066.3,GE,Lake Geneva,urban,French,680.0,5.8,34.0,8797.0,11224.0,20055.0,14006181.7,9032138.55,23038320.25,1905.8835415287888,1.6590833884844474
6634,Pregny-Chambésy,3992,2095.0,52.5,25.1,16.9,1232.1,GE,Lake Geneva,urban,French,39.0,1.0,15.0,26.0,627.0,668.0,5344787.2,12857790.35,18202577.55,4559.763915330662,0.16733466933867736
6635,Presinge,737,138.0,18.7,22.1,25.0,156.5,GE,Lake Geneva,rural,French,24.0,3.4,20.0,12.0,182.0,214.0,820154.55,2299817.9,3119972.45,4233.34118046133,0.2903663500678426
6636,Puplinge,2527,587.0,23.2,24.0,19.4,946.4,GE,Lake Geneva,urban,French,115.0,4.6,22.0,74.0,1154.0,1250.0,2790814.5,1490818.15,4281632.65,1694.3540364068067,0.4946576968737634
6637,Russin,536,145.0,27.1,19.0,16.8,109.2,GE,Lake Geneva,rural,French,7.0,1.3,57.0,39.0,71.0,167.0,1170301.15,677990.75,1848291.9,3448.3057835820896,0.31156716417910446
6638,Satigny,4449,1278.0,28.7,25.4,14.7,235.1,GE,Lake Geneva,intermediate,French,112.0,2.6,245.0,5241.0,5494.0,10980.0,3935520.7,3587946.25,7523466.95,1691.0467408406384,2.4679703304113283
6639,Soral,963,196.0,20.4,23.4,21.3,327.6,GE,Lake Geneva,rural,French,16.0,1.6,51.0,11.0,132.0,194.0,1063951.7,1064321.05,2128272.75,2210.0443925233644,0.20145379023883697
6640,Thônex,16115,5943.0,36.9,21.7,17.8,4218.6,GE,Lake Geneva,urban,French,1195.0,8.1,11.0,1451.0,5337.0,6799.0,14440088.35,11243414.85,25683503.2,1593.7637728824077,0.42190505739993794
6641,Troinex,2600,537.0,20.7,24.0,16.7,758.0,GE,Lake Geneva,urban,French,91.0,3.5,158.0,124.0,379.0,661.0,5640062.05,5096061.0,10736123.05,4129.2780961538465,0.2542307692307692
6642,Vandoeuvres,2851,925.0,32.4,23.7,17.2,645.0,GE,Lake Geneva,urban,French,18.0,0.6,10.0,56.0,496.0,562.0,7897101.05,17708829.5,25605930.55,8981.385671694143,0.1971238162048404
6643,Vernier,36572,16397.0,44.8,22.8,15.0,4755.8,GE,Lake Geneva,urban,French,3767.0,10.6,18.0,6037.0,16177.0,22232.0,13514033.1,6957925.15,20471958.25,559.7713619709067,0.6078967516132561
6644,Versoix,13337,5763.0,43.2,25.8,16.5,1269.0,GE,Lake Geneva,urban,French,793.0,6.0,29.0,465.0,3819.0,4313.0,8895159.75,12823686.1,21718845.85,1628.4656107070557,0.32338606883107146
6645,Veyrier,11901,3415.0,28.7,24.7,18.8,1830.9,GE,Lake Geneva,urban,French,292.0,2.5,31.0,263.0,2508.0,2802.0,23371477.65,23955272.95,47326750.599999994,3976.7036887656495,0.23544239979833628
665,Gurbrü,247,31.0,12.6,19.0,19.4,132.8,BE,Espace Mittelland,rural,German,,,43.0,,16.0,59.0,127556.2,5651.8,133208.0,539.3036437246964,0.2388663967611336
666,Kriechenwil,424,20.0,4.7,17.2,31.1,88.9,BE,Espace Mittelland,rural,German,,,50.0,16.0,47.0,113.0,253074.3,28909.0,281983.3,665.0549528301887,0.2665094339622642
667,Laupen,3282,550.0,16.8,18.3,24.9,792.8,BE,Espace Mittelland,intermediate,German,144.0,4.4,18.0,158.0,1130.0,1306.0,2080199.95,169911.05,2250111.0,685.591407678245,0.3979280926264473
668,Mühleberg,3074,368.0,12.0,18.3,21.1,117.1,BE,Espace Mittelland,rural,German,42.0,1.4,206.0,524.0,540.0,1270.0,2355681.4,105153.6,2460835.0,800.531880286272,0.41314248536109305
669,Münchenwiler,559,79.0,14.1,25.0,18.2,225.4,BE,Espace Mittelland,urban,German,,,32.0,102.0,78.0,212.0,386296.75,29027.45,415324.2,742.9771019677996,0.37924865831842575
67,Rafz,4672,1056.0,22.6,20.1,19.2,437.5,ZH,Zurich,intermediate,German,62.0,1.3,190.0,487.0,928.0,1605.0,4324559.55,718806.15,5043365.7,1079.4875214041097,0.3435359589041096
670,Neuenegg,5656,896.0,15.8,19.8,21.7,259.1,BE,Espace Mittelland,intermediate,German,154.0,2.7,205.0,692.0,1230.0,2127.0,3382309.6,301648.0,3683957.6,651.3362093352192,0.37606082036775107
6702,Boécourt,951,76.0,8.0,21.5,20.1,77.0,JU,Espace Mittelland,rural,French,9.0,1.0,38.0,295.0,94.0,427.0,526869.8,79170.85,606040.65,637.2667192429022,0.4490010515247108
6703,Bourrignon,258,8.0,3.1,21.3,19.8,19.0,JU,Espace Mittelland,rural,French,,,57.0,21.0,13.0,91.0,88605.1,1995.65,90600.75,351.1656976744186,0.35271317829457366
6704,Châtillon (JU),471,36.0,7.6,23.6,17.4,88.7,JU,Espace Mittelland,rural,French,,,30.0,6.0,22.0,58.0,259279.25,72923.0,332202.25,705.3126326963907,0.12314225053078556
6706,Courchapoix,441,28.0,6.3,21.1,20.0,69.0,JU,Espace Mittelland,rural,French,8.0,1.8,29.0,85.0,31.0,145.0,170804.35,3686.4,174490.75,395.67063492063494,0.3287981859410431
6708,Courrendlin,3686,812.0,22.0,23.3,17.4,171.0,JU,Espace Mittelland,intermediate,French,203.0,5.4,61.0,378.0,582.0,1021.0,1632397.6,228226.75,1860624.35,504.7814297341292,0.27699403147042867
6709,Courroux,3313,482.0,14.5,21.2,21.0,167.8,JU,Espace Mittelland,urban,French,128.0,3.8,82.0,431.0,496.0,1009.0,1844508.9,237132.8,2081641.7,628.3252942952007,0.3045578025958346
671,Wileroltigen,380,45.0,11.8,17.1,16.3,91.6,BE,Espace Mittelland,rural,German,,,50.0,,34.0,84.0,283220.05,0.0,283220.05,745.3159210526316,0.22105263157894736
6710,Courtételle,2654,399.0,15.0,21.9,18.2,195.7,JU,Espace Mittelland,intermediate,French,96.0,3.6,38.0,496.0,638.0,1172.0,1840283.65,265825.95,2106109.6,793.5605124340618,0.44159758854559156
6711,Delémont,12636,3738.0,29.6,19.7,22.4,575.1,JU,Espace Mittelland,urban,French,1077.0,8.6,64.0,3722.0,9832.0,13618.0,6890858.9,1236069.8,8126928.7,643.1567505539728,1.0777144666033556
6712,Develier,1360,185.0,13.6,21.5,21.2,109.1,JU,Espace Mittelland,rural,French,25.0,1.8,48.0,259.0,390.0,697.0,692922.55,29230.85,722153.4,530.9951470588236,0.5125
6713,Ederswiler,112,7.0,6.3,13.4,29.5,33.8,JU,Espace Mittelland,rural,German,6.0,5.1,18.0,6.0,,24.0,31871.95,0.0,31871.95,284.57098214285713,0.21428571428571427
6715,Mervelier,522,35.0,6.7,20.3,23.0,53.6,JU,Espace Mittelland,rural,French,22.0,4.1,31.0,14.0,44.0,89.0,199790.3,17135.15,216925.44999999998,415.56599616858233,0.17049808429118773
6716,Mettembert,106,11.0,10.4,20.8,27.4,45.3,JU,Espace Mittelland,rural,French,,,7.0,0.0,,7.0,42381.35,0.0,42381.35,399.82405660377356,0.0660377358490566
6718,Movelier,425,34.0,8.0,19.1,28.5,52.6,JU,Espace Mittelland,rural,French,,,27.0,28.0,27.0,82.0,131526.9,22991.5,154518.4,363.5727058823529,0.19294117647058823
6719,Pleigne,350,8.0,2.3,18.6,23.7,19.6,JU,Espace Mittelland,rural,French,,,44.0,28.0,54.0,126.0,120165.65,6286.5,126452.15,361.2918571428571,0.36
6721,Rossemaison,733,103.0,14.1,20.6,19.8,387.8,JU,Espace Mittelland,urban,French,,,18.0,37.0,122.0,177.0,532549.3,63507.6,596056.9,813.17448840382,0.24147339699863574
6722,Saulcy,270,10.0,3.7,20.0,21.9,34.4,JU,Espace Mittelland,rural,French,,,30.0,23.0,23.0,76.0,72555.6,0.0,72555.6,268.7244444444445,0.2814814814814815
6724,Soyhières,417,80.0,19.2,14.1,22.3,55.6,JU,Espace Mittelland,rural,French,18.0,4.1,13.0,28.0,82.0,123.0,218618.8,14978.55,233597.34999999998,560.1854916067145,0.2949640287769784
6729,Haute-Sorne,7319,1182.0,16.1,21.7,20.1,103.0,JU,Espace Mittelland,intermediate,French,157.0,2.2,166.0,1939.0,1349.0,3454.0,2941840.0,573404.0,3515244.0,480.290203579724,0.4719223937696407
6730,Val Terbi,3285,230.0,7.0,22.7,20.2,70.4,JU,Espace Mittelland,intermediate,French,71.0,2.2,158.0,376.0,540.0,1074.0,1410231.15,148434.7,1558665.8499999999,474.4797108066971,0.3269406392694064
6741,Le Bémont (JU),308,6.0,1.9,19.2,22.7,26.4,JU,Espace Mittelland,rural,French,,,67.0,8.0,21.0,96.0,233090.2,44167.6,277257.8,900.1876623376623,0.3116883116883117
6742,Les Bois,1258,101.0,8.0,22.7,19.5,50.9,JU,Espace Mittelland,rural,French,23.0,1.8,106.0,263.0,162.0,531.0,695535.0,671200.05,1366735.05,1086.4348569157394,0.4220985691573927
6743,Les Breuleux,1611,189.0,11.7,21.9,20.4,108.3,JU,Espace Mittelland,rural,French,21.0,1.3,80.0,956.0,292.0,1328.0,749212.8,62205.35,811418.15,503.6735878336437,0.824332712600869
6745,Les Enfers,156,6.0,3.8,23.1,14.1,21.9,JU,Espace Mittelland,rural,French,,,42.0,5.0,10.0,57.0,69370.95,0.0,69370.95,444.6855769230769,0.36538461538461536
6748,Les Genevez (JU),510,25.0,4.9,20.6,23.3,37.4,JU,Espace Mittelland,rural,French,7.0,1.4,33.0,215.0,113.0,361.0,333615.65,3222.1,336837.75,660.4661764705883,0.707843137254902
6750,Lajoux (JU),705,57.0,8.1,19.3,20.1,56.9,JU,Espace Mittelland,rural,French,8.0,1.1,38.0,66.0,108.0,212.0,357575.7,14385.35,371961.05,527.6043262411347,0.300709219858156
6751,Montfaucon,551,36.0,6.5,19.1,23.0,30.2,JU,Espace Mittelland,rural,French,12.0,2.1,54.0,50.0,98.0,202.0,295277.35,58662.3,353939.64999999997,642.3587114337568,0.3666061705989111
6753,Muriaux,511,30.0,5.9,20.2,24.3,30.3,JU,Espace Mittelland,rural,French,,,119.0,30.0,56.0,205.0,484654.0,28032.65,512686.65,1003.3006849315069,0.40117416829745595
6754,Le Noirmont,1902,303.0,15.9,21.5,17.7,93.3,JU,Espace Mittelland,intermediate,French,29.0,1.5,51.0,1295.0,835.0,2181.0,1074951.7,148664.75,1223616.45,643.3314668769716,1.1466876971608833
6757,Saignelégier,2575,221.0,8.6,18.6,23.2,81.3,JU,Espace Mittelland,intermediate,French,67.0,2.6,98.0,683.0,1130.0,1911.0,1340513.2,67601.0,1408114.2,546.8404660194175,0.7421359223300971
6758,Saint-Brais,228,18.0,7.9,17.1,21.1,15.0,JU,Espace Mittelland,rural,French,,,56.0,12.0,22.0,90.0,79339.65,0.0,79339.65,347.9809210526316,0.39473684210526316
6759,Soubey,118,13.0,11.0,11.0,30.5,8.7,JU,Espace Mittelland,rural,French,,,31.0,0.0,9.0,40.0,41702.3,504.15,42206.450000000004,357.681779661017,0.3389830508474576
6771,Alle,1882,208.0,11.1,21.9,21.7,177.5,JU,Espace Mittelland,rural,French,33.0,1.7,69.0,681.0,398.0,1148.0,874824.85,99814.35,974639.2,517.8741764080764,0.6099893730074389
6774,Boncourt,1205,137.0,11.4,17.3,30.3,133.6,JU,Espace Mittelland,rural,French,33.0,2.8,44.0,1021.0,869.0,1934.0,733528.95,119029.35,852558.2999999999,707.5172614107884,1.6049792531120333
6778,Bure,631,28.0,4.4,19.8,28.7,46.1,JU,Espace Mittelland,rural,French,,,36.0,116.0,116.0,268.0,444342.45,7433.9,451776.35000000003,715.9688589540413,0.4247226624405705
6781,Coeuve,718,25.0,3.5,25.5,20.2,61.8,JU,Espace Mittelland,rural,French,,,63.0,24.0,81.0,168.0,333074.35,33441.85,366516.19999999995,510.4682451253481,0.233983286908078
6782,Cornol,1018,94.0,9.2,21.5,18.8,97.4,JU,Espace Mittelland,rural,French,23.0,2.3,30.0,210.0,123.0,363.0,523124.35,17309.55,540433.9,530.878094302554,0.3565815324165029
6783,Courchavon,293,28.0,9.6,19.5,20.5,47.3,JU,Espace Mittelland,rural,French,6.0,2.0,21.0,117.0,40.0,178.0,339699.25,29738.3,369437.55,1260.8790102389078,0.6075085324232082
6784,Courgenay,2435,247.0,10.1,20.2,21.1,132.0,JU,Espace Mittelland,rural,French,60.0,2.5,84.0,508.0,446.0,1038.0,1111951.5,122695.75,1234647.25,507.0419917864476,0.4262833675564682
6785,Courtedoux,786,58.0,7.4,19.8,25.1,95.7,JU,Espace Mittelland,rural,French,20.0,2.7,26.0,192.0,72.0,290.0,592843.25,43171.4,636014.65,809.1789440203563,0.36895674300254455
6789,Fahy,333,33.0,9.9,15.6,30.6,42.8,JU,Espace Mittelland,rural,French,6.0,1.8,30.0,28.0,83.0,141.0,96409.35,14491.25,110900.6,333.03483483483484,0.42342342342342343
6790,Fontenais,1674,146.0,8.7,21.5,22.5,83.7,JU,Espace Mittelland,urban,French,20.0,1.2,49.0,90.0,122.0,261.0,906475.9,52872.95,959348.85,573.0877240143369,0.15591397849462366
6792,Grandfontaine,391,21.0,5.4,21.7,24.8,43.6,JU,Espace Mittelland,rural,French,7.0,1.8,37.0,32.0,31.0,100.0,166207.75,4723.2,170930.95,437.1635549872123,0.2557544757033248
68,Rorbas,2908,756.0,26.0,23.0,13.5,655.0,ZH,Zurich,urban,German,93.0,3.2,10.0,120.0,402.0,532.0,1845715.3,196312.8,2042028.1,702.2104883081156,0.1829436038514443
6800,Porrentruy,6441,1242.0,19.3,17.6,25.0,436.4,JU,Espace Mittelland,urban,French,501.0,7.7,48.0,1617.0,6339.0,8004.0,4383179.4,713120.2,5096299.600000001,791.2280080732806,1.2426641825803446
6806,Vendlincourt,546,40.0,7.3,17.4,26.9,59.7,JU,Espace Mittelland,rural,French,10.0,1.8,27.0,201.0,37.0,265.0,234236.15,11128.2,245364.35,449.38525641025643,0.48534798534798534
6807,Basse-Allaine,1217,106.0,8.7,21.9,25.7,52.8,JU,Espace Mittelland,rural,French,39.0,3.2,125.0,186.0,159.0,470.0,502347.4,18362.55,520709.95,427.86355792933443,0.3861955628594905
6808,Clos du Doubs,1275,105.0,8.2,19.5,25.4,20.6,JU,Espace Mittelland,rural,French,23.0,1.8,206.0,125.0,373.0,704.0,456015.85,29608.5,485624.35,380.88184313725486,0.552156862745098
6809,Haute-Ajoie,1052,77.0,7.3,16.5,28.9,25.7,JU,Espace Mittelland,rural,French,18.0,1.7,117.0,498.0,153.0,768.0,455689.45,11955.9,467645.35000000003,444.52980038022815,0.7300380228136882
681,Belprahon,276,15.0,5.4,13.0,33.0,72.3,BE,Espace Mittelland,rural,French,10.0,3.7,5.0,50.0,58.0,113.0,150855.05,22905.1,173760.15,629.5657608695652,0.40942028985507245
6810,La Baroche,1114,63.0,5.7,20.1,24.8,35.9,JU,Espace Mittelland,rural,French,25.0,2.2,110.0,59.0,239.0,408.0,383259.45,20136.1,403395.55,362.1144973070018,0.36624775583482944
6811,Damphreux-Lugnez,370,28.0,7.6,20.8,26.8,34.4,JU,Espace Mittelland,rural,French,11.0,3.0,39.0,20.0,25.0,84.0,130555.35,15949.6,146504.95,395.95932432432437,0.22702702702702704
6812,Basse-Vendline,742,88.0,11.9,15.1,33.0,39.7,JU,Espace Mittelland,rural,French,20.0,2.6,59.0,256.0,96.0,411.0,270846.15,35524.85,306371.0,412.89892183288407,0.5539083557951483
683,Champoz,160,,,25.0,16.9,22.3,BE,Espace Mittelland,rural,French,,,19.0,,14.0,33.0,104237.8,1850.15,106087.95,663.0496875,0.20625
687,Corcelles (BE),201,7.0,3.5,15.9,24.4,29.6,BE,Espace Mittelland,rural,French,,,16.0,20.0,19.0,55.0,129241.95,0.0,129241.95,642.994776119403,0.2736318407960199
69,Wallisellen,17299,5408.0,31.3,19.5,15.9,2694.5,ZH,Zurich,urban,German,375.0,2.2,30.0,2963.0,17654.0,20647.0,25103782.45,5756353.05,30860135.5,1783.9259783802531,1.1935371986820047
690,Court,1394,155.0,11.1,21.8,23.8,56.6,BE,Espace Mittelland,rural,French,32.0,2.3,70.0,376.0,195.0,641.0,587287.2,49686.25,636973.45,456.9393472022955,0.4598278335724534
691,Crémines,508,50.0,9.8,20.7,27.8,53.6,BE,Espace Mittelland,rural,French,20.0,3.9,15.0,101.0,171.0,287.0,277105.65,10268.2,287373.85000000003,565.6965551181103,0.5649606299212598
692,Eschert,384,56.0,14.6,17.7,20.3,58.4,BE,Espace Mittelland,intermediate,French,22.0,5.9,18.0,85.0,41.0,144.0,156501.6,5441.4,161943.0,421.7265625,0.375
694,Grandval,399,54.0,13.5,23.3,19.3,48.4,BE,Espace Mittelland,rural,French,20.0,5.0,20.0,,66.0,86.0,207852.75,9655.55,217508.3,545.1335839598997,0.21553884711779447
696,Loveresse,362,26.0,7.2,25.1,19.9,77.2,BE,Espace Mittelland,rural,French,,,15.0,90.0,188.0,293.0,172109.3,32106.65,204215.94999999998,564.1324585635359,0.8093922651933702
7,Knonau,2416,428.0,17.7,25.2,15.1,373.4,ZH,Zurich,intermediate,German,22.0,0.9,50.0,90.0,405.0,545.0,2601135.3,692189.15,3293324.4499999997,1363.1309809602649,0.2255794701986755
70,Wasterkingen,589,73.0,12.4,18.8,23.6,148.7,ZH,Zurich,rural,German,,,19.0,12.0,38.0,69.0,439295.6,136401.5,575697.1,977.4144312393887,0.11714770797962648
700,Moutier,7189,1944.0,27.0,19.3,23.4,366.6,BE,Espace Mittelland,intermediate,French,565.0,7.8,42.0,1505.0,2081.0,3628.0,2726821.2,832830.15,3559651.35,495.15250382528865,0.5046598970649604
701,Perrefitte,472,103.0,21.8,21.0,23.5,55.1,BE,Espace Mittelland,rural,French,26.0,5.5,26.0,12.0,51.0,89.0,316580.4,866230.0,1182810.4,2505.9542372881356,0.1885593220338983
703,Reconvilier,2425,497.0,20.5,21.0,21.3,293.9,BE,Espace Mittelland,rural,French,149.0,6.3,17.0,339.0,524.0,880.0,846535.55,159257.9,1005793.4500000001,414.76018556701035,0.3628865979381443
704,Roches (BE),190,26.0,13.7,13.2,20.5,21.0,BE,Espace Mittelland,rural,French,10.0,5.3,18.0,9.0,19.0,46.0,172092.85,7377.05,179469.9,944.5784210526316,0.24210526315789474
706,Saicourt,623,27.0,4.3,23.9,21.2,45.2,BE,Espace Mittelland,rural,French,21.0,3.4,61.0,,87.0,148.0,211569.15,4388.55,215957.69999999998,346.64157303370786,0.2375601926163724
707,Saules (BE),152,4.0,2.6,21.7,25.0,35.5,BE,Espace Mittelland,rural,French,,,12.0,,10.0,22.0,43932.7,949.0,44881.7,295.27434210526314,0.14473684210526316
708,Schelten,32,3.0,9.4,15.6,18.8,5.8,BE,Espace Mittelland,rural,German,,,23.0,0.0,,23.0,9568.65,0.0,9568.65,299.0203125,0.71875
709,Seehof,71,10.0,14.1,12.7,19.7,8.4,BE,Espace Mittelland,rural,German,,,28.0,,,28.0,8953.1,0.0,8953.1,126.10000000000001,0.39436619718309857
71,Wil (ZH),1564,228.0,14.6,21.5,20.8,174.9,ZH,Zurich,rural,German,,,67.0,186.0,258.0,511.0,1859337.1,982265.3,2841602.4000000004,1816.8813299232738,0.32672634271099743
711,Sorvilier,284,35.0,12.3,20.8,20.4,41.2,BE,Espace Mittelland,rural,French,,,14.0,13.0,39.0,66.0,155172.5,3003.3,158175.8,556.9570422535211,0.2323943661971831
713,Tavannes,3430,878.0,25.6,21.7,18.3,232.2,BE,Espace Mittelland,rural,French,334.0,9.7,54.0,538.0,966.0,1558.0,1368491.55,190870.25,1559361.8,454.6244314868805,0.4542274052478134
715,Rebévelier,40,,,25.0,25.0,11.3,BE,Espace Mittelland,rural,German,,,23.0,,,23.0,6957.55,0.0,6957.55,173.93875,0.575
716,Petit-Val,410,29.0,7.1,22.7,21.0,17.2,BE,Espace Mittelland,rural,French,7.0,1.7,85.0,29.0,40.0,154.0,96257.4,6048.6,102306.0,249.5268292682927,0.375609756097561
717,Valbirse,3918,769.0,19.6,19.6,23.8,209.7,BE,Espace Mittelland,intermediate,French,190.0,4.8,61.0,886.0,923.0,1870.0,1664503.45,196279.05,1860782.5,474.9317253700868,0.4772843287391526
72,Winkel,4858,816.0,16.8,17.6,19.5,599.0,ZH,Zurich,urban,German,52.0,1.1,116.0,83.0,769.0,968.0,12900462.95,3178368.75,16078831.7,3309.763627006999,0.19925895430218196
723,La Neuveville,3798,653.0,17.2,18.2,22.8,560.2,BE,Espace Mittelland,intermediate,French,127.0,3.3,42.0,413.0,1115.0,1570.0,3641525.2,1111940.3,4753465.5,1251.5706951026857,0.4133754607688257
724,Nods,804,60.0,7.5,22.6,17.8,30.2,BE,Espace Mittelland,rural,French,6.0,0.7,50.0,76.0,70.0,196.0,493463.55,31008.7,524472.25,652.3286691542288,0.24378109452736318
726,Plateau de Diesse,2118,201.0,9.5,20.5,21.8,82.9,BE,Espace Mittelland,rural,French,47.0,2.2,79.0,81.0,262.0,422.0,1256872.8,117290.1,1374162.9000000001,648.8021246458924,0.19924457034938622
731,Aegerten,2359,454.0,19.2,19.0,23.1,1092.1,BE,Espace Mittelland,urban,German,75.0,3.3,6.0,143.0,246.0,395.0,1014237.9,38381.2,1052619.1,446.2141161509114,0.16744383213225944
732,Bellmund,1777,151.0,8.5,22.9,19.5,467.6,BE,Espace Mittelland,urban,German,11.0,0.6,26.0,27.0,180.0,233.0,2902714.2,663093.15,3565807.35,2006.6445413618458,0.13111986494091166
733,Brügg,4456,1114.0,25.0,20.4,21.6,891.2,BE,Espace Mittelland,urban,German,405.0,9.3,9.0,1484.0,1813.0,3306.0,2296302.75,186643.15,2482945.9,557.2140709156193,0.7419210053859964
734,Bühl,483,21.0,4.3,18.0,20.7,162.6,BE,Espace Mittelland,rural,German,,,32.0,7.0,45.0,84.0,568248.0,17084.15,585332.15,1211.8678053830229,0.17391304347826086
735,Epsach,330,21.0,6.4,19.4,19.7,96.8,BE,Espace Mittelland,rural,German,,,52.0,,28.0,80.0,137616.1,49217.95,186834.05,566.1637878787878,0.24242424242424243
736,Hagneck,420,28.0,6.7,20.5,21.7,228.3,BE,Espace Mittelland,intermediate,German,,,16.0,28.0,50.0,94.0,264067.95,3177.75,267245.7,636.2992857142857,0.22380952380952382
737,Hermrigen,318,19.0,6.0,19.5,28.6,93.0,BE,Espace Mittelland,rural,German,,,22.0,19.0,42.0,83.0,204114.6,232501.1,436615.7,1373.0053459119497,0.2610062893081761
738,Jens,668,26.0,3.9,19.8,24.0,145.9,BE,Espace Mittelland,intermediate,German,,,28.0,49.0,50.0,127.0,455651.1,49118.7,504769.8,755.6434131736527,0.19011976047904192
739,Ipsach,3895,508.0,13.0,18.6,25.8,2050.0,BE,Espace Mittelland,urban,German,100.0,2.6,4.0,190.0,537.0,731.0,3565695.5,357981.1,3923676.6,1007.3624133504493,0.1876765083440308
740,Ligerz,525,39.0,7.4,17.1,32.0,293.3,BE,Espace Mittelland,rural,German,,,119.0,12.0,58.0,189.0,833986.7,235847.7,1069834.4,2037.7798095238093,0.36
741,Merzligen,396,13.0,3.3,16.4,29.0,172.2,BE,Espace Mittelland,rural,German,,,10.0,7.0,33.0,50.0,373789.2,107383.85,481173.05000000005,1215.0834595959598,0.12626262626262627
742,Mörigen,890,58.0,6.5,16.6,27.1,412.0,BE,Espace Mittelland,intermediate,German,,,24.0,14.0,129.0,167.0,1937690.75,200184.5,2137875.25,2402.10702247191,0.18764044943820224
743,Nidau,7118,1835.0,25.8,20.5,22.4,4682.9,BE,Espace Mittelland,urban,German,656.0,9.2,0.0,632.0,2195.0,2827.0,4028069.55,424592.0,4452661.55,625.5495293621804,0.3971621241921888
744,Orpund,3255,739.0,22.7,20.3,22.4,819.9,BE,Espace Mittelland,intermediate,German,191.0,6.0,22.0,423.0,436.0,881.0,1453447.2,107198.2,1560645.4,479.46095238095234,0.2706605222734255
745,Port,3882,558.0,14.4,20.5,25.0,1578.0,BE,Espace Mittelland,urban,German,78.0,2.0,12.0,494.0,533.0,1039.0,3603217.7,893978.2,4497195.9,1158.4739567233387,0.2676455435342607
746,Safnern,2001,183.0,9.1,21.3,22.4,356.0,BE,Espace Mittelland,intermediate,German,56.0,2.8,33.0,243.0,267.0,543.0,1301827.35,92216.4,1394043.75,696.6735382308846,0.27136431784107945
747,Scheuren,536,58.0,10.8,24.3,19.0,254.0,BE,Espace Mittelland,intermediate,German,,,37.0,26.0,59.0,122.0,486155.55,76684.85,562840.4,1050.0753731343284,0.22761194029850745
748,Schwadernau,693,71.0,10.2,20.1,19.6,167.0,BE,Espace Mittelland,urban,German,22.0,3.2,46.0,19.0,134.0,199.0,481706.95,115841.4,597548.35,862.2631313131312,0.28715728715728717
749,Studen (BE),3463,919.0,26.5,22.7,19.2,1268.5,BE,Espace Mittelland,urban,German,195.0,5.7,46.0,614.0,1186.0,1846.0,1719152.35,135001.4,1854153.75,535.4183511406295,0.5330638174992781
750,Sutz-Lattrigen,1420,136.0,9.6,20.9,22.4,397.8,BE,Espace Mittelland,intermediate,German,45.0,3.2,40.0,130.0,474.0,644.0,1555314.45,166120.9,1721435.3499999999,1212.2784154929577,0.4535211267605634
751,Täuffelen,3071,290.0,9.4,18.1,28.1,698.0,BE,Espace Mittelland,intermediate,German,33.0,1.1,76.0,492.0,568.0,1136.0,2598846.45,267617.95,2866464.4000000004,933.3977206121785,0.36991208075545423
754,Walperswil,1020,68.0,6.7,20.8,19.5,146.6,BE,Espace Mittelland,rural,German,,,163.0,52.0,87.0,302.0,766959.45,9050.85,776010.2999999999,760.7944117647058,0.296078431372549
755,Worben,2501,255.0,10.2,19.9,25.1,906.2,BE,Espace Mittelland,urban,German,48.0,1.9,74.0,178.0,619.0,871.0,1748488.2,57535.7,1806023.9,722.1207117153139,0.3482606957217113
756,Twann-Tüscherz,1193,165.0,13.8,14.9,28.1,96.1,BE,Espace Mittelland,rural,German,14.0,1.2,97.0,46.0,200.0,343.0,1435296.2,208815.35,1644111.55,1378.1320620284996,0.2875104777870914
761,Därstetten,858,39.0,4.5,19.1,21.2,26.1,BE,Espace Mittelland,rural,German,13.0,1.5,114.0,95.0,117.0,326.0,354701.9,10305.5,365007.4,425.4165501165501,0.37995337995337997
762,Diemtigen,2271,96.0,4.2,19.7,22.3,17.5,BE,Espace Mittelland,rural,German,20.0,0.9,300.0,596.0,564.0,1460.0,814699.85,33972.45,848672.2999999999,373.6998238661382,0.6428885953324527
763,Erlenbach im Simmental,1744,117.0,6.7,18.1,24.9,47.5,BE,Espace Mittelland,rural,German,43.0,2.5,126.0,135.0,419.0,680.0,667926.6,63975.0,731901.6,419.6683486238532,0.38990825688073394
766,Oberwil im Simmental,818,29.0,3.5,19.3,27.8,17.8,BE,Espace Mittelland,rural,German,9.0,1.1,159.0,86.0,81.0,326.0,202388.75,16111.8,218500.55,267.115586797066,0.39853300733496333
767,Reutigen,1351,95.0,7.0,20.7,19.3,98.3,BE,Espace Mittelland,rural,German,22.0,1.6,82.0,84.0,154.0,320.0,715482.1,11159.05,726641.1499999999,537.8542931162101,0.23686158401184307
768,Spiez,12906,1591.0,12.3,16.8,25.6,772.8,BE,Espace Mittelland,urban,German,328.0,2.5,105.0,1045.0,4819.0,5969.0,9443881.85,675964.55,10119846.4,784.1195103052844,0.46249806291647294
769,Wimmis,2645,250.0,9.5,22.0,20.1,118.3,BE,Espace Mittelland,intermediate,German,80.0,3.1,80.0,833.0,484.0,1397.0,927215.05,54731.35,981946.4,371.2462759924386,0.5281663516068053
770,Stocken-Höfen,1021,47.0,4.6,21.4,17.2,71.8,BE,Espace Mittelland,rural,German,9.0,0.9,70.0,30.0,85.0,185.0,387300.1,7948.05,395248.14999999997,387.11865817825657,0.1811949069539667
782,Guttannen,246,25.0,10.2,13.8,37.8,1.2,BE,Espace Mittelland,rural,German,,,43.0,65.0,41.0,149.0,79304.9,2434.35,81739.25,332.2733739837398,0.6056910569105691
783,Hasliberg,1101,132.0,12.0,21.9,27.3,26.4,BE,Espace Mittelland,rural,German,9.0,0.8,122.0,59.0,749.0,930.0,289375.2,28995.45,318370.65,289.16498637602183,0.8446866485013624
784,Innertkirchen,1069,98.0,9.2,17.9,26.6,4.5,BE,Espace Mittelland,rural,German,26.0,2.4,102.0,343.0,154.0,599.0,401347.95,47049.65,448397.60000000003,419.4551917680075,0.5603367633302152
785,Meiringen,4656,857.0,18.4,18.3,23.2,114.6,BE,Espace Mittelland,intermediate,German,108.0,2.3,150.0,580.0,2031.0,2761.0,2159710.05,244963.4,2404673.4499999997,516.4676653780068,0.5929982817869416
786,Schattenhalb,570,79.0,13.9,17.5,21.9,18.1,BE,Espace Mittelland,intermediate,German,,,38.0,87.0,505.0,630.0,200262.0,15045.7,215307.7,377.7328070175439,1.105263157894737
791,Boltigen,1275,83.0,6.5,18.7,26.1,16.5,BE,Espace Mittelland,rural,German,23.0,1.9,205.0,85.0,160.0,450.0,382130.45,11545.75,393676.2,308.76564705882356,0.35294117647058826
792,Lenk,2276,307.0,13.5,18.9,26.9,18.5,BE,Espace Mittelland,rural,German,17.0,0.8,275.0,348.0,1133.0,1756.0,1002129.9,108031.45,1110161.35,487.76860720562394,0.7715289982425307
793,St. Stephan,1319,96.0,7.3,19.7,24.6,21.7,BE,Espace Mittelland,rural,German,10.0,0.8,232.0,183.0,198.0,613.0,358475.9,18620.7,377096.60000000003,285.89583017437457,0.46474601971190294
794,Zweisimmen,3083,424.0,13.8,17.0,27.1,42.2,BE,Espace Mittelland,rural,German,21.0,0.7,222.0,287.0,1366.0,1875.0,1470592.6,389424.75,1860017.35,603.3140934155044,0.6081738566331495
8,Maschwanden,644,79.0,12.3,22.0,18.2,137.3,ZH,Zurich,rural,German,9.0,1.4,49.0,54.0,78.0,181.0,595810.3,66759.25,662569.55,1028.8347049689442,0.281055900621118
81,Bachs,636,78.0,12.3,18.4,21.1,69.7,ZH,Zurich,rural,German,,,70.0,45.0,124.0,239.0,580666.3,26182.2,606848.5,954.1643081761006,0.3757861635220126
82,Boppelsen,1454,188.0,12.9,21.9,19.5,367.2,ZH,Zurich,rural,German,6.0,0.4,163.0,12.0,148.0,323.0,4003391.05,856158.55,4859549.6,3342.193672627235,0.2221458046767538
83,Buchs (ZH),6628,1758.0,26.5,20.5,15.0,1134.9,ZH,Zurich,urban,German,127.0,1.9,198.0,291.0,2208.0,2697.0,6340610.55,968628.95,7309239.5,1102.7820609535304,0.40691007845503924
84,Dällikon,4271,1311.0,30.7,21.4,16.7,947.0,ZH,Zurich,urban,German,89.0,2.1,69.0,1307.0,1491.0,2867.0,3339183.2,578567.7,3917750.9000000004,917.2912432685555,0.6712713650199017
841,Gsteig,1003,228.0,22.7,18.0,19.6,16.1,BE,Espace Mittelland,rural,German,9.0,0.9,96.0,90.0,219.0,405.0,2780510.4,646592.1,3427102.5,3416.8519441674975,0.4037886340977069
842,Lauenen,851,111.0,13.0,21.9,22.7,14.5,BE,Espace Mittelland,rural,German,,,160.0,83.0,245.0,488.0,554492.75,940748.55,1495241.3,1757.0403055229142,0.5734430082256169
843,Saanen,6929,2191.0,31.6,17.1,22.5,57.7,BE,Espace Mittelland,intermediate,German,52.0,0.8,454.0,1391.0,5086.0,6931.0,9575423.1,17624371.55,27199794.65,3925.5007432529947,1.000288641939674
85,Dänikon,1865,493.0,26.4,21.1,16.2,649.8,ZH,Zurich,intermediate,German,26.0,1.4,56.0,179.0,179.0,414.0,1847801.6,577909.0,2425710.6,1300.6491152815013,0.22198391420911529
852,Guggisberg,1478,51.0,3.5,20.2,22.4,26.9,BE,Espace Mittelland,rural,German,32.0,2.2,271.0,80.0,206.0,557.0,438595.85,10164.25,448760.1,303.62658998646816,0.37686062246278756
853,Rüschegg,1706,80.0,4.7,19.1,25.4,29.8,BE,Espace Mittelland,rural,German,39.0,2.3,151.0,100.0,208.0,459.0,746073.55,36479.2,782552.75,458.706184056272,0.2690504103165299
855,Schwarzenburg,6767,458.0,6.8,17.7,25.2,151.0,BE,Espace Mittelland,intermediate,German,169.0,2.5,519.0,975.0,1753.0,3247.0,3363528.7,115869.05,3479397.75,514.1713831830945,0.47982857987291266
86,Dielsdorf,6151,2086.0,33.9,19.8,17.9,1047.9,ZH,Zurich,intermediate,German,87.0,1.4,25.0,704.0,3912.0,4641.0,4930631.3,852472.35,5783103.649999999,940.1891806210372,0.7545114615509674
861,Belp,11578,1826.0,15.8,19.6,23.0,497.8,BE,Espace Mittelland,intermediate,German,533.0,4.6,256.0,1268.0,3847.0,5371.0,8794145.9,527562.85,9321708.75,805.1225384349628,0.4638970461219554
863,Burgistein,1098,35.0,3.2,17.4,21.7,145.8,BE,Espace Mittelland,rural,German,18.0,1.6,97.0,104.0,106.0,307.0,695518.4,39115.95,734634.35,669.0658925318761,0.2795992714025501
866,Gerzensee,1266,70.0,5.5,20.9,19.0,162.1,BE,Espace Mittelland,rural,German,9.0,0.7,84.0,35.0,211.0,330.0,1431069.15,431406.55,1862475.7,1471.149842022117,0.26066350710900477
867,Gurzelen,889,24.0,2.7,23.7,16.4,196.7,BE,Espace Mittelland,intermediate,German,9.0,1.0,81.0,22.0,47.0,150.0,363951.65,2105.25,366056.9,411.76254218222726,0.1687289088863892
868,Jaberg,315,8.0,2.5,23.5,12.1,240.5,BE,Espace Mittelland,intermediate,German,,,17.0,49.0,20.0,86.0,187481.85,0.0,187481.85,595.1804761904762,0.273015873015873
869,Kaufdorf,1124,90.0,8.0,22.8,18.3,545.6,BE,Espace Mittelland,intermediate,German,19.0,1.8,20.0,44.0,107.0,171.0,771705.7,66434.75,838140.45,745.6765569395018,0.152135231316726
87,Hüttikon,959,161.0,16.8,26.7,13.9,603.1,ZH,Zurich,intermediate,German,,,16.0,25.0,67.0,108.0,1261368.25,305184.0,1566552.25,1633.5268508863398,0.11261730969760167
870,Kehrsatz,4474,1246.0,27.8,22.8,20.8,1007.7,BE,Espace Mittelland,urban,German,403.0,9.0,39.0,177.0,868.0,1084.0,3833614.15,619544.9,4453159.05,995.3417635225749,0.24228877961555656
872,Kirchdorf (BE),1820,115.0,6.3,18.0,19.6,124.5,BE,Espace Mittelland,rural,German,25.0,1.4,242.0,102.0,229.0,573.0,1341766.35,166452.15,1508218.5,828.6914835164836,0.3148351648351648
877,Niedermuhlern,509,24.0,4.7,18.1,20.8,70.1,BE,Espace Mittelland,rural,German,10.0,1.9,93.0,11.0,60.0,164.0,316570.45,5546.15,322116.60000000003,632.842043222004,0.32220039292730845
879,Riggisberg,3086,176.0,5.7,19.2,23.8,89.4,BE,Espace Mittelland,intermediate,German,69.0,2.2,194.0,294.0,1399.0,1887.0,1816017.65,69641.9,1885659.5499999998,611.0367952041477,0.6114711600777706
88,Neerach,3314,433.0,13.1,16.8,22.2,548.7,ZH,Zurich,intermediate,German,26.0,0.8,34.0,68.0,563.0,665.0,8145615.45,2077520.85,10223136.3,3084.8329209414605,0.20066385033192516
880,Rüeggisberg,1787,93.0,5.2,17.3,23.2,49.9,BE,Espace Mittelland,rural,German,21.0,1.2,282.0,80.0,225.0,587.0,705314.7,30947.35,736262.0499999999,412.0101007274762,0.3284834918858422
883,Seftigen,2161,183.0,8.5,18.6,24.0,555.5,BE,Espace Mittelland,intermediate,German,98.0,4.6,118.0,231.0,466.0,815.0,1111400.15,79587.1,1190987.25,551.1278343359555,0.3771402128644146
884,Toffen,2611,312.0,11.9,20.0,24.0,535.0,BE,Espace Mittelland,intermediate,German,72.0,2.7,36.0,49.0,414.0,499.0,1780240.55,206258.7,1986499.25,760.8193220988127,0.19111451551129835
885,Uttigen,2173,151.0,6.9,20.9,20.7,570.3,BE,Espace Mittelland,intermediate,German,49.0,2.2,46.0,95.0,210.0,351.0,1489963.3,31589.3,1521552.6,700.2082834790613,0.16152784169351128
886,Wattenwil,3165,158.0,5.0,21.5,22.0,217.7,BE,Espace Mittelland,intermediate,German,92.0,3.0,93.0,204.0,749.0,1046.0,1426457.4,45646.55,1472103.95,465.1197314375987,0.33048973143759874
888,Wald (BE),1176,82.0,7.0,19.2,24.0,88.4,BE,Espace Mittelland,rural,German,,,146.0,36.0,446.0,628.0,983927.65,26300.9,1010228.55,859.0378826530613,0.5340136054421769
889,Thurnen,2013,128.0,6.4,19.9,22.5,338.3,BE,Espace Mittelland,intermediate,German,33.0,1.6,80.0,80.0,181.0,341.0,1197855.5,55145.75,1253001.25,622.4546696472926,0.16939890710382513
89,Niederglatt,5180,1389.0,26.8,20.0,16.5,1438.9,ZH,Zurich,urban,German,58.0,1.2,41.0,360.0,1374.0,1775.0,4074276.4,614136.7,4688413.1,905.099054054054,0.34266409266409265
9,Mettmenstetten,5635,897.0,15.9,23.5,18.5,432.5,ZH,Zurich,intermediate,German,88.0,1.6,152.0,559.0,1048.0,1759.0,8032128.15,1484368.4,9516496.55,1688.8192635314997,0.3121561668145519
90,Niederhasli,9497,2595.0,27.3,22.2,16.5,840.4,ZH,Zurich,urban,German,223.0,2.4,56.0,832.0,1592.0,2480.0,7198302.35,1135827.5,8334129.85,877.5539486153522,0.2611350952932505
901,Eggiwil,2443,46.0,1.9,23.9,21.7,40.5,BE,Espace Mittelland,rural,German,19.0,0.8,479.0,362.0,464.0,1305.0,576999.75,34235.75,611235.5,250.19873106835857,0.5341792877609497
902,Langnau im Emmental,9337,748.0,8.0,19.4,23.7,193.1,BE,Espace Mittelland,intermediate,German,324.0,3.5,449.0,1308.0,4429.0,6186.0,4104435.0,186956.6,4291391.6,459.6113955231873,0.662525436435686
903,Lauperswil,2704,113.0,4.2,19.4,21.9,127.6,BE,Espace Mittelland,rural,German,54.0,2.0,234.0,521.0,571.0,1326.0,1066936.3,14427.7,1081364.0,399.91272189349115,0.49038461538461536
904,Röthenbach im Emmental,1164,24.0,2.1,21.3,21.1,31.6,BE,Espace Mittelland,rural,German,16.0,1.4,273.0,150.0,192.0,615.0,394233.3,6026.65,400259.95,343.86593642611683,0.5283505154639175
905,Rüderswil,2425,94.0,3.9,20.9,21.3,140.9,BE,Espace Mittelland,rural,German,50.0,2.1,206.0,224.0,354.0,784.0,1091836.05,25274.5,1117110.55,460.66414432989694,0.32329896907216493
906,Schangnau,915,35.0,3.8,23.6,21.1,25.1,BE,Espace Mittelland,rural,German,8.0,0.9,222.0,110.0,233.0,565.0,270653.45,6937.15,277590.60000000003,303.3777049180328,0.6174863387978142
907,Signau,2652,128.0,4.8,18.4,24.1,119.8,BE,Espace Mittelland,rural,German,71.0,2.7,277.0,427.0,316.0,1020.0,874315.65,18710.5,893026.15,336.736858974359,0.38461538461538464
908,Trub,1322,36.0,2.7,22.8,19.4,21.3,BE,Espace Mittelland,rural,German,21.0,1.6,330.0,162.0,144.0,636.0,318451.1,7703.5,326154.6,246.7130105900151,0.481089258698941
909,Trubschachen,1497,139.0,9.3,19.6,25.1,95.7,BE,Espace Mittelland,rural,German,57.0,3.8,127.0,641.0,228.0,996.0,412027.1,20730.15,432757.25,289.0829993319973,0.6653306613226453
91,Niederweningen,3082,541.0,17.6,21.9,16.5,449.9,ZH,Zurich,intermediate,German,32.0,1.0,50.0,357.0,494.0,901.0,3943650.35,1043875.1,4987525.45,1618.2756164828033,0.29234263465282284
92,Oberglatt,7520,2856.0,38.0,21.7,12.0,911.5,ZH,Zurich,urban,German,197.0,2.6,19.0,1042.0,973.0,2034.0,3846412.1,641102.75,4487514.85,596.7439960106383,0.27047872340425533
921,Amsoldingen,788,28.0,3.6,18.1,22.8,167.3,BE,Espace Mittelland,rural,German,7.0,0.9,33.0,27.0,61.0,121.0,504222.4,39235.8,543458.2000000001,689.667766497462,0.15355329949238578
922,Blumenstein,1267,46.0,3.6,19.8,25.7,81.6,BE,Espace Mittelland,intermediate,German,42.0,3.3,58.0,139.0,141.0,338.0,578941.45,24139.3,603080.75,475.99112075769534,0.26677190213101815
923,Buchholterberg,1536,35.0,2.3,20.6,21.2,100.2,BE,Espace Mittelland,rural,German,15.0,1.0,174.0,69.0,240.0,483.0,742698.05,21426.25,764124.3,497.4767578125,0.314453125
924,Eriz,478,10.0,2.1,18.0,23.8,21.9,BE,Espace Mittelland,rural,German,11.0,2.3,93.0,19.0,74.0,186.0,145816.85,0.0,145816.85,305.05617154811716,0.3891213389121339
925,Fahrni,813,20.0,2.5,21.5,21.0,121.7,BE,Espace Mittelland,rural,German,,,98.0,30.0,96.0,224.0,520363.9,18677.45,539041.35,663.0274907749077,0.27552275522755226
927,Heiligenschwendi,756,79.0,10.4,18.9,24.9,136.2,BE,Espace Mittelland,rural,German,6.0,0.8,46.0,14.0,569.0,629.0,310325.2,54569.8,364895.0,482.6653439153439,0.832010582010582
928,Heimberg,7020,884.0,12.6,19.8,21.3,1290.4,BE,Espace Mittelland,urban,German,224.0,3.2,25.0,679.0,1696.0,2400.0,3769205.2,310057.0,4079262.2,581.0914814814815,0.3418803418803419
929,Hilterfingen,4056,361.0,8.9,16.9,28.9,1443.4,BE,Espace Mittelland,urban,German,60.0,1.5,7.0,135.0,834.0,976.0,6249845.7,751504.65,7001350.350000001,1726.1711908284026,0.2406311637080868
93,Oberweningen,1883,440.0,23.4,19.3,18.2,381.2,ZH,Zurich,intermediate,German,27.0,1.4,31.0,36.0,191.0,258.0,2441747.05,499767.55,2941514.5999999996,1562.1426447158788,0.1370154009559214
931,Homberg,501,11.0,2.2,25.7,15.4,77.0,BE,Espace Mittelland,rural,German,7.0,1.4,87.0,20.0,72.0,179.0,185329.15,4168.65,189497.8,378.239121756487,0.35728542914171657
932,Horrenbach-Buchen,231,4.0,1.7,23.4,19.5,11.3,BE,Espace Mittelland,rural,German,,,58.0,31.0,16.0,105.0,37750.75,0.0,37750.75,163.42316017316017,0.45454545454545453
934,Oberhofen am Thunersee,2465,312.0,12.7,15.1,34.1,909.6,BE,Espace Mittelland,urban,German,31.0,1.3,25.0,70.0,731.0,826.0,3737179.95,508021.15,4245201.100000001,1722.1911156186616,0.33509127789046655
935,Oberlangenegg,465,6.0,1.3,25.2,19.1,50.8,BE,Espace Mittelland,rural,German,6.0,1.3,95.0,59.0,121.0,275.0,147715.6,0.0,147715.6,317.66795698924733,0.5913978494623656
936,Pohlern,230,13.0,5.7,20.0,22.2,23.3,BE,Espace Mittelland,rural,German,,,25.0,12.0,25.0,62.0,91915.9,23026.45,114942.34999999999,499.74934782608693,0.26956521739130435
938,Sigriswil,4878,551.0,11.3,13.1,34.1,88.0,BE,Espace Mittelland,intermediate,German,56.0,1.2,275.0,182.0,1420.0,1877.0,3489778.5,548256.8,4038035.3,827.8055145551455,0.3847888478884789
939,Steffisburg,16071,1754.0,10.9,17.8,24.9,1085.1,BE,Espace Mittelland,urban,German,382.0,2.4,137.0,1730.0,4488.0,6355.0,10614656.3,956681.8,11571338.100000001,720.0135710285608,0.39543276709601144
94,Otelfingen,2946,664.0,22.5,22.7,16.5,412.0,ZH,Zurich,intermediate,German,23.0,0.8,93.0,511.0,1809.0,2413.0,3437654.25,540608.9,3978263.15,1350.3948234894772,0.8190767141887305
940,Teuffenthal (BE),158,0.0,0.0,16.5,23.4,34.9,BE,Espace Mittelland,rural,German,,,30.0,,31.0,61.0,52892.7,0.0,52892.7,334.7639240506329,0.3860759493670886
941,Thierachern,2539,140.0,5.5,22.0,20.4,337.2,BE,Espace Mittelland,intermediate,German,44.0,1.7,74.0,73.0,330.0,477.0,1790156.6,102525.95,1892682.55,745.4440921622686,0.18786923985821188
942,Thun,43670,6581.0,15.1,16.6,25.0,2024.6,BE,Espace Mittelland,urban,German,1505.0,3.4,77.0,5906.0,22793.0,28776.0,29879187.15,2869404.5,32748591.65,749.9105026333867,0.6589420654911838
943,Uebeschi,720,22.0,3.1,23.1,20.3,162.9,BE,Espace Mittelland,rural,German,10.0,1.4,75.0,56.0,103.0,234.0,301640.75,6839.15,308479.9,428.4443055555556,0.325
944,Uetendorf,5858,425.0,7.3,19.1,27.0,576.0,BE,Espace Mittelland,intermediate,German,166.0,2.8,117.0,1307.0,2133.0,3557.0,3491998.8,466804.5,3958803.3,675.7943496073744,0.607203823830659
945,Unterlangenegg,1092,22.0,2.0,22.9,18.2,160.6,BE,Espace Mittelland,rural,German,7.0,0.6,95.0,94.0,158.0,347.0,381535.55,3210.45,384746.0,352.33150183150184,0.31776556776556775
946,Wachseldorn,224,9.0,4.0,18.8,25.9,63.8,BE,Espace Mittelland,rural,German,,,58.0,,19.0,77.0,63330.8,0.0,63330.8,282.7267857142857,0.34375
948,Forst-Längenbühl,766,21.0,2.7,22.3,19.6,170.2,BE,Espace Mittelland,intermediate,German,,,68.0,35.0,72.0,175.0,339462.55,20551.9,360014.45,469.9927545691906,0.22845953002610966
95,Regensberg,464,82.0,17.7,18.1,21.3,195.8,ZH,Zurich,intermediate,German,,,19.0,8.0,285.0,312.0,811238.6,135545.3,946783.8999999999,2040.482543103448,0.6724137931034483
951,Affoltern im Emmental,1181,52.0,4.4,17.5,22.0,102.6,BE,Espace Mittelland,rural,German,12.0,1.0,150.0,160.0,183.0,493.0,393789.75,14589.55,408379.3,345.79110922946654,0.4174428450465707
952,Dürrenroth,1076,64.0,5.9,23.3,20.8,76.2,BE,Espace Mittelland,rural,German,17.0,1.6,173.0,72.0,188.0,433.0,283859.55,7707.1,291566.64999999997,270.9727230483271,0.4024163568773234
953,Eriswil,1356,56.0,4.1,20.6,23.5,119.6,BE,Espace Mittelland,rural,German,34.0,2.5,158.0,71.0,152.0,381.0,332150.95,9256.9,341407.85000000003,251.77570058997054,0.2809734513274336
954,Huttwil,5069,726.0,14.3,19.9,22.7,294.0,BE,Espace Mittelland,intermediate,German,225.0,4.5,193.0,1327.0,1727.0,3247.0,2058788.8,54728.7,2113517.5,416.9495955809824,0.6405602682974946
955,Lützelflüh,4366,351.0,8.0,20.4,22.2,162.5,BE,Espace Mittelland,rural,German,128.0,3.0,321.0,603.0,657.0,1581.0,1893361.75,389485.55,2282847.3,522.869285387082,0.36211635364177736
956,Rüegsau,3255,182.0,5.6,19.0,23.8,216.1,BE,Espace Mittelland,intermediate,German,47.0,1.4,174.0,469.0,658.0,1301.0,1543777.85,691630.85,2235408.7,686.7615053763442,0.39969278033794164
957,Sumiswald,5038,348.0,6.9,19.5,24.6,84.9,BE,Espace Mittelland,rural,German,137.0,2.7,445.0,1137.0,1403.0,2985.0,1896742.0,68678.85,1965420.85,390.11926359666535,0.592497022628027
958,Trachselwald,921,25.0,2.7,20.7,25.2,57.7,BE,Espace Mittelland,rural,German,11.0,1.2,175.0,46.0,143.0,364.0,286395.85,11954.55,298350.39999999997,323.9418023887079,0.3952225841476656
959,Walterswil (BE),526,16.0,3.0,20.0,21.3,66.8,BE,Espace Mittelland,rural,German,,,120.0,45.0,42.0,207.0,141321.6,1937.55,143259.15,272.35579847908747,0.3935361216730038
96,Regensdorf,18739,6676.0,35.6,20.6,17.3,1281.7,ZH,Zurich,urban,German,615.0,3.3,109.0,2334.0,7745.0,10188.0,15934308.0,2568462.35,18502770.35,987.3936896312504,0.5436789583222157
960,Wyssachen,1105,75.0,6.8,20.7,22.0,94.5,BE,Espace Mittelland,rural,German,17.0,1.5,150.0,302.0,136.0,588.0,247293.4,11313.95,258607.35,234.03380090497737,0.5321266968325792
97,Rümlang,8186,2484.0,30.3,21.5,15.9,659.6,ZH,Zurich,intermediate,German,152.0,1.8,87.0,1970.0,4648.0,6705.0,6653902.75,907358.6,7561261.35,923.6820608355729,0.8190813584168092
971,Attiswil,1549,161.0,10.4,17.9,22.9,202.5,BE,Espace Mittelland,rural,German,33.0,2.2,62.0,56.0,297.0,415.0,892660.35,55308.45,947968.7999999999,611.9876049063912,0.2679147837314396
972,Berken,47,3.0,6.4,10.6,23.4,33.8,BE,Espace Mittelland,rural,German,,,14.0,9.0,20.0,43.0,17584.55,0.0,17584.55,374.13936170212764,0.9148936170212766
973,Bettenhausen,679,35.0,5.2,16.2,27.4,172.3,BE,Espace Mittelland,rural,German,11.0,1.7,40.0,33.0,37.0,110.0,277866.25,28627.35,306493.6,451.38969072164946,0.16200294550810015
975,Farnern,228,12.0,5.3,19.7,22.4,62.0,BE,Espace Mittelland,rural,German,,,19.0,,41.0,60.0,120812.05,8110.1,128922.15000000001,565.4480263157895,0.2631578947368421
976,Graben,334,27.0,8.1,22.2,18.9,105.7,BE,Espace Mittelland,rural,German,,,22.0,,42.0,64.0,92218.95,16473.8,108692.75,325.4273952095808,0.19161676646706588
977,Heimenhausen,1178,92.0,7.8,20.3,19.5,201.7,BE,Espace Mittelland,rural,German,14.0,1.2,38.0,61.0,90.0,189.0,575030.9,31633.55,606664.4500000001,514.9952886247878,0.16044142614601017
979,Herzogenbuchsee,7291,1418.0,19.4,20.2,22.3,742.5,BE,Espace Mittelland,urban,German,361.0,4.9,31.0,1450.0,2692.0,4173.0,4321984.35,297787.7,4619772.05,633.6266698669592,0.5723494719517213
98,Schleinikon,863,117.0,13.6,16.8,17.6,151.9,ZH,Zurich,intermediate,German,,,39.0,38.0,59.0,136.0,872162.75,83663.35,955826.1,1107.562108922364,0.15758980301274622
980,Inkwil,696,40.0,5.7,16.1,24.3,205.9,BE,Espace Mittelland,rural,German,10.0,1.5,15.0,71.0,42.0,128.0,372084.65,18251.9,390336.55000000005,560.8283764367817,0.1839080459770115
981,Niederbipp,5185,1365.0,26.3,19.6,18.7,262.3,BE,Espace Mittelland,urban,German,178.0,3.5,276.0,628.0,2402.0,3306.0,2676999.8,285493.55,2962493.3499999996,571.3584088717454,0.6376084860173578
982,Niederönz,1769,164.0,9.3,19.3,22.2,634.1,BE,Espace Mittelland,urban,German,47.0,2.7,19.0,740.0,175.0,934.0,844596.2,33074.2,877670.3999999999,496.1392877331825,0.5279819106840022
983,Oberbipp,1826,318.0,17.4,20.8,17.3,216.1,BE,Espace Mittelland,rural,German,60.0,3.3,40.0,243.0,599.0,882.0,1244829.1,19712.3,1264541.4000000001,692.5199342825849,0.4830230010952902
985,Ochlenberg,536,22.0,4.1,18.5,25.9,44.2,BE,Espace Mittelland,rural,German,,,144.0,9.0,36.0,189.0,165947.25,4049.6,169996.85,317.15830223880596,0.35261194029850745
987,Rumisberg,510,35.0,6.9,19.4,23.1,99.2,BE,Espace Mittelland,rural,German,,,25.0,11.0,44.0,80.0,379975.0,49644.5,429619.5,842.3911764705882,0.1568627450980392
988,Seeberg,1599,103.0,6.4,19.1,21.1,95.2,BE,Espace Mittelland,rural,German,11.0,0.7,157.0,88.0,238.0,483.0,710178.15,61238.2,771416.35,482.436741713571,0.30206378986866794
989,Thörigen,1196,110.0,9.2,20.3,17.5,262.9,BE,Espace Mittelland,rural,German,31.0,2.6,46.0,153.0,172.0,371.0,613787.75,53807.05,667594.8,558.1896321070235,0.3102006688963211
99,Schöfflisdorf,1361,230.0,16.9,18.8,22.8,339.4,ZH,Zurich,intermediate,German,10.0,0.7,17.0,19.0,296.0,332.0,1816342.85,430382.9,2246725.75,1650.7904114621601,0.24393828067597356
990,Walliswil bei Niederbipp,226,24.0,10.6,16.4,25.7,153.7,BE,Espace Mittelland,rural,German,,,12.0,28.0,46.0,86.0,122849.4,5484.45,128333.84999999999,567.8488938053097,0.3805309734513274
991,Walliswil bei Wangen,615,33.0,5.4,18.9,19.3,200.3,BE,Espace Mittelland,rural,German,10.0,1.6,21.0,9.0,86.0,116.0,489660.1,4172.95,493833.05,802.9805691056911,0.1886178861788618
992,Wangen an der Aare,2796,406.0,14.5,18.7,20.6,343.9,BE,Espace Mittelland,rural,German,64.0,2.3,71.0,280.0,861.0,1212.0,2022070.4,136875.7,2158946.1,772.1552575107296,0.4334763948497854
995,Wiedlisbach,2550,444.0,17.4,19.6,19.2,340.0,BE,Espace Mittelland,rural,German,80.0,3.2,96.0,363.0,865.0,1324.0,1291756.65,108496.7,1400253.3499999999,549.1189607843137,0.5192156862745098
