Swiss Stats Map Explorer; ; ; ; ; ; ; ; ; 
Référentiel géographique : Communes 06.04.2025; ; ; ; ; ; ; ; ; 
Code;Libellé;Population résidante permanente étrangère 2022;Part de la population résidante permanente étrangère 2022;Population résidante permanente 2022;Nombre de personnes de moins de 20 ans 2022;Nombre de personnes de 65 ans ou plus 2022;Part de personnes des 65 ans ou plus 2022;Part de personnes de moins de 20 ans 2022;Densité de la population (surface totale) 2022
1;Aeugst am Albis;294;14.8;1991;374;406;20.4;18.8;251.7
10;Obfelden;1242;21.5;5787;1358;1014;17.5;23.5;767.5
100;Stadel;317;13.5;2349;472;419;17.8;20.1;182.2
1001;Doppleschwand;34;4.2;806;196;127;15.8;24.3;116
1002;Entlebuch;231;7.1;3267;692;621;19;21.2;57.4
1004;Flühli;222;12.4;1785;349;378;21.2;19.6;16.5
1005;Hasle (LU);50;2.9;1730;376;313;18.1;21.7;42.9
1007;Romoos;22;3.4;638;147;130;20.4;23;17.1
1008;Schüpfheim;323;7.6;4269;971;866;20.3;22.7;111.2
1009;Werthenstein;312;14.4;2168;507;342;15.8;23.4;137.2
101;Steinmaur;991;27.4;3613;723;659;18.2;20;384.8
1010;Escholzmatt-Marbach;243;5.5;4405;877;968;22;19.9;41.4
102;Weiach;526;25.3;2077;399;280;13.5;19.2;216.8
1021;Aesch (LU);194;14.4;1350;269;253;18.7;19.9;292.8
1023;Ballwil;220;8.2;2668;591;495;18.6;22.2;304.2
1024;Emmen;11783;37.3;31573;6349;5601;17.7;20.1;1550
1025;Ermensee;118;11.7;1012;227;161;15.9;22.4;177.9
1026;Eschenbach (LU);472;12.5;3777;803;695;18.4;21.3;285.9
1030;Hitzkirch;987;16.5;5975;1299;1058;17.7;21.7;216.5
1031;Hochdorf;2199;22.2;9911;2175;1908;19.3;21.9;1029.2
1032;Hohenrain;212;8.7;2435;568;435;17.9;23.3;104.8
1033;Inwil;385;13.3;2897;672;407;14;23.2;280.7
1037;Rain;216;7.2;2984;752;434;14.5;25.2;316.8
1039;Römerswil;165;9.3;1770;430;277;15.6;24.3;106.6
1040;Rothenburg;912;11.6;7859;1710;1562;19.9;21.8;507.4
1041;Schongau;81;7.6;1068;242;170;15.9;22.7;85.9
1051;Adligenswil;664;12.1;5504;1196;1347;24.5;21.7;787.4
1052;Buchrain;1469;22.2;6621;1485;1050;15.9;22.4;1379.4
1053;Dierikon;319;19.8;1609;366;231;14.4;22.7;578.8
1054;Ebikon;3472;24;14469;3001;2734;18.9;20.7;1494.7
1055;Gisikon;313;21.4;1460;322;188;12.9;22.1;1351.9
1056;Greppen;239;20;1196;248;198;16.6;20.7;360.2
1058;Horw;2643;17.6;15043;2804;3247;21.6;18.6;1169.8
1059;Kriens;6358;21.9;28983;5466;6099;21;18.9;1061.6
1061;Luzern;21303;25.4;83840;13666;16259;19.4;16.3;2880.1
1062;Malters;1085;14.1;7691;1621;1228;16;21.1;269.2
1063;Meggen;1403;18.2;7716;1350;2099;27.2;17.5;1061.3
1064;Meierskappel;281;17.6;1596;394;240;15;24.7;235.1
1065;Root;1613;26.8;6010;1317;789;13.1;21.9;607.1
1066;Schwarzenberg;155;8.6;1796;419;320;17.8;23.3;45.7
1067;Udligenswil;318;13;2455;534;498;20.3;21.8;394.7
1068;Vitznau;431;29.5;1461;227;351;24;15.5;163.8
1069;Weggis;1197;26.2;4570;669;1223;26.8;14.6;387.6
1081;Beromünster;834;12.4;6701;1579;1086;16.2;23.6;159.1
1082;Büron;726;26.8;2714;589;392;14.4;21.7;505.4
1083;Buttisholz;422;12.3;3421;837;547;16;24.5;204.7
1084;Eich;110;6.8;1623;281;365;22.5;17.3;273.2
1085;Geuensee;613;21.3;2878;701;463;16.1;24.4;444.8
1086;Grosswangen;378;11.7;3221;781;524;16.3;24.2;163.5
1088;Hildisrieden;223;9.1;2445;520;508;20.8;21.3;347.3
1089;Knutwil;259;10.9;2373;522;386;16.3;22;243.6
1091;Mauensee;140;9.1;1543;314;224;14.5;20.3;213.7
1093;Neuenkirch;822;11.4;7183;1581;1199;16.7;22;281.9
1094;Nottwil;508;12.4;4091;981;595;14.5;24;396
1095;Oberkirch;592;11.7;5068;1157;761;15;22.8;556.9
1097;Rickenbach (LU);675;18.9;3564;816;574;16.1;22.9;300.8
1098;Ruswil;797;10.9;7305;1640;1286;17.6;22.5;161.4
1099;Schenkon;236;7.7;3076;655;525;17.1;21.3;456.4
11;Ottenbach;424;14.8;2858;602;616;21.6;21.1;569.3
1100;Schlierbach;82;8.3;986;258;140;14.2;26.2;137.5
1102;Sempach;360;8.7;4131;959;823;19.9;23.2;463.6
1103;Sursee;1842;17.5;10519;1977;1973;18.8;18.8;1804.3
1104;Triengen;1273;26.8;4748;1058;785;16.5;22.3;214.9
1107;Wolhusen;989;22.2;4446;1011;765;17.2;22.7;311.1
111;Bäretswil;550;10.8;5098;1088;1098;21.5;21.3;229.7
112;Bubikon;844;11.3;7496;1636;1558;20.8;21.8;645.7
1121;Alberswil;84;12.3;683;141;79;11.6;20.6;193.5
1122;Altbüron;108;10.5;1029;224;173;16.8;21.8;152.4
1123;Altishofen;352;17.5;2006;482;259;12.9;24;140.1
1125;Dagmersellen;1051;18.1;5807;1263;918;15.8;21.7;243.3
1127;Egolzwil;186;11.5;1624;328;241;14.8;20.2;388.5
1128;Ettiswil;310;10.9;2853;684;444;15.6;24;226.8
1129;Fischbach;89;12.7;702;141;113;16.1;20.1;87.2
113;Dürnten;1461;18.8;7779;1654;1446;18.6;21.3;761.2
1131;Grossdietwil;100;11.4;876;157;153;17.5;17.9;85.9
1132;Hergiswil bei Willisau;130;6.8;1910;446;365;19.1;23.4;60.9
1135;Luthern;73;5.8;1248;275;247;19.8;22;33.1
1136;Menznau;375;12.3;3056;688;529;17.3;22.5;100.7
1137;Nebikon;864;31.2;2766;630;419;15.1;22.8;741.6
1139;Pfaffnau;462;17;2714;553;481;17.7;20.4;153.5
114;Fischenthal;414;15.9;2606;580;438;16.8;22.3;86.2
1140;Reiden;2034;27.4;7415;1568;1279;17.2;21.1;274.3
1142;Roggliswil;44;5.7;768;169;104;13.5;22;123.7
1143;Schötz;958;20;4786;1164;623;13;24.3;313.4
1145;Ufhusen;70;7.5;934;195;157;16.8;20.9;76.5
1146;Wauwil;580;22.7;2558;530;417;16.3;20.7;864.2
1147;Wikon;280;18.8;1486;326;281;18.9;21.9;179.5
115;Gossau (ZH);1612;15.6;10336;2133;2125;20.6;20.6;566
1150;Zell (LU);324;15.3;2119;444;412;19.4;21;152.3
1151;Willisau;1270;13.9;9108;2020;1840;20.2;22.2;192.9
116;Grüningen;557;14.5;3845;803;728;18.9;20.9;437.4
117;Hinwil;2061;17.8;11576;2263;2395;20.7;19.5;519.6
118;Rüti (ZH);3310;26.1;12701;2530;2520;19.8;19.9;1262.5
119;Seegräben;208;14.6;1422;288;261;18.4;20.3;377.2
12;Rifferswil;114;9.9;1149;302;209;18.2;26.3;176.5
120;Wald (ZH);2728;26.4;10343;2076;1922;18.6;20.1;409.3
1201;Altdorf (UR);1686;17.1;9880;1881;2155;21.8;19;967.7
1202;Andermatt;429;27.9;1538;208;356;23.1;13.5;24.7
1203;Attinghausen;106;6;1765;428;293;16.6;24.2;37.6
1205;Bürglen (UR);248;6.4;3877;777;799;20.6;20;73.1
1206;Erstfeld;864;22.3;3866;776;916;23.7;20.1;65.4
1207;Flüelen;295;14.6;2020;361;434;21.5;17.9;163.2
1208;Göschenen;113;25.4;445;60;132;29.7;13.5;4.3
1209;Gurtnellen;41;8.3;496;74;146;29.4;14.9;6
121;Wetzikon (ZH);7107;27.3;26018;5263;4656;17.9;20.2;1547.8
1210;Hospental;36;20.1;179;25;43;24;14;5.1
1211;Isenthal;9;1.9;467;103;94;20.1;22.1;7.7
1212;Realp;28;18.3;153;18;51;33.3;11.8;2
1213;Schattdorf;574;10.5;5453;1141;1205;22.1;20.9;333.9
1214;Seedorf (UR);160;7.8;2051;518;378;18.4;25.3;106.3
1215;Seelisberg;120;16.8;715;107;208;29.1;15;53.8
1216;Silenen;160;7.8;2041;381;450;22;18.7;14.1
1217;Sisikon;97;25.4;382;74;68;17.8;19.4;23.2
1218;Spiringen;17;2;858;187;176;20.5;21.8;13.3
1219;Unterschächen;8;1.1;715;172;139;19.4;24.1;8.9
1220;Wassen;102;24.5;416;71;101;24.3;17.1;4.3
13;Stallikon;785;20.4;3854;870;684;17.7;22.6;320.6
1301;Einsiedeln;2841;17.4;16310;3207;3230;19.8;19.7;164.9
131;Adliswil;7591;39.4;19243;3919;3564;18.5;20.4;2476.6
1311;Gersau;662;27.8;2384;364;587;24.6;15.3;166.1
1321;Feusisberg;1379;25.2;5468;915;1032;18.9;16.7;312.5
1322;Freienbach;5055;30.2;16711;2915;3373;20.2;17.4;1210.9
1323;Wollerau;2025;27;7495;1285;1607;21.4;17.1;1187.8
1331;Küssnacht (SZ);3478;25.1;13843;2579;2781;20.1;18.6;471.2
1341;Altendorf;1583;21.9;7215;1351;1329;18.4;18.7;353.5
1342;Galgenen;1163;21.8;5342;1097;919;17.2;20.5;402.6
1343;Innerthal;12;6.7;180;29;39;21.7;16.1;3.6
1344;Lachen;2996;31.9;9394;1788;1814;19.3;19;3850
1345;Reichenburg;1015;25;4063;890;550;13.5;21.9;351.8
1346;Schübelbach;3076;32.1;9595;1968;1527;15.9;20.5;330.7
1347;Tuggen;598;17.8;3358;663;555;16.5;19.7;248.6
1348;Vorderthal;97;9.9;983;162;202;20.5;16.5;35.1
1349;Wangen (SZ);924;16.8;5489;1008;1058;19.3;18.4;648.8
135;Kilchberg (ZH);3086;33.2;9303;2041;1628;17.5;21.9;3605.8
136;Langnau am Albis;2375;29.5;8056;1724;1677;20.8;21.4;929.2
1361;Alpthal;61;9.9;618;105;110;17.8;17;27
1362;Arth;3624;29.3;12359;2506;2122;17.2;20.3;294.1
1363;Illgau;28;3.4;815;208;112;13.7;25.5;74.4
1364;Ingenbohl;1922;20.9;9197;1593;2266;24.6;17.3;686.3
1365;Lauerz;135;12;1124;268;166;14.8;23.8;122.4
1366;Morschach;256;21.2;1206;255;173;14.3;21.1;57.9
1367;Muotathal;252;7.2;3516;789;670;19.1;22.4;20.4
1368;Oberiberg;87;10;867;138;284;32.8;15.9;26.1
1369;Riemenstalden;4;4.8;84;28;17;20.2;33.3;7.5
137;Oberrieden;1231;23.3;5289;1038;1304;24.7;19.6;1895.7
1370;Rothenthurm;409;16.2;2519;616;339;13.5;24.5;110.7
1371;Sattel;301;14.9;2021;456;298;14.7;22.6;116.2
1372;Schwyz;3112;19.8;15685;2937;3046;19.4;18.7;294.9
1373;Steinen;360;9.7;3696;800;611;16.5;21.6;311.9
1374;Steinerberg;90;9.5;951;198;167;17.6;20.8;137.4
1375;Unteriberg;255;10.5;2432;457;458;18.8;18.8;52.4
138;Richterswil;2843;20.3;13987;3006;2835;20.3;21.5;1857.5
139;Rüschlikon;1947;31.3;6218;1397;1150;18.5;22.5;2122.2
14;Wettswil am Albis;858;16.2;5282;1224;1067;20.2;23.2;1401.1
1401;Alpnach;1040;16.7;6222;1280;1077;17.3;20.6;115.7
1402;Engelberg;1231;28.6;4297;676;998;23.2;15.7;57.4
1403;Giswil;431;11.3;3806;784;735;19.3;20.6;44.3
1404;Kerns;696;10.8;6424;1418;1121;17.5;22.1;69.4
1405;Lungern;221;10.6;2086;427;486;23.3;20.5;44.9
1406;Sachseln;662;12.7;5211;1040;1094;21;20;96.7
1407;Sarnen;1767;16.6;10654;2013;2414;22.7;18.9;145.7
141;Thalwil;5587;30.4;18392;3721;3515;19.1;20.2;3337.9
1501;Beckenried;518;13.8;3749;736;784;20.9;19.6;154.7
1502;Buochs;891;16.3;5483;1035;1140;20.8;18.9;550.5
1503;Dallenwil;175;9.5;1847;359;366;19.8;19.4;119.4
1504;Emmetten;293;18;1624;261;341;21;16.1;65.2
1505;Ennetbürgen;973;18.7;5206;855;1265;24.3;16.4;558.6
1506;Ennetmoos;225;9.7;2322;501;393;16.9;21.6;165
1507;Hergiswil (NW);1402;23.3;6022;904;1397;23.2;15;421.1
1508;Oberdorf (NW);278;9;3093;648;642;20.8;21;190.9
1509;Stans;1281;15.8;8119;1423;1809;22.3;17.5;732.8
151;Erlenbach (ZH);1410;24.8;5678;1204;1133;20;21.2;1964.7
1510;Stansstad;983;20.3;4850;719;1288;26.6;14.8;534.7
1511;Wolfenschiessen;251;11.9;2105;465;400;19;22.1;22.7
152;Herrliberg;1575;23.3;6749;1382;1458;21.6;20.5;750.7
153;Hombrechtikon;1951;21.8;8964;1774;1947;21.7;19.8;735.4
154;Küsnacht (ZH);4095;27.6;14833;3170;3370;22.7;21.4;1200.1
155;Männedorf;2405;21;11437;2294;2375;20.8;20.1;2397.7
156;Meilen;3515;23.8;14754;3135;3102;21;21.2;1235.7
157;Oetwil am See;1487;30.1;4947;1046;779;15.7;21.1;809.7
158;Stäfa;2979;20;14889;2770;3584;24.1;18.6;1733.3
159;Uetikon am See;1365;21.6;6325;1248;1329;21;19.7;1828
160;Zumikon;1402;24.9;5633;1278;1342;23.8;22.7;1027.9
161;Zollikon;3591;26.7;13472;2808;2952;21.9;20.8;1716.2
1630;Glarus Nord;5294;27.2;19428;3912;3601;18.5;20.1;132.2
1631;Glarus Süd;1695;17.8;9528;1598;2566;26.9;16.8;22.2
1632;Glarus;3564;28.5;12515;2458;2578;20.6;19.6;120.7
1701;Baar;7850;31.4;24996;4914;4373;17.5;19.7;1005.9
1702;Cham;4760;27;17643;3827;2920;16.6;21.7;995.1
1703;Hünenberg;1697;19;8948;1935;1695;18.9;21.6;486
1704;Menzingen;986;21.4;4615;859;957;20.7;18.6;167.8
1705;Neuheim;607;25.9;2340;520;400;17.1;22.2;295.1
1706;Oberägeri;1931;30.1;6415;1325;1253;19.5;20.7;213.5
1707;Risch;3136;27.9;11253;2308;1664;14.8;20.5;757.3
1708;Steinhausen;2762;26.8;10308;2125;1929;18.7;20.6;2045.2
1709;Unterägeri;2460;26.6;9243;1943;1840;19.9;21;360.9
1710;Walchwil;1496;38;3934;729;831;21.1;18.5;290.5
1711;Zug;11349;36.1;31469;5995;5658;18;19.1;1454.9
172;Fehraltorf;1255;18.5;6791;1494;1252;18.4;22;717.1
173;Hittnau;294;7.8;3756;840;648;17.3;22.4;290
176;Lindau;1167;20.4;5723;1192;1068;18.7;20.8;477.3
177;Pfäffikon;2410;19.5;12379;2380;2619;21.2;19.2;634.2
178;Russikon;608;13.5;4511;970;965;21.4;21.5;317.5
180;Weisslingen;352;10.2;3436;707;709;20.6;20.6;268.2
181;Wila;288;14.1;2043;434;396;19.4;21.2;222.3
182;Wildberg;81;7.9;1029;238;192;18.7;23.1;97.4
191;Dübendorf;11339;36.8;30801;5755;4722;15.3;18.7;2261.5
192;Egg;1846;21;8786;1785;1960;22.3;20.3;604.7
193;Fällanden;2327;24.6;9461;2153;1756;18.6;22.8;1482.9
194;Greifensee;1138;21.4;5329;1194;1149;21.6;22.4;2306.9
195;Maur;2324;21.6;10757;2193;2212;20.6;20.4;728.3
196;Mönchaltorf;736;17.9;4118;860;962;23.4;20.9;542.6
197;Schwerzenbach;1399;27.3;5133;1058;936;18.2;20.6;1937
198;Uster;8495;23.8;35748;7204;6544;18.3;20.2;1254.8
199;Volketswil;5002;25.8;19412;4212;3252;16.8;21.7;1382.6
2;Affoltern am Albis;3754;29.8;12588;2561;2398;19;20.3;1188.7
200;Wangen-Brüttisellen;2247;27.8;8097;1718;1288;15.9;21.2;1022.3
2008;Châtillon (FR);41;8;513;119;74;14.4;23.2;400.8
2011;Cugy (FR);384;19.8;1942;433;299;15.4;22.3;196.6
2016;Fétigny;180;15.3;1180;284;163;13.8;24.1;287.8
2022;Gletterens;164;14.7;1118;269;202;18.1;24.1;376.4
2025;Lully (FR);224;18.4;1217;317;154;12.7;26;220.5
2027;Ménières;81;18.5;437;124;69;15.8;28.4;99.8
2029;Montagny (FR);539;18.4;2932;697;437;14.9;23.8;167.3
2035;Nuvilly;84;17.2;487;133;59;12.1;27.3;122.4
2038;Prévondavaux;18;17.8;101;17;12;11.9;16.8;55.5
2041;Saint-Aubin (FR);437;22.7;1929;443;275;14.3;23;244.5
2043;Sévaz;61;19.1;319;67;44;13.8;21;127.6
2044;Surpierre;154;12.7;1208;258;203;16.8;21.4;81.7
2045;Vallon;101;20.2;501;111;75;15;22.2;142.7
2050;Les Montets;300;18.9;1586;381;245;15.4;24;154.1
2051;Delley-Portalban;211;16.1;1309;258;240;18.3;19.7;181.1
2053;Belmont-Broye;1557;26.6;5844;1431;821;14;24.5;226.5
2054;Estavayer;2335;23;10133;2238;1766;17.4;22.1;250.9
2055;Cheyres-Châbles;352;14.6;2405;504;467;19.4;21;245.7
2063;Billens-Hennens;176;19.9;883;175;146;16.5;19.8;180.6
2067;Le Châtelard;28;7.9;354;74;67;18.9;20.9;47.3
2068;Châtonnaye;172;19.5;884;197;122;13.8;22.3;140.1
2079;Grangettes;24;11.3;213;69;26;12.2;32.4;64.4
2086;Massonnens;96;16.4;586;157;87;14.8;26.8;136.6
2087;Mézières (FR);176;16.3;1081;214;188;17.4;19.8;121.1
2096;Romont (FR);2304;41.2;5593;1231;861;15.4;22;513.6
2097;Rue;353;13.6;2590;589;369;14.2;22.7;129.2
2099;Siviriez;467;18.5;2528;617;366;14.5;24.4;124.7
2102;Ursy;734;18.4;3979;1005;537;13.5;25.3;232.3
211;Altikon;55;7.5;729;158;147;20.2;21.7;94.7
2113;Vuisternens-devant-Romont;248;10.4;2381;585;398;16.7;24.6;99.1
2114;Villorsonnens;175;11.6;1512;363;246;16.3;24;97.7
2115;Torny;145;13.7;1058;261;165;15.6;24.7;103.9
2117;Villaz;392;16.7;2345;576;358;15.3;24.6;152
2121;Haut-Intyamon;279;16.8;1664;395;316;19;23.7;27.6
2122;Pont-en-Ogoz;300;15.2;1973;433;335;17;21.9;194.2
2123;Botterens;129;17.6;733;175;109;14.9;23.9;171.7
2124;Broc;820;31;2649;510;507;19.1;19.3;264.1
2125;Bulle;10755;41.8;25722;5501;3863;15;21.4;1078
2128;Châtel-sur-Montsalvens;73;21;348;69;55;15.8;19.8;171.4
2129;Corbières;147;14.4;1021;245;157;15.4;24;106.1
213;Brütten;164;7.6;2161;418;464;21.5;19.3;327.4
2130;Crésuz;79;17.6;449;94;101;22.5;20.9;250.8
2131;Echarlens;128;15.3;839;172;124;14.8;20.5;180
2134;Grandvillard;103;11.8;871;229;127;14.6;26.3;35.8
2135;Gruyères;530;23.2;2282;545;345;15.1;23.9;80.2
2137;Hauteville;98;14;702;182;90;12.8;25.9;66.6
2138;Jaun;39;6.1;636;135;165;25.9;21.2;11.5
214;Dägerlen;89;8.2;1092;222;188;17.2;20.3;137.4
2140;Marsens;335;16.2;2071;518;264;12.7;25;264.2
2143;Morlon;77;11.6;661;137;125;18.9;20.7;250.4
2145;Le Pâquier (FR);265;19.3;1372;343;190;13.8;25;304.9
2147;Pont-la-Ville;88;14;630;130;86;13.7;20.6;144.5
2148;Riaz;517;18;2874;687;449;15.6;23.9;370.8
2149;La Roche;295;16.1;1829;425;304;16.6;23.2;76
215;Dättlikon;57;6.9;829;201;157;18.9;24.2;287.8
2152;Sâles;141;9.7;1448;371;206;14.2;25.6;76.9
2153;Sorens;129;11.7;1105;260;180;16.3;23.5;126.9
2155;Vaulruz;193;17.3;1116;237;189;16.9;21.2;110.5
216;Dinhard;146;8.4;1730;378;363;21;21.8;244.7
2160;Vuadens;477;18.8;2541;602;347;13.7;23.7;243.2
2162;Bas-Intyamon;273;17.1;1598;384;230;14.4;24;47.9
2163;Val-de-Charmey;427;16.3;2620;501;653;24.9;19.1;23.4
2173;Autigny;112;14.1;794;181;114;14.4;22.8;127.7
2174;Avry;429;22.3;1921;427;301;15.7;22.2;329.5
2175;Belfaux;1123;33;3406;878;498;14.6;25.8;383.6
2177;Chénens;145;17.4;835;225;101;12.1;26.9;211.9
218;Ellikon an der Thur;114;11;1035;217;165;15.9;21;206.2
2183;Corminboeuf;436;15.1;2893;699;484;16.7;24.2;400.1
2186;Cottens (FR);268;17.6;1521;381;267;17.6;25;306
219;Elsau;590;15.9;3707;795;750;20.2;21.4;459.4
2194;Ferpicloz;39;14.8;263;51;48;18.3;19.4;257.8
2196;Fribourg;13978;37.1;37653;7092;6376;16.9;18.8;4053.1
2197;Givisiez;1219;38.3;3183;790;405;12.7;24.8;919.9
2198;Granges-Paccot;1295;33.6;3853;933;405;10.5;24.2;965.7
22;Benken (ZH);106;12.5;847;169;158;18.7;20;149.6
220;Hagenbuch;140;12.2;1148;258;188;16.4;22.5;141.2
2206;Marly;2513;29.2;8596;1794;1775;20.6;20.9;1113.5
2208;Matran;412;23.9;1721;392;265;15.4;22.8;591.4
221;Hettlingen;288;9.2;3118;683;600;19.2;21.9;528.5
2211;Neyruz (FR);574;20.2;2837;713;372;13.1;25.1;513
2216;Pierrafortscha;21;13.6;154;27;37;24;17.5;30.4
2220;Le Mouret;482;14.8;3250;715;592;18.2;22;175.1
2226;Treyvaux;192;12.5;1531;346;255;16.7;22.6;134.3
2228;Villars-sur-Glâne;4128;33.5;12328;2754;2152;17.5;22.3;2249.6
223;Neftenbach;700;12.2;5761;1284;1063;18.5;22.3;382.3
2230;Villarsel-sur-Marly;17;25;68;12;14;20.6;17.6;48.9
2233;Hauterive (FR);460;17.2;2668;647;398;14.9;24.3;222.9
2234;La Brillaz;262;12.4;2118;495;332;15.7;23.4;205.6
2235;La Sonnaz;217;15.7;1381;330;161;11.7;23.9;198.4
2236;Gibloux;1320;16.6;7934;1864;1026;12.9;23.5;220
2237;Prez;428;17.4;2454;635;351;14.3;25.9;152.9
2238;Bois-d'Amont;390;16.6;2344;586;354;15.1;25;190.9
2239;Grolley-Ponthaux;575;19.9;2889;639;424;14.7;22.1;256.8
224;Pfungen;1013;25;4053;871;577;14.2;21.5;812.2
225;Rickenbach (ZH);323;11.7;2770;681;523;18.9;24.6;460.1
2250;Courgevaux;388;27.8;1394;310;238;17.1;22.2;412.4
2254;Courtepin;2137;37.5;5702;1329;748;13.1;23.3;260.1
2257;Cressier (FR);290;27.5;1056;251;149;14.1;23.8;253.2
2258;Fräschels;37;8.4;442;75;83;18.8;17;142.1
226;Schlatt (ZH);62;8.2;759;195;146;19.2;25.7;84.6
2261;Greng;19;11.2;170;31;32;18.8;18.2;177.1
2262;Gurmels;555;12.3;4524;1048;777;17.2;23.2;261.2
2265;Kerzers;1556;29.5;5280;1128;848;16.1;21.4;430
2266;Kleinbösingen;45;6.4;703;158;134;19.1;22.5;232.8
227;Seuzach;1125;14.6;7692;1446;1857;24.1;18.8;1017.5
2271;Meyriez;51;9;565;97;129;22.8;17.2;1661.8
2272;Misery-Courtion;691;29.8;2321;573;281;12.1;24.7;204.5
2274;Muntelier;90;9.4;956;185;240;25.1;19.4;861.3
2275;Murten;1830;19.4;9414;1878;1950;20.7;19.9;258.6
2276;Ried bei Kerzers;199;16.3;1223;229;215;17.6;18.7;162
2278;Ulmiz;15;3.5;423;70;76;18;16.5;148.9
228;Turbenthal;1001;19.8;5049;1125;986;19.5;22.3;200.2
2284;Mont-Vully;797;18;4433;783;884;19.9;17.7;253
2292;Brünisried;26;3.7;694;140;124;17.9;20.2;213.5
2293;Düdingen;1364;15.5;8793;1639;1871;21.3;18.6;285.9
2294;Giffers;196;11.5;1710;362;306;17.9;21.2;327.6
2295;Bösingen;333;10;3339;657;716;21.4;19.7;233.2
2296;Heitenried;89;6.3;1419;310;251;17.7;21.8;155.4
2299;Plaffeien;285;7.9;3619;661;811;22.4;18.3;54.4
23;Berg am Irchel;66;11.1;592;86;147;24.8;14.5;84.5
230;Winterthur;29480;25.2;116906;23556;19176;16.4;20.1;1717.4
2300;Plasselb;79;7.6;1038;181;228;22;17.4;57.2
2301;Rechthalten;60;5.3;1135;213;271;23.9;18.8;155.5
2303;St. Silvester;78;7.7;1017;183;212;20.8;18;144.5
2304;St. Ursen;159;11.1;1431;292;266;18.6;20.4;91
2305;Schmitten (FR);504;11.8;4262;883;798;18.7;20.7;315.9
2306;Tafers;986;12.6;7805;1582;1637;21;20.3;188.8
2307;Tentlingen;132;9.9;1336;240;275;20.6;18;370.1
2308;Ueberstorf;103;4.3;2404;483;524;21.8;20.1;149.2
2309;Wünnewil-Flamatt;1207;21.4;5641;1207;1029;18.2;21.4;425.1
231;Zell (ZH);1400;21.6;6491;1375;1213;18.7;21.2;500.5
2321;Attalens;665;18.1;3682;906;530;14.4;24.6;378
2323;Bossonnens;364;23.1;1575;405;195;12.4;25.7;382.3
2325;Châtel-Saint-Denis;2489;30.5;8163;1758;1158;14.2;21.5;170.3
2328;Granges (Veveyse);138;15;922;211;135;14.6;22.9;206.3
2333;Remaufens;251;19.5;1288;341;175;13.6;26.5;217.9
2335;Saint-Martin (FR);101;9.9;1021;228;157;15.4;22.3;104.4
2336;Semsales;198;12.8;1551;381;259;16.7;24.6;52.8
2337;Le Flon;159;13.3;1193;304;177;14.8;25.5;124.7
2338;La Verrerie;179;13.5;1324;323;164;12.4;24.4;98.6
24;Buch am Irchel;82;7.9;1038;260;177;17.1;25;101.7
2401;Egerkingen;1507;35.8;4211;909;723;17.2;21.6;605.9
2402;Härkingen;313;17.9;1752;369;271;15.5;21.1;318
2403;Kestenholz;161;8.6;1873;402;366;19.5;21.5;218
2404;Neuendorf;374;15.8;2374;495;387;16.3;20.9;332.5
2405;Niederbuchsiten;204;16;1274;250;213;16.7;19.6;232.1
2406;Oberbuchsiten;697;29.7;2343;481;356;15.2;20.5;249.5
2407;Oensingen;2499;37.8;6607;1371;1104;16.7;20.8;546
2408;Wolfwil;265;11.1;2385;503;504;21.1;21.1;346.7
241;Aesch (ZH);323;19.3;1672;373;304;18.2;22.3;319.1
242;Birmensdorf (ZH);1848;26.2;7057;1540;1358;19.2;21.8;618
2421;Aedermannsdorf;28;4.8;578;121;142;24.6;20.9;44.7
2422;Balsthal;2258;35.4;6375;1385;1235;19.4;21.7;405.8
2424;Herbetswil;73;12.4;587;121;140;23.9;20.6;36
2425;Holderbank (SO);115;15.7;732;138;144;19.7;18.9;94.3
2426;Laupersdorf;206;11;1865;422;380;20.4;22.6;120.3
2427;Matzendorf;130;9.6;1349;256;272;20.2;19;119.7
2428;Mümliswil-Ramiswil;269;11.3;2381;425;515;21.6;17.8;67.1
243;Dietikon;13577;48.2;28162;5740;4268;15.2;20.4;3015.2
2430;Welschenrohr-Gänsbrunnen;170;14.6;1162;210;285;24.5;18.1;47.5
244;Geroldswil;1511;28.7;5262;1186;1028;19.5;22.5;2726.4
2445;Biezwil;21;5.9;356;77;86;24.2;21.6;85.8
245;Oberengstringen;2415;35.5;6810;1172;1367;20.1;17.2;3167.4
2455;Lüterkofen-Ichertswil;69;7.7;895;191;200;22.3;21.3;202
2457;Messen;55;3.7;1471;309;290;19.7;21;123.7
246;Oetwil an der Limmat;482;18.8;2560;427;557;21.8;16.7;924.2
2461;Schnottwil;66;5.8;1131;210;218;19.3;18.6;157.7
2463;Unterramsern;14;6.3;222;41;33;14.9;18.5;140.5
2464;Lüsslingen-Nennigkofen;110;9.8;1119;244;219;19.6;21.8;143.3
2465;Buchegg;155;5.3;2898;489;631;21.8;16.9;113
247;Schlieren;9353;46;20350;3691;2641;13;18.1;3088
2471;Bättwil;161;13.8;1169;236;228;19.5;20.2;700
2472;Büren (SO);144;13.5;1066;234;189;17.7;22;171.1
2473;Dornach;1859;27.4;6795;1283;1584;23.3;18.9;1173.6
2474;Gempen;147;15.9;923;204;185;20;22.1;154.1
2475;Hochwald;146;11.5;1273;239;317;24.9;18.8;152.5
2476;Hofstetten-Flüh;634;18.9;3353;678;748;22.3;20.2;445.9
2477;Metzerlen-Mariastein;124;13.1;946;181;230;24.3;19.1;111.6
2478;Nuglar-St. Pantaleon;148;9.6;1542;276;357;23.2;17.9;243.2
2479;Rodersdorf;156;11.3;1382;263;398;28.8;19;258.3
248;Uitikon;1027;20.1;5105;1118;1034;20.3;21.9;1165.5
2480;Seewen;105;9.9;1065;180;239;22.4;16.9;65.3
2481;Witterswil;263;18.2;1446;274;336;23.2;18.9;541.6
249;Unterengstringen;1079;26.2;4119;813;839;20.4;19.7;1233.2
2491;Hauenstein-Ifenthal;28;8.9;313;66;61;19.5;21.1;58.5
2492;Kienberg;75;14.2;529;109;100;18.9;20.6;62
2493;Lostorf;475;11.7;4067;802;887;21.8;19.7;306.9
2495;Niedergösgen;1246;30.4;4099;826;807;19.7;20.2;948.8
2497;Obergösgen;682;28;2436;445;578;23.7;18.3;671.1
2499;Stüsslingen;127;10.1;1263;257;273;21.6;20.3;150.5
25;Dachsen;293;15;1950;385;418;21.4;19.7;722.2
250;Urdorf;2699;26.1;10332;2143;2028;19.6;20.7;1363.1
2500;Trimbach;2769;41.7;6644;1342;1256;18.9;20.2;874.2
2501;Winznau;350;17.4;2017;388;464;23;19.2;511.9
2502;Wisen (SO);28;6.4;437;79;96;22;18.1;91.2
2503;Erlinsbach (SO);647;17.8;3634;758;731;20.1;20.9;409.7
251;Weiningen (ZH);1490;30.5;4883;989;844;17.3;20.3;907.6
2511;Aeschi (SO);106;8.1;1306;228;294;22.5;17.5;238.3
2513;Biberist;2451;26.7;9188;1737;1884;20.5;18.9;750
2514;Bolken;32;5.5;581;127;95;16.4;21.9;274.1
2516;Deitingen;310;13.3;2323;448;522;22.5;19.3;305.7
2517;Derendingen;2191;32.2;6799;1250;1342;19.7;18.4;1209.8
2518;Etziken;117;11.1;1055;231;185;17.5;21.9;313.1
2519;Gerlafingen;2316;40.7;5696;1220;984;17.3;21.4;3078.9
2520;Halten;72;8.5;851;159;209;24.6;18.7;460
2523;Horriwil;48;5.5;866;196;161;18.6;22.6;328
2524;Hüniken;6;3.8;157;41;30;19.1;26.1;153.9
2525;Kriegstetten;158;11.5;1373;268;312;22.7;19.5;1204.4
2526;Lohn-Ammannsegg;257;8.7;2953;539;720;24.4;18.3;659.2
2527;Luterbach;738;20.5;3604;677;826;22.9;18.8;797.3
2528;Obergerlafingen;151;12.1;1246;239;281;22.6;19.2;825.2
2529;Oekingen;76;8.5;890;208;177;19.9;23.4;372.4
2530;Recherswil;261;12.2;2146;406;432;20.1;18.9;638.7
2532;Subingen;570;17.8;3211;591;638;19.9;18.4;512.1
2534;Zuchwil;4122;44.2;9331;1724;1695;18.2;18.5;2015.3
2535;Drei Höfe;54;7.4;730;132;157;21.5;18.1;159.7
2541;Balm bei Günsberg;17;7.9;215;41;56;26;19.1;39.3
2542;Bellach;1606;29.7;5399;1028;1296;24;19;1020.6
2543;Bettlach;960;19.4;4943;868;1150;23.3;17.6;405.5
2544;Feldbrunnen-St. Niklaus;122;11.9;1027;166;265;25.8;16.2;409.2
2545;Flumenthal;147;14.3;1026;174;211;20.6;17;329.9
2546;Grenchen;6913;38.5;17939;3219;3967;22.1;17.9;689.2
2547;Günsberg;76;6.4;1191;212;271;22.8;17.8;226.4
2548;Hubersdorf;47;6.6;708;159;160;22.6;22.5;524.4
2549;Kammersrohr;N/A - secret statistique;N/A - secret statistique;29;3;10;34.5;10.3;30.5
2550;Langendorf;666;17.3;3844;695;1036;27;18.1;1971.3
2551;Lommiswil;130;8.2;1595;323;375;23.5;20.3;276.9
2553;Oberdorf (SO);158;8.6;1844;372;417;22.6;20.2;154.8
2554;Riedholz;249;10.9;2288;484;520;22.7;21.2;320
2555;Rüttenen;104;6.9;1506;289;383;25.4;19.2;171.7
2556;Selzach;645;17.8;3625;750;723;19.9;20.7;186.2
2571;Boningen;146;18.1;805;177;110;13.7;22;291.7
2572;Däniken;669;22.7;2946;541;606;20.6;18.4;542.5
2573;Dulliken;2324;44.5;5224;970;1087;20.8;18.6;864.9
2574;Eppenberg-Wöschnau;117;36;325;43;68;20.9;13.2;179.6
2575;Fulenbach;194;10.8;1798;374;360;20;20.8;401.3
2576;Gretzenbach;682;24.7;2759;604;540;19.6;21.9;473.2
2578;Gunzgen;259;15.1;1714;335;348;20.3;19.5;436.1
2579;Hägendorf;1309;24.9;5249;1100;1012;19.3;21;376.5
2580;Kappel (SO);835;24.4;3428;746;670;19.5;21.8;672.2
2581;Olten;5544;30.2;18339;3114;3445;18.8;17;1596.1
2582;Rickenbach (SO);236;20.8;1135;208;204;18;18.3;411.2
2583;Schönenwerd;1958;38.4;5100;1036;988;19.4;20.3;1374.7
2584;Starrkirch-Wil;323;17.3;1871;391;366;19.6;20.9;1011.4
2585;Walterswil (SO);104;13.6;764;134;163;21.3;17.5;170.5
2586;Wangen bei Olten;1428;26.2;5452;1103;999;18.3;20.2;783.3
26;Dorf;72;10.1;712;145;121;17;20.4;128.1
2601;Solothurn;3595;21.6;16633;2704;3554;21.4;16.3;2648.6
261;Zürich;140948;33;427721;75573;61549;14.4;17.7;4864.3
2611;Bärschwil;75;9.5;786;131;218;27.7;16.7;70.2
2612;Beinwil (SO);36;13.4;268;62;63;23.5;23.1;11.8
2613;Breitenbach;1067;25.7;4153;806;903;21.7;19.4;610.7
2614;Büsserach;354;15;2361;457;458;19.4;19.4;312.7
2615;Erschwil;138;14.6;943;201;198;21;21.3;126.9
2616;Fehren;29;4.8;602;115;120;19.9;19.1;406.8
2617;Grindel;69;13.7;503;86;127;25.2;17.1;163.3
2618;Himmelried;129;13.5;956;171;225;23.5;17.9;158.5
2619;Kleinlützel;123;10.3;1191;191;340;28.5;16;73
2620;Meltingen;55;8.5;650;126;138;21.2;19.4;112.8
2621;Nunningen;178;9;1969;373;449;22.8;18.9;191
2622;Zullwil;79;12;660;147;140;21.2;22.3;180.3
27;Feuerthalen;880;23.3;3771;757;690;18.3;20.1;1520.6
2701;Basel;66830;38.5;173552;29521;32996;19;17;7276.8
2702;Bettingen;323;25.1;1288;276;310;24.1;21.4;577.6
2703;Riehen;6168;28.1;21946;4719;5588;25.5;21.5;2019
2761;Aesch (BL);2736;25.8;10607;2026;2554;24.1;19.1;1433.4
2762;Allschwil;6356;29.4;21654;4149;4901;22.6;19.2;2435.8
2763;Arlesheim;1876;20.2;9270;1746;2622;28.3;18.8;1337.7
2764;Biel-Benken;532;15;3555;764;878;24.7;21.5;862.9
2765;Binningen;4397;28.1;15631;2985;3791;24.3;19.1;3504.7
2766;Birsfelden;3305;32.2;10264;1678;2474;24.1;16.3;4089.2
2767;Bottmingen;1911;27.6;6920;1439;1682;24.3;20.8;2314.4
2768;Ettingen;1080;19.3;5587;1098;1330;23.8;19.7;884
2769;Münchenstein;3249;26.8;12102;2376;2569;21.2;19.6;1683.2
2770;Muttenz;3906;21.8;17917;3444;4304;24;19.2;1076.1
2771;Oberwil (BL);2634;23.4;11273;2291;2643;23.4;20.3;1428.8
2772;Pfeffingen;387;16.1;2400;497;592;24.7;20.7;490.8
2773;Reinach (BL);4841;24.6;19667;3583;5122;26;18.2;2821.7
2774;Schönenbuch;206;13.9;1481;299;372;25.1;20.2;1097
2775;Therwil;1826;18.4;9934;1924;2428;24.4;19.4;1296.9
2781;Blauen;64;9.1;702;131;187;26.6;18.7;98.6
2782;Brislach;203;11.9;1701;353;292;17.2;20.8;180.6
2783;Burg im Leimental;34;12.5;271;55;63;23.2;20.3;95.4
2784;Dittingen;126;17.3;730;136;163;22.3;18.6;108.1
2785;Duggingen;349;21.8;1598;330;284;17.8;20.7;272.7
2786;Grellingen;569;29.5;1926;340;349;18.1;17.7;585.4
2787;Laufen;1546;26.2;5906;1087;1255;21.2;18.4;518.1
2788;Liesberg;156;14.4;1083;170;279;25.8;15.7;86.9
2789;Nenzlingen;79;17;464;82;96;20.7;17.7;126.8
2790;Roggenburg;25;9.5;264;36;63;23.9;13.6;39.6
2791;Röschenz;181;9.6;1878;385;384;20.4;20.5;186.5
2792;Wahlen;225;14.6;1542;314;293;19;20.4;285
2793;Zwingen;690;25.7;2685;537;425;15.8;20;582.4
28;Flaach;255;17.3;1474;320;266;18;21.7;144.9
2821;Arisdorf;220;12.9;1708;336;354;20.7;19.7;170.8
2822;Augst;258;24.4;1057;170;276;26.1;16.1;640.6
2823;Bubendorf;739;16.6;4439;888;1014;22.8;20;411
2824;Frenkendorf;2233;34.3;6507;1334;1308;20.1;20.5;1417.6
2825;Füllinsdorf;1451;31.2;4646;890;1228;26.4;19.2;1005.6
2826;Giebenach;276;24.6;1120;228;200;17.9;20.4;835.8
2827;Hersberg;51;14.1;362;63;93;25.7;17.4;218.1
2828;Lausen;1648;28.6;5772;1124;1073;18.6;19.5;1036.3
2829;Liestal;4434;28.8;15420;2894;3196;20.7;18.8;848.2
2830;Lupsingen;169;11.2;1504;325;364;24.2;21.6;483.6
2831;Pratteln;6798;41.3;16458;3104;3387;20.6;18.9;1536.7
2832;Ramlinsburg;92;12.4;744;131;159;21.4;17.6;330.7
2833;Seltisberg;92;7.1;1301;249;369;28.4;19.1;365.4
2834;Ziefen;151;9.3;1632;388;335;20.5;23.8;208.7
2841;Anwil;32;6;531;113;100;18.8;21.3;134.4
2842;Böckten;93;11.5;806;173;161;20;21.5;353.5
2843;Buckten;127;17.7;717;145;150;20.9;20.2;358.5
2844;Buus;135;12.1;1116;229;217;19.4;20.5;126.1
2845;Diepflingen;120;15.3;785;195;122;15.5;24.8;545.1
2846;Gelterkinden;1139;18.3;6217;1212;1437;23.1;19.5;635.7
2847;Häfelfingen;29;11.2;259;48;44;17;18.5;65.2
2848;Hemmiken;17;6.4;264;42;62;23.5;15.9;77.9
2849;Itingen;466;20.1;2323;492;458;19.7;21.2;742.2
2850;Känerkinden;60;11.4;527;85;134;25.4;16.1;356.1
2851;Kilchberg (BL);17;9.9;171;36;46;26.9;21.1;107.5
2852;Läufelfingen;179;13.1;1369;256;310;22.6;18.7;167.8
2853;Maisprach;133;14.2;937;146;185;19.7;15.6;184.4
2854;Nusshof;40;14.5;276;56;51;18.5;20.3;160.5
2855;Oltingen;32;6.1;524;123;103;19.7;23.5;73
2856;Ormalingen;285;12.2;2330;470;512;22;20.2;336.2
2857;Rickenbach (BL);56;9.6;581;108;116;20;18.6;200.3
2858;Rothenfluh;98;12.6;780;157;156;20;20.1;71.2
2859;Rümlingen;90;20.5;439;109;71;16.2;24.8;192.5
2860;Rünenberg;62;8;777;127;220;28.3;16.3;156.3
2861;Sissach;1186;17.4;6812;1338;1454;21.3;19.6;765.4
2862;Tecknau;249;30.4;818;158;167;20.4;19.3;349.6
2863;Tenniken;109;12;907;173;235;25.9;19.1;194.2
2864;Thürnen;301;21.1;1425;242;323;22.7;17;630.5
2865;Wenslingen;38;5.5;692;134;193;27.9;19.4;116.9
2866;Wintersingen;73;11.9;616;101;152;24.7;16.4;88.6
2867;Wittinsburg;15;3.5;428;78;81;18.9;18.2;133.8
2868;Zeglingen;39;7.8;502;107;113;22.5;21.3;63.5
2869;Zunzgen;547;20.1;2719;500;652;24;18.4;396.4
2881;Arboldswil;53;9;591;114;148;25;19.3;170.3
2882;Bennwil;42;6.4;659;159;131;19.9;24.1;100.9
2883;Bretzwil;64;8.5;749;154;158;21.1;20.6;102.2
2884;Diegten;187;11.4;1636;340;300;18.3;20.8;169.7
2885;Eptingen;69;12.3;563;110;106;18.8;19.5;50.4
2886;Hölstein;469;18;2609;562;544;20.9;21.5;432.7
2887;Lampenberg;37;6.8;546;121;135;24.7;22.2;136.2
2888;Langenbruck;172;17.8;965;146;229;23.7;15.1;61.6
2889;Lauwil;28;8.8;317;61;74;23.3;19.2;43.4
2890;Liedertswil;16;9.8;163;33;38;23.3;20.2;84
2891;Niederdorf;451;25.2;1791;319;434;24.2;17.8;406.1
2892;Oberdorf (BL);548;22.6;2426;502;518;21.4;20.7;390.7
2893;Reigoldswil;167;10.7;1560;318;347;22.2;20.4;168.6
2894;Titterten;44;10.7;413;62;110;26.6;15;111.3
2895;Waldenburg;326;29.7;1099;176;238;21.7;16;132.1
29;Flurlingen;228;15.1;1513;300;292;19.3;19.8;625.2
2901;Gächlingen;94;10.1;929;209;205;22.1;22.5;130.3
2903;Löhningen;256;15.9;1615;389;311;19.3;24.1;236.5
2904;Neunkirch;462;18.4;2506;503;523;20.9;20.1;139.8
291;Andelfingen;401;11.7;3431;790;690;20.1;23;201.9
2914;Büttenhardt;45;10.7;420;92;108;25.7;21.9;105
2915;Dörflingen;192;18.3;1052;216;227;21.6;20.5;180.8
2917;Lohn (SH);74;9.7;759;186;152;20;24.5;155.9
2919;Stetten (SH);274;18.7;1467;357;245;16.7;24.3;310.8
292;Stammheim;284;9.9;2879;619;661;23;21.5;120.2
2920;Thayngen;1433;25.2;5690;1185;1247;21.9;20.8;285.6
293;Wädenswil;5705;22.6;25193;4909;5294;21;19.5;706.9
2931;Bargen (SH);81;25.2;322;48;56;17.4;14.9;38.9
2932;Beringen;1273;24.7;5153;1047;1028;19.9;20.3;275.9
2933;Buchberg;81;9.2;880;166;208;23.6;18.9;150.2
2936;Merishausen;110;12.6;873;203;170;19.5;23.3;49.7
2937;Neuhausen am Rheinfall;4753;43.6;10893;1991;2312;21.2;18.3;1361.6
2938;Rüdlingen;105;13;809;160;185;22.9;19.8;146.8
2939;Schaffhausen;11055;29.3;37713;6672;8290;22;17.7;901.1
294;Elgg;981;19.3;5071;1075;967;19.1;21.2;207.9
295;Horgen;7096;30;23628;4928;4430;18.7;20.9;766.6
2951;Beggingen;39;8.4;467;84;130;27.8;18;37.1
2952;Schleitheim;310;17.8;1738;332;445;25.6;19.1;80.4
2953;Siblingen;131;14.8;888;183;209;23.5;20.6;94.3
296;Illnau-Effretikon;4940;28.1;17564;3441;3455;19.7;19.6;533.7
2961;Buch (SH);84;27.1;310;42;80;25.8;13.5;81.6
2962;Hemishofen;103;21.5;478;77;102;21.3;16.1;60.6
2963;Ramsen;461;29.9;1540;285;292;19;18.5;114.1
2964;Stein am Rhein;840;23.5;3571;587;996;27.9;16.4;616.8
297;Bauma;789;16;4924;980;959;19.5;19.9;166.7
2971;Hallau;426;18.2;2335;500;567;24.3;21.4;152.4
2972;Oberhallau;43;10;429;84;88;20.5;19.6;70.9
2973;Trasadingen;168;26.3;639;125;135;21.1;19.6;154.3
2974;Wilchingen;255;14.7;1738;340;410;23.6;19.6;82.4
298;Wiesendangen;633;9.4;6710;1427;1417;21.1;21.3;350
3;Bonstetten;1007;17.9;5624;1311;989;17.6;23.3;756.9
3001;Herisau;3784;24;15744;3021;3165;20.1;19.2;624.8
3002;Hundwil;62;6.7;931;260;146;15.7;27.9;38.7
3003;Schönengrund;28;5.1;545;130;105;19.3;23.9;105
3004;Schwellbrunn;103;6.6;1561;413;295;18.9;26.5;89.6
3005;Stein (AR);94;6.5;1437;315;298;20.7;21.9;153.5
3006;Urnäsch;234;10.2;2300;517;479;20.8;22.5;47.8
3007;Waldstatt;188;10.2;1849;408;425;23;22.1;273.9
301;Aarberg;634;13.7;4629;914;1079;23.3;19.7;583.7
302;Bargen (BE);130;11.8;1100;242;232;21.1;22;139.9
3021;Bühler;466;25.3;1841;419;324;17.6;22.8;328.8
3022;Gais;398;12.8;3116;646;666;21.4;20.7;146.9
3023;Speicher;514;11.6;4430;1002;927;20.9;22.6;541.6
3024;Teufen (AR);799;12.4;6438;1206;1459;22.7;18.7;422.2
3025;Trogen;233;12.6;1845;432;371;20.1;23.4;183.9
303;Grossaffoltern;205;6.7;3064;586;707;23.1;19.1;203.2
3031;Grub (AR);142;14.4;984;202;216;22;20.5;233.7
3032;Heiden;886;21;4225;807;988;23.4;19.1;564.8
3033;Lutzenberg;258;19.7;1312;258;255;19.4;19.7;583.1
3034;Rehetobel;200;11.6;1726;333;361;20.9;19.3;256.8
3035;Reute (AR);128;18.4;697;99;185;26.5;14.2;139.7
3036;Wald (AR);78;8.5;914;197;183;20;21.6;133.8
3037;Walzenhausen;453;22.8;1984;330;414;20.9;16.6;283.4
3038;Wolfhalden;316;16.8;1880;370;385;20.5;19.7;271.3
304;Kallnach;189;8.4;2252;440;501;22.2;19.5;125.3
305;Kappelen;80;5.7;1407;275;266;18.9;19.5;128.3
306;Lyss;3349;20.7;16190;3183;3167;19.6;19.7;1091.7
307;Meikirch;191;7.5;2558;510;673;26.3;19.9;250
309;Radelfingen;65;5.2;1260;248;258;20.5;19.7;85.7
31;Henggart;203;9;2257;463;481;21.3;20.5;744.9
310;Rapperswil (BE);152;5.7;2675;530;492;18.4;19.8;118.5
3101;Appenzell;1159;19.8;5864;1068;1267;21.6;18.2;347.4
3102;Gonten;67;4.6;1466;351;341;23.3;23.9;59.3
3104;Schlatt-Haslen;55;5;1108;263;187;16.9;23.7;61.8
311;Schüpfen;274;7.3;3763;750;776;20.6;19.9;189.7
3111;Oberegg;164;8.5;1928;354;444;23;18.4;132
3112;Schwende-Rüte;461;7.6;6050;1356;1111;18.4;22.4;61.5
312;Seedorf (BE);238;7.5;3183;596;715;22.5;18.7;152.5
3201;Häggenschwil;139;10;1393;358;212;15.2;25.7;153.6
3202;Muolen;123;9.8;1253;299;185;14.8;23.9;121.3
3203;St. Gallen;24958;32.4;76931;13961;13702;17.8;18.1;1953.6
3204;Wittenbach;2761;27.8;9914;2061;2192;22.1;20.8;812.6
321;Aarwangen;865;18;4793;971;998;20.8;20.3;484.1
3211;Berg (SG);118;11.9;988;234;179;18.1;23.7;262.8
3212;Eggersriet;224;9.5;2364;564;564;23.9;23.9;265.6
3213;Goldach;2481;25.9;9562;1801;2125;22.2;18.8;2030.1
3214;Mörschwil;309;8.5;3619;762;762;21.1;21.1;367.8
3215;Rorschach;4945;50.6;9777;1768;1818;18.6;18.1;5492.7
3216;Rorschacherberg;2260;29.7;7620;1368;1623;21.3;18;1074.8
3217;Steinach;869;24.3;3583;684;769;21.5;19.1;796.2
3218;Tübach;206;13;1587;370;289;18.2;23.3;797.5
3219;Untereggen;84;8.2;1026;228;172;16.8;22.2;143.9
322;Auswil;12;2.6;458;97;98;21.4;21.2;99.1
323;Bannwil;60;8.6;696;141;149;21.4;20.3;145.6
3231;Au (SG);3046;36.9;8252;1605;1526;18.5;19.4;1774.6
3232;Balgach;1220;24.1;5067;1013;853;16.8;20;777.1
3233;Berneck;771;19.5;3963;804;827;20.9;20.3;705.2
3234;Diepoldsau;1778;25.8;6889;1455;1177;17.1;21.1;612.4
3235;Rheineck;1192;34.2;3481;609;741;21.3;17.5;1575.1
3236;St. Margrethen;3202;51.2;6249;1263;1076;17.2;20.2;909.6
3237;Thal;1641;23.7;6914;1309;1356;19.6;18.9;715.7
3238;Widnau;2906;28.6;10178;2117;1666;16.4;20.8;2411.8
324;Bleienbach;36;4.8;748;145;183;24.5;19.4;131.5
325;Busswil bei Melchnau;3;1.7;173;21;47;27.2;12.1;60.5
3251;Altstätten;3739;30.5;12278;2475;2309;18.8;20.2;311.2
3252;Eichberg;253;16.3;1556;333;239;15.4;21.4;286
3253;Marbach (SG);433;20.3;2137;436;364;17;20.4;487.9
3254;Oberriet (SG);1722;18.8;9180;1962;1527;16.6;21.4;265.3
3255;Rebstein;1648;33.6;4906;934;884;18;19;1117.5
3256;Rüthi (SG);585;23.7;2472;537;389;15.7;21.7;265
326;Gondiswil;22;3;738;163;162;22;22.1;78.4
3271;Buchs (SG);5946;43.7;13605;2840;2248;16.5;20.9;853
3272;Gams;868;24.1;3606;833;637;17.7;23.1;161.9
3273;Grabs;1527;20.9;7302;1598;1431;19.6;21.9;133.6
3274;Sennwald;2124;34.8;6101;1111;994;16.3;18.2;146.8
3275;Sevelen;2066;39.1;5279;1146;891;16.9;21.7;174.1
3276;Wartau;1752;32.5;5395;1180;983;18.2;21.9;129.2
329;Langenthal;3831;24.2;15838;3092;3485;22;19.5;749.6
3291;Bad Ragaz;2003;30.1;6663;1191;1344;20.2;17.9;262.3
3292;Flums;1180;22.6;5211;1081;991;19;20.7;69.3
3293;Mels;1784;19.2;9311;2038;1692;18.2;21.9;66.9
3294;Pfäfers;216;13.8;1563;317;354;22.6;20.3;12.2
3295;Quarten;565;18.8;3000;525;658;21.9;17.5;48.6
3296;Sargans;1880;29.2;6443;1327;1172;18.2;20.6;681.1
3297;Vilters-Wangs;866;17.3;5015;1134;995;19.8;22.6;153.3
3298;Walenstadt;1057;18.3;5763;1174;1269;22;20.4;126
33;Kleinandelfingen;261;12.2;2132;462;430;20.2;21.7;207.2
331;Lotzwil;463;17.3;2672;585;527;19.7;21.9;429.6
3311;Amden;198;10.7;1847;327;519;28.1;17.7;42.9
3312;Benken (SG);370;12.3;3018;736;503;16.7;24.4;183
3313;Kaltbrunn;967;19.1;5051;1129;836;16.6;22.4;271
3315;Schänis;590;14.7;4021;918;737;18.3;22.8;100.8
3316;Weesen;263;14.3;1845;353;416;22.5;19.1;341.7
332;Madiswil;205;6.1;3335;669;761;22.8;20.1;143.9
333;Melchnau;201;13.6;1482;301;342;23.1;20.3;144.2
3338;Schmerikon;1075;26.2;4110;817;865;21;19.9;990.4
3339;Uznach;2039;29.8;6850;1509;1246;18.2;22;908.5
3340;Rapperswil-Jona;5441;19.3;28252;5318;6062;21.5;18.8;1269.2
3341;Gommiswald;778;14;5564;1083;1099;19.8;19.5;165.6
3342;Eschenbach (SG);1663;16.6;9996;2173;1823;18.2;21.7;182.1
335;Oeschenbach;6;2.7;223;32;69;30.9;14.3;56.9
3352;Ebnat-Kappel;691;13.9;4979;1019;1259;25.3;20.5;114.3
3359;Wildhaus-Alt St. Johann;354;13.6;2612;549;680;26;21;29.8
336;Reisiswil;9;5.3;171;37;28;16.4;21.6;85.1
3360;Nesslau;275;7.4;3733;799;902;24.2;21.4;40.3
337;Roggwil (BE);737;17.3;4250;878;879;20.7;20.7;542.1
3374;Lichtensteig;402;20.3;1980;356;401;20.3;18;702.1
3379;Wattwil;2241;25;8954;1803;2046;22.9;20.1;175
338;Rohrbach;128;8.1;1572;316;355;22.6;20.1;385.3
339;Rohrbachgraben;25;6.5;384;80;79;20.6;20.8;59.4
3392;Kirchberg (SG);2855;29.6;9632;2233;1628;16.9;23.2;226.4
3393;Lütisburg;250;15.4;1619;407;256;15.8;25.1;114.8
3394;Mosnang;169;5.8;2920;750;504;17.3;25.7;57.8
3395;Bütschwil-Ganterschwil;773;15;5163;1172;931;18;22.7;236.5
3396;Neckertal;638;10.1;6324;1467;1243;19.7;23.2;77.3
34;Laufen-Uhwiesen;245;13.8;1781;326;409;23;18.3;283.6
340;Rütschelen;23;4;571;136;112;19.6;23.8;143.5
3401;Degersheim;702;17.2;4081;1041;796;19.5;25.5;281.8
3402;Flawil;3101;29.7;10446;2203;2015;19.3;21.1;910.7
3405;Jonschwil;487;12.3;3961;917;723;18.3;23.2;360.4
3407;Oberuzwil;1385;21.2;6536;1455;1193;18.3;22.3;464.2
3408;Uzwil;4002;28.9;13831;3069;2477;17.9;22.2;954.5
341;Schwarzhäusern;41;7.7;533;123;106;19.9;23.1;140.6
342;Thunstetten;643;18.6;3459;705;757;21.9;20.4;358.1
3422;Niederbüren;140;9.2;1527;375;237;15.5;24.6;96.4
3423;Niederhelfenschwil;247;7.7;3201;827;503;15.7;25.8;195.5
3424;Oberbüren;578;12.6;4588;1035;763;16.6;22.6;258.8
3426;Zuzwil (SG);646;12.9;4997;1043;963;19.3;20.9;557.1
3427;Wil (SG);7524;30.7;24541;4849;4834;19.7;19.8;1178.7
344;Ursenbach;38;4.4;866;173;171;19.7;20;94.4
3441;Andwil (SG);141;6.7;2115;546;367;17.4;25.8;335.2
3442;Gaiserwald;1283;15.1;8523;1819;1908;22.4;21.3;674.8
3443;Gossau (SG);3956;21.7;18226;3544;3827;21;19.4;662.5
3444;Waldkirch;287;8.1;3528;914;578;16.4;25.9;112.6
345;Wynau;417;24.9;1676;339;351;20.9;20.2;330.6
35;Marthalen;219;11.2;1950;410;407;20.9;21;138
3506;Vaz/Obervaz;597;21.7;2749;443;688;25;16.1;64.7
351;Bern;32976;24.5;134506;22753;23181;17.2;16.9;2605.7
3513;Lantsch/Lenz;68;12.8;531;91;131;24.7;17.1;24.3
3514;Schmitten (GR);26;12.3;212;25;68;32.1;11.8;18.7
352;Bolligen;792;12.5;6361;1265;1841;28.9;19.9;383.9
353;Bremgarten bei Bern;409;9.5;4303;888;1116;25.9;20.6;2264.7
354;Kirchlindach;292;9.1;3216;567;826;25.7;17.6;268.9
3542;Albula/Alvra;249;18.8;1327;210;330;24.9;15.8;14.1
3543;Surses;393;16.5;2377;345;726;30.5;14.5;7.3
3544;Bergün Filisur;144;16.3;884;128;234;26.5;14.5;4.6
355;Köniz;8549;20.2;42409;8394;8760;20.7;19.8;831.4
3551;Brusio;170;15.1;1124;170;330;29.4;15.1;24.3
356;Muri bei Bern;2380;17.9;13317;2536;3643;27.4;19;1745.3
3561;Poschiavo;308;8.9;3460;657;940;27.2;19;18.1
357;Oberbalm;29;3.4;856;158;181;21.1;18.5;69.1
3572;Falera;83;13;637;108;182;28.6;17;28.5
3575;Laax;372;18.6;2001;280;484;24.2;14;63.1
358;Stettlen;603;17.8;3380;712;710;21;21.1;965.7
3581;Sagogn;87;11.5;755;152;180;23.8;20.1;109.1
3582;Schluein;109;18.3;597;103;114;19.1;17.3;124.6
359;Vechigen;513;9;5694;1086;1302;22.9;19.1;229.4
360;Wohlen bei Bern;1175;12.6;9348;1715;2780;29.7;18.3;257.4
3603;Vals;201;21;955;138;221;23.1;14.5;5.4
361;Zollikofen;2678;24;11140;2149;2409;21.6;19.3;2066.8
3618;Lumnezia;146;7.2;2029;276;627;30.9;13.6;12.3
3619;Ilanz/Glion;880;17.7;4969;869;1221;24.6;17.5;37.2
362;Ittigen;3143;27.1;11595;2258;2721;23.5;19.5;2760.7
363;Ostermundigen;5656;31.6;17884;3519;3806;21.3;19.7;3000.7
3633;Fürstenau;39;11.1;351;68;84;23.9;19.4;265.9
3637;Rothenbrunnen;33;11;301;62;64;21.3;20.6;96.8
3638;Scharans;31;3.8;822;169;208;25.3;20.6;57.5
3640;Sils im Domleschg;170;17.4;979;206;227;23.2;21;105.5
3661;Cazis;393;16.8;2346;458;487;20.8;19.5;75.2
3662;Flerden;15;6;251;57;49;19.5;22.7;41.2
3663;Masein;35;6.8;517;129;100;19.3;25;123.1
3668;Thusis;1168;34.2;3415;623;727;21.3;18.2;203.6
3669;Tschappina;5;3.5;142;24;43;30.3;16.9;5.8
3670;Urmein;13;7.8;166;26;67;40.4;15.7;38.4
3672;Safiental;47;4.9;952;180;236;24.8;18.9;6.3
3673;Domleschg;142;6.5;2200;452;484;22;20.5;47.9
3681;Avers;10;6;168;37;51;30.4;22;1.8
3695;Sufers;13;9;145;37;39;26.9;25.5;4.2
37;Ossingen;186;10.9;1710;345;327;19.1;20.2;130.6
3701;Andeer;126;13.7;921;179;255;27.7;19.4;19.9
371;Biel/Bienne;18287;33.2;55070;10607;10253;18.6;19.3;2598.9
3711;Rongellen;5;8.5;59;11;11;18.6;18.6;29.2
3712;Zillis-Reischen;75;18.6;404;62;82;20.3;15.3;16.5
3713;Ferrera;8;11;73;7;27;37;9.6;1
3714;Rheinwald;70;12.4;564;78;179;31.7;13.8;4.1
3715;Muntogna da Schons;21;5.5;383;81;85;22.2;21.1;7.1
372;Evilard;341;12.6;2704;642;606;22.4;23.7;730.8
3721;Bonaduz;494;14.1;3493;752;618;17.7;21.5;242.6
3722;Domat/Ems;2017;24.6;8199;1674;1617;19.7;20.4;338.5
3723;Rhäzüns;327;20.3;1612;371;276;17.1;23;120.6
3731;Felsberg;353;12.7;2781;666;441;15.9;23.9;207.5
3732;Flims;765;26.2;2917;445;681;23.3;15.3;57.8
3733;Tamins;173;14.4;1205;226;268;22.2;18.8;29.6
3734;Trin;179;12;1488;288;345;23.2;19.4;31.5
3746;Zernez;307;20;1532;276;378;24.7;18;4.5
3752;Samnaun;217;27.4;791;114;149;18.8;14.4;14.1
3762;Scuol;973;21.1;4601;799;1200;26.1;17.4;10.5
3764;Valsot;77;9.3;826;143;216;26.2;17.3;5.2
3781;Bever;98;16.2;605;96;150;24.8;15.9;13.2
3782;Celerina/Schlarigna;384;27;1424;202;325;22.8;14.2;59.3
3783;Madulain;51;24.5;208;31;57;27.4;14.9;12.8
3784;Pontresina;674;32.1;2100;348;450;21.4;16.6;17.8
3785;La Punt Chamues-ch;162;23.2;698;96;190;27.2;13.8;11
3786;Samedan;677;23.3;2905;479;608;20.9;16.5;25.5
3787;St. Moritz;2088;42.4;4924;659;1116;22.7;13.4;171.6
3788;S-chanf;125;17.7;705;125;150;21.3;17.7;5.1
3789;Sils im Engadin/Segl;228;32.7;697;118;149;21.4;16.9;11
3790;Silvaplana;363;33.5;1083;145;294;27.1;13.4;24.2
3791;Zuoz;415;33.8;1228;297;270;22;24.2;18.7
3792;Bregaglia;234;14.8;1576;262;452;28.7;16.6;6.3
38;Rheinau;242;18.8;1285;233;290;22.6;18.1;143.6
3804;Buseno;8;9.6;83;7;28;33.7;8.4;7.4
3805;Castaneda;38;14.2;268;34;82;30.6;12.7;67.7
3808;Rossa;17;10.8;158;11;66;41.8;7;2.7
381;Arch;134;7.8;1718;331;371;21.6;19.3;269.3
3810;Santa Maria in Calanca;21;17.4;121;8;39;32.2;6.6;13
382;Büetigen;77;8.4;920;197;167;18.2;21.4;254.8
3821;Lostallo;157;18.3;856;148;191;22.3;17.3;16.8
3822;Mesocco;285;20.9;1365;192;372;27.3;14.1;8.3
3823;Soazza;61;18.4;332;32;110;33.1;9.6;7.2
383;Büren an der Aare;728;19.7;3696;767;789;21.3;20.8;293.3
3831;Cama;181;27.5;658;113;126;19.1;17.2;43.9
3832;Grono;460;30.4;1513;257;290;19.2;17;40.8
3834;Roveredo (GR);655;25;2625;480;541;20.6;18.3;67.7
3835;San Vittore;233;26.6;875;101;180;20.6;11.5;39.7
3837;Calanca;42;19.4;217;23;78;35.9;10.6;5.8
3847;Val Müstair;120;8.4;1425;182;473;33.2;12.8;7.2
385;Diessbach bei Büren;99;9.7;1016;245;174;17.1;24.1;160.5
3851;Davos;3008;28;10732;1828;2310;21.5;17;37.8
386;Dotzigen;140;8.8;1589;368;349;22;23.2;375.7
3861;Fideris;33;5.4;613;109;144;23.5;17.8;24.2
3862;Furna;7;3.4;205;44;48;23.4;21.5;6.2
3863;Jenaz;109;9.5;1148;208;290;25.3;18.1;44.3
387;Lengnau (BE);1638;29.3;5595;1112;1239;22.1;19.9;755.1
3871;Klosters;892;20.2;4423;661;1252;28.3;14.9;20.1
388;Leuzigen;116;8.7;1341;307;284;21.2;22.9;130.4
3881;Conters im Prättigau;18;7.5;241;51;52;21.6;21.2;13.1
3882;Küblis;172;19.2;897;166;196;21.9;18.5;110.2
389;Meienried;5;8.9;56;9;12;21.4;16.1;86.2
3891;Luzein;122;7.5;1624;313;410;25.2;19.3;19.4
39;Thalheim an der Thur;93;9.5;977;229;164;16.8;23.4;151.7
390;Meinisberg;180;12.7;1419;324;288;20.3;22.8;323.2
3901;Chur;8391;21.8;38432;6278;8475;22.1;16.3;468.8
391;Oberwil bei Büren;53;5.7;926;195;179;19.3;21.1;137.4
3911;Churwalden;568;26.8;2121;354;417;19.7;16.7;43.7
392;Pieterlen;1639;32.4;5059;1201;863;17.1;23.7;605.9
3921;Arosa;733;23.9;3061;365;795;26;11.9;19.8
393;Rüti bei Büren;100;11.7;855;166;189;22.1;19.4;131.5
394;Wengi;51;8.1;633;118;110;17.4;18.6;89.4
3945;Trimmis;429;12.7;3391;713;636;18.8;21;79.1
3946;Untervaz;296;11.4;2600;535;442;17;20.6;93.8
3947;Zizers;536;15.1;3545;704;702;19.8;19.9;322
3951;Fläsch;97;11.3;855;139;149;17.4;16.3;42.9
3952;Jenins;117;12.5;938;174;183;19.5;18.6;89
3953;Maienfeld;339;10.8;3141;589;617;19.6;18.8;97.2
3954;Malans;197;7.9;2506;491;508;20.3;19.6;219.8
3955;Landquart;2095;22.9;9153;1844;1808;19.8;20.1;485.3
3961;Grüsch;183;8.5;2153;401;477;22.2;18.6;49.7
3962;Schiers;554;19.4;2861;606;551;19.3;21.2;46.4
3972;Seewis im Prättigau;155;10.9;1426;286;281;19.7;20.1;28.7
3981;Breil/Brigels;150;8.7;1719;311;445;25.9;18.1;17.8
3982;Disentis/Mustér;276;13.7;2009;338;583;29;16.8;22.1
3983;Medel (Lucmagn);31;9.3;332;30;88;26.5;9;2.4
3985;Sumvitg;64;5.9;1082;142;322;29.8;13.1;10.6
3986;Tujetsch;144;12.2;1180;167;366;31;14.2;8.8
3987;Trun;134;11.6;1152;174;294;25.5;15.1;22.2
3988;Obersaxen Mundaun;91;8;1138;187;327;28.7;16.4;16.2
4;Hausen am Albis;640;16.5;3879;844;746;19.2;21.8;285.2
40;Trüllikon;102;9.6;1066;201;257;24.1;18.9;111.5
4001;Aarau;4722;21.7;21807;3908;4077;18.7;17.9;1767.2
4002;Biberstein;168;10.3;1624;287;433;26.7;17.7;396.1
4003;Buchs (AG);2953;35.5;8319;1856;1339;16.1;22.3;1563.7
4004;Densbüren;78;10.5;743;131;163;21.9;17.6;59.3
4005;Erlinsbach (AG);794;17.8;4473;911;1020;22.8;20.4;453.7
4006;Gränichen;1982;23.5;8432;1725;1616;19.2;20.5;489.4
4007;Hirschthal;187;11.1;1685;346;329;19.5;20.5;477.3
4008;Küttigen;1049;16;6547;1351;1363;20.8;20.6;550.2
4009;Muhen;585;14.4;4049;843;861;21.3;20.8;576
401;Aefligen;115;10.1;1140;243;237;20.8;21.3;558.8
4010;Oberentfelden;3063;35;8760;1888;1668;19;21.6;1223.5
4012;Suhr;3919;35.7;10968;2436;1867;17;22.2;1032.8
4013;Unterentfelden;1260;28.7;4391;944;851;19.4;21.5;1524.7
402;Alchenstorf;21;3.5;606;110;149;24.6;18.2;92.2
4021;Baden;6398;28;22849;4036;3787;16.6;17.7;1552.2
4022;Bellikon;188;12;1571;266;353;22.5;16.9;318
4023;Bergdietikon;580;19.7;2938;629;596;20.3;21.4;494.6
4024;Birmenstorf (AG);602;20;3010;674;508;16.9;22.4;385.9
4026;Ennetbaden;813;22.5;3613;733;694;19.2;20.3;1712.3
4027;Fislisbach;1626;27.2;5984;1214;1294;21.6;20.3;1185
4028;Freienwil;144;13.1;1102;249;190;17.2;22.6;276.2
4029;Gebenstorf;1545;27.3;5665;1167;1112;19.6;20.6;1002.7
403;Bäriswil;78;7.1;1096;233;236;21.5;21.3;401.5
4030;Killwangen;563;27.2;2072;442;374;18.1;21.3;852.7
4031;Künten;333;17.6;1888;383;344;18.2;20.3;386.1
4032;Mägenwil;584;26.6;2194;503;302;13.8;22.9;630.5
4033;Mellingen;2044;34;6019;1297;1006;16.7;21.5;1235.9
4034;Neuenhof;4535;50.5;8972;1890;1604;17.9;21.1;1667.7
4035;Niederrohrdorf;832;18.5;4498;899;928;20.6;20;1350.8
4037;Oberrohrdorf;742;17.8;4165;769;1012;24.3;18.5;968.6
4038;Obersiggenthal;2766;31.5;8782;1842;1909;21.7;21;1050.5
4039;Remetschwil;318;15.4;2070;408;387;18.7;19.7;533.5
404;Burgdorf;3021;18.2;16586;3125;3644;22;18.8;1065.9
4040;Spreitenbach;6276;50.9;12322;2810;1820;14.8;22.8;1432.8
4041;Stetten (AG);505;20.9;2420;537;388;16;22.2;548.8
4044;Untersiggenthal;2223;29.7;7486;1608;1431;19.1;21.5;904.1
4045;Wettingen;6006;28.5;21094;4057;4331;20.5;19.2;1990
4046;Wohlenschwil;383;21;1820;399;297;16.3;21.9;414.6
4047;Würenlingen;1284;25.7;5005;1083;884;17.7;21.6;534.2
4048;Würenlos;1250;18.6;6727;1527;1257;18.7;22.7;745
4049;Ehrendingen;843;17.5;4827;1050;940;19.5;21.8;662.1
405;Ersigen;73;3.6;2020;410;442;21.9;20.3;130.7
406;Hasle bei Burgdorf;299;8.9;3377;717;653;19.3;21.2;154.3
4061;Arni (AG);262;13.9;1886;400;347;18.4;21.2;559.6
4062;Berikon;917;18.8;4880;1037;1014;20.8;21.3;907.1
4063;Bremgarten (AG);1951;22.4;8705;1644;1593;18.3;18.9;766.3
4064;Büttikon;210;18.9;1111;240;200;18;21.6;394
4065;Dottikon;1575;38.6;4085;862;693;17;21.1;1052.8
4066;Eggenwil;195;18.8;1038;216;214;20.6;20.8;422
4067;Fischbach-Göslikon;348;20.3;1714;384;276;16.1;22.4;558.3
4068;Hägglingen;366;14.9;2454;494;463;18.9;20.1;316.6
407;Heimiswil;63;3.9;1613;355;316;19.6;22;69
4071;Jonen;372;16.1;2316;541;334;14.4;23.4;406.3
4072;Niederwil (AG);566;18.8;3005;609;553;18.4;20.3;488.6
4073;Oberlunkhofen;288;13.7;2096;399;451;21.5;19;644.9
4074;Oberwil-Lieli;315;12.2;2586;538;532;20.6;20.8;483.4
4075;Rudolfstetten-Friedlisberg;1312;28.4;4618;997;804;17.4;21.6;942.4
4076;Sarmenstorf;464;15.1;3066;672;514;16.8;21.9;369.4
4077;Tägerig;297;19.4;1527;368;276;18.1;24.1;464.1
4078;Uezwil;68;13.5;503;105;82;16.3;20.9;206.1
4079;Unterlunkhofen;222;14.3;1552;296;282;18.2;19.1;345.7
408;Hellsau;10;4.9;203;49;34;16.7;24.1;137.2
4080;Villmergen;2668;33.9;7869;1802;1223;15.5;22.9;659
4081;Widen;684;17.6;3877;783;960;24.8;20.2;1479.8
4082;Wohlen (AG);6999;40.9;17133;3542;3244;18.9;20.7;1372.8
4083;Zufikon;946;20.1;4713;940;998;21.2;19.9;979.8
4084;Islisberg;95;13.7;694;155;105;15.1;22.3;418.1
409;Hindelbank;359;12.8;2806;601;530;18.9;21.4;289.6
4091;Auenstein;188;11.3;1669;311;328;19.7;18.6;293.8
4092;Birr;2061;44.8;4605;1091;718;15.6;23.7;911.9
4093;Birrhard;128;16.9;757;138;130;17.2;18.2;252.3
4095;Brugg;3892;30.1;12943;2392;2815;21.7;18.5;1568.8
4099;Habsburg;38;8.9;427;68;101;23.7;15.9;191.5
41;Truttikon;36;7.7;465;90;97;20.9;19.4;105.4
410;Höchstetten;15;5.6;268;49;54;20.1;18.3;101.5
4100;Hausen (AG);961;25.2;3810;764;760;19.9;20.1;1190.6
4104;Lupfig;696;21.1;3291;636;669;20.3;19.3;389.5
4105;Mandach;34;9.9;343;76;72;21;22.2;61.9
4106;Mönthal;54;13.6;396;64;133;33.6;16.2;100.5
4107;Mülligen;234;21.1;1110;228;192;17.3;20.5;351.3
411;Kernenried;30;5.5;541;110;107;19.8;20.3;162.5
4110;Remigen;257;18.9;1359;282;294;21.6;20.8;172.7
4111;Riniken;323;21.2;1527;337;342;22.4;22.1;320.8
4112;Rüfenach;119;13.9;856;157;184;21.5;18.3;205.3
4117;Thalheim (AG);75;8.2;912;176;215;23.6;19.3;91.9
412;Kirchberg (BE);895;15.2;5899;1113;1424;24.1;18.9;651.8
4120;Veltheim (AG);298;19.6;1517;304;263;17.3;20;289.5
4121;Villigen;602;27.6;2179;397;449;20.6;18.2;194.4
4122;Villnachern;282;16.9;1664;359;360;21.6;21.6;289.4
4123;Windisch;2353;29.3;8022;1634;1483;18.5;20.4;1633.8
4124;Bözberg;183;11;1657;308;383;23.1;18.6;106.9
4125;Schinznach;438;18.2;2407;437;525;21.8;18.2;196.7
413;Koppigen;152;6.9;2214;417;535;24.2;18.8;319.5
4131;Beinwil am See;586;16.9;3477;659;733;21.1;19;910.2
4132;Birrwil;256;18.9;1357;183;331;24.4;13.5;397.9
4134;Dürrenäsch;165;12.2;1348;338;239;17.7;25.1;228.1
4135;Gontenschwil;393;18.5;2124;384;471;22.2;18.1;218.1
4136;Holziken;340;20.2;1681;326;269;16;19.4;587.8
4137;Leimbach (AG);63;12.5;502;95;97;19.3;18.9;436.5
4138;Leutwil;65;8.8;742;143;153;20.6;19.3;197.9
4139;Menziken;2994;38;7874;1689;1450;18.4;21.5;1075.7
414;Krauchthal;135;5.7;2369;445;480;20.3;18.8;121.9
4140;Oberkulm;746;26.1;2863;628;604;21.1;21.9;304.3
4141;Reinach (AG);3904;42.4;9216;1862;1822;19.8;20.2;973.2
4142;Schlossrued;83;9.9;840;157;166;19.8;18.7;115.9
4143;Schmiedrued;119;10.3;1159;223;232;20;19.2;134
4144;Schöftland;827;18.3;4520;834;1031;22.8;18.5;719.7
4145;Teufenthal (AG);461;26.5;1738;322;316;18.2;18.5;486.8
4146;Unterkulm;1108;31.5;3519;760;678;19.3;21.6;396.3
4147;Zetzwil;170;12.3;1382;287;285;20.6;20.8;238.3
415;Lyssach;146;9.9;1477;283;327;22.1;19.2;244.1
4161;Eiken;609;25.3;2409;486;403;16.7;20.2;340.3
4163;Frick;1530;26.8;5718;1155;1108;19.4;20.2;574.1
4164;Gansingen;117;10.8;1079;213;231;21.4;19.7;123
4165;Gipf-Oberfrick;557;14.7;3802;750;727;19.1;19.7;373.8
4169;Kaisten;552;19.5;2824;521;572;20.3;18.4;156.1
4170;Laufenburg;1211;32.8;3688;751;799;21.7;20.4;254.9
4172;Münchwilen (AG);291;28.1;1034;205;166;16.1;19.8;420.3
4173;Oberhof;48;8.3;576;148;94;16.3;25.7;70.2
4175;Oeschgen;179;15.6;1150;240;190;16.5;20.9;262.6
4176;Schwaderloch;186;26.5;703;123;132;18.8;17.5;253.8
4177;Sisseln;509;30.2;1684;321;276;16.4;19.1;668.3
418;Oberburg;560;19.1;2936;595;616;21;20.3;207.6
4181;Wittnau;136;9.8;1385;285;242;17.5;20.6;123.1
4182;Wölflinswil;90;8.7;1029;214;198;19.2;20.8;108.2
4183;Zeihen;214;17.5;1220;265;192;15.7;21.7;177.3
4184;Mettauertal;369;17.6;2101;371;482;22.9;17.7;97.3
4185;Böztal;519;18.3;2843;594;546;19.2;20.9;127.4
4186;Herznach-Ueken;433;16.9;2563;527;426;16.6;20.6;225.4
4191;Ammerswil;107;13.8;777;192;123;15.8;24.7;243.6
4192;Boniswil;286;17.1;1669;317;327;19.6;19;692.5
4193;Brunegg;210;23.9;877;193;123;14;22;565.8
4194;Dintikon;647;27.2;2379;536;384;16.1;22.5;639.5
4195;Egliswil;217;14.1;1544;281;270;17.5;18.2;245.5
4196;Fahrwangen;614;25;2456;540;440;17.9;22;612.5
4197;Hallwil;216;21.5;1003;188;175;17.4;18.7;460.1
4198;Hendschiken;284;21.3;1334;285;168;12.6;21.4;379
4199;Holderbank (AG);507;34.1;1487;269;225;15.1;18.1;638.2
420;Rüdtligen-Alchenflüh;626;25.5;2459;487;467;19;19.8;904
4200;Hunzenschwil;1309;30.4;4308;905;646;15;21;1321.5
4201;Lenzburg;3197;28.9;11054;1991;1932;17.5;18;977.4
4202;Meisterschwanden;575;17.6;3266;521;670;20.5;16;768.5
4203;Möriken-Wildegg;989;21.2;4676;970;965;20.6;20.7;707.4
4204;Niederlenz;1322;27.7;4781;1135;735;15.4;23.7;1444.4
4205;Othmarsingen;831;26.8;3096;682;441;14.2;22;655.9
4206;Rupperswil;1388;23.5;5912;1293;889;15;21.9;950.5
4207;Schafisheim;615;20.3;3037;657;598;19.7;21.6;479.8
4208;Seengen;487;11.2;4333;871;907;20.9;20.1;447.2
4209;Seon;1365;25.1;5433;1153;1011;18.6;21.2;564.8
421;Rumendingen;0;0;78;20;16;20.5;25.6;32
4210;Staufen;777;18.6;4174;886;652;15.6;21.2;1165.9
422;Rüti bei Lyssach;5;3.1;160;34;31;19.4;21.3;124
4221;Abtwil;170;16.1;1054;234;132;12.5;22.2;254.6
4222;Aristau;282;17.8;1588;332;236;14.9;20.9;183.8
4223;Auw;491;21.5;2279;595;265;11.6;26.1;266.2
4224;Beinwil (Freiamt);154;12.3;1248;305;199;15.9;24.4;110.3
4226;Besenbüren;55;8.8;628;141;87;13.9;22.5;263.9
4227;Bettwil;66;9.7;680;147;111;16.3;21.6;160
4228;Boswil;587;19.4;3031;677;506;16.7;22.3;257.3
4229;Bünzen;207;17.3;1197;259;194;16.2;21.6;207.1
423;Willadingen;N/A - secret statistique;N/A - secret statistique;191;28;61;31.9;14.7;88
4230;Buttwil;160;12.6;1274;279;214;16.8;21.9;278.8
4231;Dietwil;247;17.3;1428;336;190;13.3;23.5;260.1
4232;Geltwil;24;10.7;225;48;37;16.4;21.3;68.6
4233;Kallern;38;9.3;408;115;57;14;28.2;152.2
4234;Merenschwand;746;19.9;3757;841;532;14.2;22.4;278.1
4235;Mühlau;238;18.9;1259;270;191;15.2;21.4;228.1
4236;Muri (AG);1850;22.1;8381;1700;1615;19.3;20.3;679.2
4237;Oberrüti;225;14.1;1594;395;233;14.6;24.8;296.3
4238;Rottenschwil;140;15.3;913;138;159;17.4;15.1;203.3
4239;Sins;858;19.7;4352;990;731;16.8;22.7;214.3
424;Wynigen;66;3.2;2071;446;485;23.4;21.5;73.1
4240;Waltenschwil;532;17.2;3088;636;562;18.2;20.6;680.2
4251;Hellikon;69;8.4;817;154;183;22.4;18.8;116.1
4252;Kaiseraugst;1591;29;5490;1064;1071;19.5;19.4;1120.4
4253;Magden;580;14.9;3894;799;848;21.8;20.5;353.4
4254;Möhlin;2927;26.1;11231;2348;2085;18.6;20.9;597.4
4255;Mumpf;523;33.9;1541;233;269;17.5;15.1;490.8
4256;Obermumpf;203;18.9;1076;203;186;17.3;18.9;214.3
4257;Olsberg;48;13.3;361;58;102;28.3;16.1;78.3
4258;Rheinfelden;4520;33.2;13624;2426;2833;20.8;17.8;850.4
4259;Schupfart;155;18;859;151;168;19.6;17.6;121.8
4260;Stein (AG);1422;41.8;3405;649;595;17.5;19.1;1203.2
4261;Wallbach;370;18;2061;385;413;20;18.7;453
4262;Wegenstetten;106;10.5;1007;178;257;25.5;17.7;141.4
4263;Zeiningen;465;18.6;2494;512;482;19.3;20.5;219.3
4264;Zuzgen;149;16.7;892;175;179;20.1;19.6;106.3
4271;Aarburg;3937;45;8746;1786;1248;14.3;20.4;1983.2
4273;Bottenwil;75;8.8;852;188;180;21.1;22.1;167.1
4274;Brittnau;478;11.6;4130;818;796;19.3;19.8;302.1
4275;Kirchleerau;137;14.8;928;186;179;19.3;20;212.8
4276;Kölliken;1051;22.1;4757;1079;794;16.7;22.7;535.1
4277;Moosleerau;137;14.9;919;176;162;17.6;19.2;241.2
4279;Murgenthal;668;21.8;3064;602;602;19.6;19.6;164.6
4280;Oftringen;5930;39.5;15020;3289;2358;15.7;21.9;1168.9
4281;Reitnau;179;11.3;1583;359;245;15.5;22.7;197.4
4282;Rothrist;2321;24.3;9565;2100;1753;18.3;22;807.2
4283;Safenwil;1208;27.4;4412;890;773;17.5;20.2;736.6
4284;Staffelbach;196;14.6;1342;263;203;15.1;19.6;150.3
4285;Strengelbach;1432;28.9;4948;959;1008;20.4;19.4;820.6
4286;Uerkheim;151;10.9;1391;269;277;19.9;19.3;196.2
4287;Vordemwald;180;9.1;1978;412;450;22.8;20.8;195.1
4288;Wiliberg;13;7.8;167;25;35;21;15;142.7
4289;Zofingen;2524;20.3;12453;2363;2493;20;19;1123.9
43;Volken;31;8.1;381;95;46;12.1;24.9;119.1
4303;Böttstein;1730;41.8;4143;832;934;22.5;20.1;557.6
4304;Döttingen;1909;43.6;4375;858;808;18.5;19.6;631.3
4305;Endingen;495;19;2610;590;509;19.5;22.6;219.1
4306;Fisibach;182;31.3;582;141;77;13.2;24.2;100.9
4307;Full-Reuenthal;190;19.8;958;215;180;18.8;22.4;200.4
4309;Klingnau;1076;29.9;3603;731;752;20.9;20.3;537
431;Corgémont;263;14.7;1789;429;363;20.3;24;101.2
4310;Koblenz;711;42.5;1673;326;288;17.2;19.5;410
4311;Leibstadt;593;39.3;1507;291;272;18;19.3;235.5
4312;Lengnau (AG);446;15.6;2866;645;514;17.9;22.5;226.2
4313;Leuggern;589;25.1;2345;413;512;21.8;17.6;170.4
4314;Mellikon;27;11.7;231;49;61;26.4;21.2;85.6
4318;Schneisingen;201;13.2;1526;275;365;23.9;18;184.7
4319;Siglistorf;161;22.6;713;140;112;15.7;19.6;129.4
432;Cormoret;27;5.3;505;114;117;23.2;22.6;37.5
4320;Tegerfelden;214;16.7;1282;261;234;18.3;20.4;180.3
4324;Zurzach;2732;34.5;7911;1400;1752;22.1;17.7;304.4
433;Cortébert;97;14.2;683;139;150;22;20.4;46.3
434;Courtelary;215;15.1;1420;344;276;19.4;24.2;63.9
435;La Ferrière;41;7.6;539;108;83;15.4;20;38.1
437;Mont-Tramelan;N/A - secret statistique;N/A - secret statistique;110;32;23;20.9;29.1;23.7
438;Orvin;138;11.2;1236;240;295;23.9;19.4;57.2
4401;Arbon;5362;34.7;15459;2989;3245;21;19.3;2576.5
4406;Dozwil;135;18.9;715;164;148;20.7;22.9;550
441;Renan (BE);101;10.3;977;200;191;19.5;20.5;77.4
4411;Egnach;724;14.8;4897;1081;874;17.8;22.1;265.7
4416;Hefenhofen;220;16.8;1309;266;193;14.7;20.3;215.3
442;Romont (BE);44;19.8;222;33;58;26.1;14.9;31.6
4421;Horn;532;18.3;2907;463;681;23.4;15.9;1690.1
4426;Kesswil;186;18.5;1007;217;234;23.2;21.5;225.3
443;Saint-Imier;1532;30.2;5080;980;996;19.6;19.3;243.4
4431;Roggwil (TG);358;10.7;3358;748;552;16.4;22.3;279.1
4436;Romanshorn;3814;33;11556;2183;2485;21.5;18.9;1323.7
444;Sonceboz-Sombeval;334;17.4;1921;427;337;17.5;22.2;128.3
4441;Salmsach;489;31;1576;337;256;16.2;21.4;581.5
4446;Sommeri;120;18.3;654;140;114;17.4;21.4;155
445;Sonvilier;157;13;1210;292;193;16;24.1;50.9
4451;Uttwil;357;18.6;1918;358;427;22.3;18.7;439.9
446;Tramelan;770;16.8;4587;983;953;20.8;21.4;184.7
4461;Amriswil;4782;33.4;14313;2968;2615;18.3;20.7;752.5
4471;Bischofszell;1607;26.5;6064;1231;1162;19.2;20.3;523.7
4476;Erlen;1079;27.8;3888;931;568;14.6;23.9;318.9
448;Villeret;158;17.1;923;194;190;20.6;21;56.9
4486;Hauptwil-Gottshaus;212;10.4;2040;472;335;16.4;23.1;163.3
449;Sauge;104;12.6;826;141;195;23.6;17.1;61.4
4495;Hohentannen;62;9.4;661;147;80;12.1;22.2;82.5
450;Péry-La Heutte;362;18.5;1960;379;437;22.3;19.3;82.4
4501;Kradolf-Schönenberg;951;25.9;3669;716;654;17.8;19.5;335.1
4506;Sulgen;1162;28.6;4056;816;728;17.9;20.1;444.7
4511;Zihlschlacht-Sitterdorf;381;15;2534;565;409;16.1;22.3;207.5
4536;Basadingen-Schlattingen;299;16.2;1846;382;355;19.2;20.7;118.1
4545;Diessenhofen;1584;38.5;4118;793;893;21.7;19.3;408.5
4546;Schlatt (TG);251;13.5;1859;389;334;18;20.9;119.6
4551;Aadorf;1574;16.7;9422;1929;1973;20.9;20.5;472.5
4561;Felben-Wellhausen;698;21.8;3199;662;566;17.7;20.7;433.5
4566;Frauenfeld;6645;25.5;26093;4998;5196;19.9;19.2;954
4571;Gachnang;696;15.2;4564;1004;785;17.2;22;468.6
4590;Hüttlingen;104;12.2;852;178;161;18.9;20.9;73.4
4591;Matzingen;904;29;3112;665;469;15.1;21.4;405.2
4601;Neunforn;81;7.4;1088;210;225;20.7;19.3;95.8
4606;Stettfurt;102;8.2;1237;299;221;17.9;24.2;194.2
4611;Thundorf;145;9.1;1598;370;294;18.4;23.2;102.3
4616;Uesslingen-Buch;120;10.7;1120;219;227;20.3;19.6;79.8
4621;Warth-Weiningen;150;10.7;1400;285;292;20.9;20.4;170.5
4641;Altnau;519;22.1;2347;516;428;18.2;22;348.7
4643;Bottighofen;1006;37.3;2696;517;619;23;19.2;1114
4646;Ermatingen;1239;32.9;3770;695;861;22.8;18.4;360.4
4651;Gottlieben;166;48.1;345;62;77;22.3;18;1112.9
4656;Güttingen;367;21.4;1716;349;359;20.9;20.3;179.9
4666;Kemmental;564;20.7;2729;607;449;16.5;22.2;109
4671;Kreuzlingen;12820;56.3;22788;4068;4384;19.2;17.9;1979.8
4681;Langrickenbach;263;18.2;1442;333;211;14.6;23.1;133.1
4683;Lengwil;491;27.9;1759;395;285;16.2;22.5;197.9
4691;Münsterlingen;1335;37.9;3522;664;685;19.4;18.9;646.2
4696;Tägerwilen;1959;38.1;5147;1089;849;16.5;21.2;445.2
4701;Wäldi;214;19.1;1119;243;207;18.5;21.7;91.6
4711;Affeltrangen;497;17.8;2786;671;437;15.7;24.1;193.1
4716;Bettwiesen;277;21.7;1275;249;194;15.2;19.5;331.2
4721;Bichelsee-Balterswil;358;11.9;3007;660;538;17.9;21.9;245.3
4723;Braunau;94;11;855;183;127;14.9;21.4;93.2
4724;Eschlikon;735;15.2;4847;978;905;18.7;20.2;779.3
4726;Fischingen;274;9.3;2933;661;529;18;22.5;95.9
4741;Lommis;176;14;1254;279;208;16.6;22.2;145.6
4746;Münchwilen (TG);1295;22.1;5854;1341;1009;17.2;22.9;749.6
4751;Rickenbach (TG);1176;39.2;2999;601;510;17;20;1898.1
4756;Schönholzerswilen;82;9.3;882;216;121;13.7;24.5;80.7
4761;Sirnach;1944;24.4;7963;1565;1442;18.1;19.7;643.2
4776;Tobel-Tägerschen;284;17.6;1616;350;272;16.8;21.7;227.3
4781;Wängi;812;16.9;4816;1084;854;17.7;22.5;293.1
4786;Wilen (TG);361;14.4;2508;614;418;16.7;24.5;1114.7
4791;Wuppenau;99;8.3;1189;301;208;17.5;25.3;98.1
4801;Berlingen;249;26.8;928;136;283;30.5;14.7;259.2
4806;Eschenz;368;19.6;1882;363;419;22.3;19.3;156.6
4811;Herdern;152;13.4;1136;228;188;16.5;20.1;82.7
4816;Homburg;148;9.4;1579;363;330;20.9;23;65.4
4821;Hüttwilen;196;11;1775;417;328;18.5;23.5;100.5
4826;Mammern;206;29.7;693;143;136;19.6;20.6;127.2
4831;Müllheim;625;19.4;3218;651;570;17.7;20.2;368.2
4841;Pfyn;391;17.7;2208;464;390;17.7;21;168
4846;Raperswilen;46;10.6;435;89;91;20.9;20.5;56.6
4851;Salenstein;409;28.4;1440;233;336;23.3;16.2;220.2
4864;Steckborn;1104;27.6;3997;701;1011;25.3;17.5;455.8
4871;Wagenhausen;406;22.7;1787;348;359;20.1;19.5;151.2
4881;Amlikon-Bissegg;163;11.9;1373;274;263;19.2;20;95
4891;Berg (TG);539;15.3;3532;785;625;17.7;22.2;268.8
4901;Birwinken;206;14.9;1381;304;245;17.7;22;112.4
491;Brüttelen;125;20.1;621;110;136;21.9;17.7;93.9
4911;Bürglen (TG);1277;31.4;4067;785;698;17.2;19.3;347.3
492;Erlach;222;16.1;1376;261;322;23.4;19;387.6
4921;Bussnang;437;17.2;2546;583;378;14.8;22.9;134.9
493;Finsterhennen;173;30.2;573;118;106;18.5;20.6;160.5
494;Gals;123;14.5;851;166;159;18.7;19.5;108.4
4941;Märstetten;494;16.9;2927;615;483;16.5;21;293.9
4946;Weinfelden;2862;24.1;11893;2348;2370;19.9;19.7;768.3
495;Gampelen;196;19.6;1002;187;171;17.1;18.7;92.4
4951;Wigoltingen;446;17.2;2600;568;456;17.5;21.8;151.8
496;Ins;655;18.1;3621;781;782;21.6;21.6;151.7
497;Lüscherz;55;9.9;558;70;151;27.1;12.5;103
498;Müntschemier;524;32.6;1609;349;267;16.6;21.7;330.4
499;Siselen;78;12.4;629;121;143;22.7;19.2;114.2
5;Hedingen;730;18.9;3871;816;675;17.4;21.1;592.8
500;Treiten;54;12.5;431;66;100;23.2;15.3;90.9
5001;Arbedo-Castione;1363;26.8;5082;975;1014;20;19.2;237.6
5002;Bellinzona;11501;26;44270;8447;9426;21.3;19.1;269.6
5003;Cadenazzo;1275;41.6;3068;640;445;14.5;20.9;366.1
5009;Isone;31;8;388;62;109;28.1;16;30.2
501;Tschugg;89;18.8;473;84;98;20.7;17.8;143.8
5010;Lumino;297;18.4;1613;316;305;18.9;19.6;159.7
5017;Sant'Antonino;686;26.5;2584;472;492;19;18.3;394.5
502;Vinelz;70;7.9;888;153;230;25.9;17.2;194.7
5048;Acquarossa;222;12.1;1831;291;501;27.4;15.9;29.6
5049;Blenio;112;6.4;1745;289;514;29.5;16.6;8.6
5050;Serravalle;199;9.7;2053;362;529;25.8;17.6;21.2
5061;Airolo;358;25;1432;213;407;28.4;14.9;15.2
5063;Bedretto;7;7.4;94;3;29;30.9;3.2;1.3
5071;Dalpe;13;7.3;177;21;64;36.2;11.9;12.2
5072;Faido;582;20.9;2782;427;821;29.5;15.3;21
5073;Giornico;573;34.1;1680;288;446;26.5;17.1;64.6
5076;Personico;45;14.6;308;53;88;28.6;17.2;7.9
5077;Pollegio;296;35.1;844;135;156;18.5;16;141.6
5079;Quinto;296;22.2;1332;205;396;29.7;15.4;14.5
5091;Ascona;1526;28.1;5436;743;1819;33.5;13.7;1098.2
5096;Brione sopra Minusio;89;19.7;452;46;170;37.6;10.2;118.3
5097;Brissago;343;21.3;1613;166;620;38.4;10.3;90.2
51;Bachenbülach;1045;24.8;4208;903;872;20.7;21.5;976.3
5108;Gordola;943;19.6;4820;849;1133;23.5;17.6;693.5
5112;Lavertezzo;292;24.1;1213;283;220;18.1;23.3;1362.9
5113;Locarno;5613;34.6;16241;2587;4116;25.3;15.9;858.9
5115;Losone;1632;24.3;6713;1193;1625;24.2;17.8;724.9
5117;Mergoscia;16;8.1;198;23;66;33.3;11.6;16.3
5118;Minusio;1849;24.9;7421;1167;2150;29;15.7;1266.4
5120;Muralto;749;29;2579;277;902;35;10.7;4371.2
5121;Orselina;137;19.5;701;39;300;42.8;5.6;361.3
5125;Ronco sopra Ascona;135;25.1;538;35;219;40.7;6.5;107.4
5131;Tenero-Contra;794;24.5;3244;612;787;24.3;18.9;876.8
5136;Onsernone;58;8.6;675;62;262;38.8;9.2;6.4
5138;Cugnasco-Gerra;426;14.9;2851;553;617;21.6;19.4;156.6
5141;Agno;1472;32.9;4468;792;996;22.3;17.7;1794.4
5143;Aranno;48;13.3;361;71;71;19.7;19.7;139.4
5144;Arogno;110;11.5;955;160;245;25.7;16.8;112.5
5148;Bedano;240;16.1;1495;310;301;20.1;20.7;799.5
5151;Bioggio;539;19.7;2737;452;559;20.4;16.5;427.7
5154;Bissone;430;45.5;945;118;216;22.9;12.5;510.8
5160;Brusino Arsizio;116;25.3;458;65;143;31.2;14.2;111.2
5161;Cademario;145;18.4;789;147;162;20.5;18.6;199.2
5162;Cadempino;413;27.5;1501;263;288;19.2;17.5;1975
5167;Canobbio;643;27.6;2330;421;481;20.6;18.1;1820.3
5171;Caslano;1279;29.5;4329;800;1185;27.4;18.5;1551.6
5176;Comano;261;12.1;2155;467;495;23;21.7;1046.1
5180;Cureglia;278;18.7;1487;306;326;21.9;20.6;1402.8
5186;Grancia;157;33.2;473;84;79;16.7;17.8;775.4
5187;Gravesano;285;20.8;1367;261;290;21.2;19.1;1925.4
5189;Lamone;613;35.3;1736;288;331;19.1;16.6;933.3
5192;Lugano;24259;38.8;62464;10651;14187;22.7;17.1;823.4
5193;Magliaso;392;23.7;1652;273;458;27.7;16.5;1501.8
5194;Manno;278;20.9;1330;258;268;20.2;19.4;561.2
5196;Massagno;2872;43.7;6575;1201;1317;20;18.3;8885.1
5198;Melide;661;36.8;1796;293;460;25.6;16.3;1081.9
5199;Mezzovico-Vira;200;14.5;1382;300;238;17.2;21.7;124.2
52;Bassersdorf;3160;26.2;12062;2523;2062;17.1;20.9;1335.8
5203;Morcote;294;41.2;714;86;226;31.7;12;255.9
5205;Muzzano;178;21.9;814;129;192;23.6;15.8;525.2
5206;Neggio;52;16.1;322;54;74;23;16.8;361.8
5208;Origlio;259;17.1;1512;344;303;20;22.8;726.9
5210;Paradiso;2754;59.6;4624;740;942;20.4;16;5195.5
5212;Ponte Capriasca;307;16;1922;431;370;19.3;22.4;311.5
5214;Porza;400;25.1;1595;238;383;24;14.9;1022.4
5216;Pura;295;21.6;1364;254;305;22.4;18.6;448.7
5221;Savosa;699;31.7;2207;441;514;23.3;20;2982.4
5225;Sorengo;775;37.4;2070;476;381;18.4;23;2435.3
5226;Capriasca;764;11.3;6740;1337;1545;22.9;19.8;185.3
5227;Torricella-Taverne;805;26.1;3080;604;662;21.5;19.6;586.7
5230;Vernate;120;19.4;620;112;107;17.3;18.1;410.6
5231;Vezia;504;26.3;1917;388;422;22;20.2;1379.1
5233;Vico Morcote;181;43.6;415;70;107;25.8;16.9;210.7
5236;Collina d'Oro;1697;35.2;4816;961;1052;21.8;20;784.4
5237;Alto Malcantone;118;8.5;1385;226;326;23.5;16.3;62.8
5238;Monteceneri;883;18.8;4688;924;829;17.7;19.7;129.9
5239;Tresa;741;24.1;3075;490;881;28.7;15.9;278.5
5240;Val Mara;889;29.7;2992;549;608;20.3;18.3;268.1
5242;Balerna;908;27.6;3291;521;794;24.1;15.8;1300.8
5249;Castel San Pietro;267;12;2227;389;527;23.7;17.5;188.1
5250;Chiasso;3076;41.5;7420;1116;2052;27.7;15;1386.9
5251;Coldrerio;532;18.7;2848;445;804;28.2;15.6;1157.7
5254;Mendrisio;3502;23.5;14909;2492;3645;24.4;16.7;469.3
5257;Morbio Inferiore;1124;25.7;4371;818;1109;25.4;18.7;1934.1
5260;Novazzano;462;19.7;2346;395;603;25.7;16.8;448.6
5263;Riva San Vitale;496;18.6;2663;449;635;23.8;16.9;440.2
5266;Stabio;1054;23.6;4461;855;942;21.1;19.2;725.4
5268;Vacallo;1010;30.2;3346;580;808;24.1;17.3;2040.2
5269;Breggia;214;11.2;1914;308;491;25.7;16.1;75.1
5281;Biasca;2061;33.7;6110;1160;1499;24.5;19;103.4
5287;Riviera;1214;29;4188;846;795;19;20.2;48.4
53;Bülach;7139;30.2;23624;4967;3862;16.3;21;1468.2
5304;Bosco/Gurin;6;11.3;53;5;16;30.2;9.4;2.4
5307;Campo (Vallemaggia);7;14.3;49;3;18;36.7;6.1;1.1
5309;Cerentino;N/A - secret statistique;N/A - secret statistique;36;N/A - secret statistique;18;50;N/A - secret statistique;1.8
5310;Cevio;159;14.3;1110;193;293;26.4;17.4;7.3
5315;Linescio;4;9.5;42;N/A - secret statistique;13;31;N/A - secret statistique;6.3
5317;Maggia;276;10.5;2618;486;643;24.6;18.6;23.6
5323;Lavizzara;44;9;489;77;136;27.8;15.7;2.6
5324;Avegno Gordevio;157;10.1;1557;326;326;20.9;20.9;57
533;Bätterkinden;257;7.6;3368;651;799;23.7;19.3;330.5
535;Deisswil bei Münchenbuchsee;3;3.4;88;9;18;20.5;10.2;40.7
538;Fraubrunnen;399;7.4;5399;1171;1057;19.6;21.7;169.2
5395;Lema;371;13.9;2664;472;624;23.4;17.7;143.5
5396;Terre di Pedemonte;315;11.7;2694;494;686;25.5;18.3;232.4
5397;Centovalli;99;9;1102;136;377;34.2;12.3;20.6
5398;Gambarogno;1138;22.4;5076;846;1294;25.5;16.7;98
5399;Verzasca;64;8;804;109;269;33.5;13.6;3.7
54;Dietlikon;2004;25.5;7855;1594;1613;20.5;20.3;1848.2
540;Jegenstorf;603;10.4;5789;1130;1477;25.5;19.5;429.1
5401;Aigle;4421;40.5;10913;2453;1919;17.6;22.5;665
5402;Bex;2662;32.6;8167;1902;1476;18.1;23.3;84.6
5403;Chessel;121;22.9;528;121;77;14.6;22.9;148.3
5404;Corbeyrier;44;10;440;72;149;33.9;16.4;20
5405;Gryon;396;28.6;1387;269;321;23.1;19.4;91.1
5406;Lavey-Morcles;201;20.6;978;221;189;19.3;22.6;68.9
5407;Leysin;1911;51.4;3719;968;556;15;26;200.3
5408;Noville;282;24.1;1169;277;210;18;23.7;112.7
5409;Ollon;2818;35.4;7968;2124;1497;18.8;26.7;133.8
541;Iffwil;35;8.1;433;100;82;18.9;23.1;85.6
5410;Ormont-Dessous;213;18.1;1175;234;255;21.7;19.9;18.3
5411;Ormont-Dessus;342;24;1424;226;411;28.9;15.9;23.1
5412;Rennaz;298;32.2;925;223;145;15.7;24.1;422.4
5413;Roche (VD);686;35.4;1938;519;263;13.6;26.8;300.5
5414;Villeneuve (VD);2484;41.6;5968;1324;1029;17.2;22.2;186.6
5415;Yvorne;230;21.2;1086;220;211;19.4;20.3;89
5422;Aubonne;1196;31.5;3791;835;645;17;22;264.5
5423;Ballens;120;20.4;589;134;105;17.8;22.8;69.7
5424;Berolle;34;11.3;301;63;42;14;20.9;31.3
5425;Bière;531;31.7;1674;364;292;17.4;21.7;66.8
5426;Bougy-Villars;144;28.4;507;99;102;20.1;19.5;286.4
5427;Féchy;236;26.6;888;225;141;15.9;25.3;328.9
5428;Gimel;633;26.2;2418;590;419;17.3;24.4;128.1
5429;Longirod;98;18.2;538;113;103;19.1;21;56.9
543;Mattstetten;17;2.9;589;127;165;28;21.6;155.4
5430;Marchissy;78;15.6;499;114;78;15.6;22.8;41.7
5431;Mollens (VD);61;18.8;324;52;42;13;16;29.5
5434;Saint-George;247;23.2;1066;255;178;16.7;23.9;86.5
5435;Saint-Livres;133;19.1;696;155;90;12.9;22.3;85.7
5436;Saint-Oyens;88;19.3;455;119;52;11.4;26.2;148.7
5437;Saubraz;113;25.2;448;126;44;9.8;28.1;120.8
544;Moosseedorf;906;22;4113;875;781;19;21.3;644.7
5451;Avenches;1786;38.1;4685;1069;767;16.4;22.8;240.6
5456;Cudrefin;269;14.3;1875;429;290;15.5;22.9;118.5
5458;Faoug;192;21.2;907;176;141;15.5;19.4;259.9
546;Münchenbuchsee;2058;19.8;10419;2104;2333;22.4;20.2;892.8
5464;Vully-les-Lacs;615;17.4;3528;763;659;18.7;21.6;167.1
5471;Bettens;109;16.8;650;155;44;6.8;23.8;173.8
5472;Bournens;95;18.6;511;129;72;14.1;25.2;130.7
5473;Boussens;152;15.1;1006;262;133;13.2;26;318.4
5474;La Chaux (Cossonay);49;11.9;413;91;84;20.3;22;61.3
5475;Chavannes-le-Veyron;20;12.3;163;46;26;16;28.2;61.7
5476;Chevilly;50;15.1;331;85;34;10.3;25.7;85.1
5477;Cossonay;1077;24.6;4386;977;623;14.2;22.3;529.7
5479;Cuarnens;77;14.1;545;131;80;14.7;24;76.4
5480;Daillens;176;16.7;1057;274;154;14.6;25.9;191.5
5481;Dizy;29;12.5;232;51;25;10.8;22;76.3
5482;Eclépens;292;24.4;1198;274;187;15.6;22.9;206.6
5483;Ferreyres;28;9.1;308;80;45;14.6;26;97.5
5484;Gollion;172;16.7;1030;231;157;15.2;22.4;189
5485;Grancy;78;16;489;127;64;13.1;26;86.2
5486;L'Isle;168;15.4;1093;239;208;19;21.9;67.4
5487;Lussery-Villars;91;18.9;482;106;63;13.1;22;128.9
5488;Mauraz;7;10.8;65;16;8;12.3;24.6;130
5489;Mex (VD);215;26.3;818;167;150;18.3;20.4;289
5490;Moiry;20;6.7;297;62;65;21.9;20.9;44.6
5491;Mont-la-Ville;65;12.9;502;126;90;17.9;25.1;25.4
5492;Montricher;173;17.7;979;191;168;17.2;19.5;37.6
5493;Orny;89;18.3;486;112;66;13.6;23;87.6
5495;Penthalaz;879;27.4;3209;700;585;18.2;21.8;829.2
5496;Penthaz;480;25;1923;481;268;13.9;25;500.8
5497;Pompaples;200;23.3;858;213;117;13.6;24.8;193.2
5498;La Sarraz;750;28.8;2607;606;403;15.5;23.2;338.6
5499;Senarclens;89;18;495;117;88;17.8;23.6;124.7
55;Eglisau;1304;23.6;5520;1253;995;18;22.7;609.3
5501;Sullens;238;20.4;1168;268;191;16.4;22.9;298.7
5503;Vufflens-la-Ville;193;14.4;1337;291;240;18;21.8;248.5
551;Urtenen-Schönbühl;1374;21.4;6410;1372;1268;19.8;21.4;891.5
5511;Assens;241;14.4;1672;387;243;14.5;23.1;197.6
5512;Bercher;244;18;1359;351;206;15.2;25.8;318.3
5514;Bottens;229;17;1351;332;194;14.4;24.6;196.4
5515;Bretigny-sur-Morrens;162;18.5;877;216;103;11.7;24.6;305.6
5516;Cugy (VD);615;22.8;2696;668;435;16.1;24.8;926.5
5518;Echallens;1315;22.6;5812;1341;968;16.7;23.1;872.7
552;Utzenstorf;445;9.9;4476;865;1010;22.6;19.3;264.2
5520;Essertines-sur-Yverdon;150;13.9;1081;272;143;13.2;25.2;110.9
5521;Etagnières;235;20.5;1147;263;183;16;22.9;303.4
5522;Fey;80;10.9;737;188;111;15.1;25.5;100.4
5523;Froideville;512;18.8;2722;701;389;14.3;25.8;384.5
5527;Morrens (VD);188;16;1172;282;207;17.7;24.1;319.3
5529;Oulens-sous-Echallens;76;12.5;606;143;96;15.8;23.6;103.2
553;Wiggiswil;10;9.5;105;20;19;18.1;19;72.9
5530;Pailly;76;13.4;566;146;77;13.6;25.8;98.1
5531;Penthéréaz;32;7.4;431;106;56;13;24.6;75.9
5533;Poliez-Pittet;122;14.4;846;212;120;14.2;25.1;168.9
5534;Rueyres;49;16.2;303;70;51;16.8;23.1;151.5
5535;Saint-Barthélemy (VD);94;11.7;806;176;118;14.6;21.8;195.6
5537;Villars-le-Terroir;167;12.8;1307;338;189;14.5;25.9;184.3
5539;Vuarrens;165;14.9;1107;320;113;10.2;28.9;123.4
554;Wiler bei Utzenstorf;93;9;1037;237;174;16.8;22.9;271.5
5540;Montilliez;241;12.7;1894;447;268;14.1;23.6;159.7
5541;Goumoëns;147;12.6;1171;327;192;16.4;27.9;109.5
5551;Bonvillars;44;8.8;502;106;110;21.9;21.1;66.7
5552;Bullet;44;6.7;656;110;177;27;16.8;39
5553;Champagne;172;16;1073;252;161;15;23.5;274.4
5554;Concise;180;17.9;1004;220;176;17.5;21.9;88.3
5555;Corcelles-près-Concise;49;11.9;413;93;96;23.2;22.5;101.7
5556;Fiez;40;9.2;437;109;66;15.1;24.9;64
5557;Fontaines-sur-Grandson;21;9.8;214;53;24;11.2;24.8;27.2
5559;Giez;66;14.7;448;91;80;17.9;20.3;94.1
556;Zielebach;31;9.4;331;51;83;25.1;15.4;173.3
5560;Grandevent;36;15.2;237;50;43;18.1;21.1;68.9
5561;Grandson;655;19.5;3360;690;608;18.1;20.5;427.5
5562;Mauborget;13;9.4;139;23;46;33.1;16.5;25.2
5563;Mutrux;10;6.6;151;42;27;17.9;27.8;46.7
5564;Novalles;8;8.1;99;24;23;23.2;24.2;48.1
5565;Onnens (VD);69;13.9;495;113;94;19;22.8;96.1
5566;Provence;45;11.2;403;60;90;22.3;14.9;12.6
5568;Sainte-Croix;982;20.1;4876;875;1274;26.1;17.9;123.5
557;Zuzwil (BE);24;4.4;542;117;127;23.4;21.6;156.2
5571;Tévenon;116;13.4;867;203;174;20.1;23.4;60.7
5581;Belmont-sur-Lausanne;1014;26.4;3837;904;584;15.2;23.6;1447.9
5582;Cheseaux-sur-Lausanne;1077;23.8;4517;962;797;17.6;21.3;984.1
5583;Crissier;3998;43.5;9181;1997;1252;13.6;21.8;1669.3
5584;Epalinges;3019;30.7;9822;2216;1705;17.4;22.6;2149.2
5585;Jouxtens-Mézery;293;20;1468;314;325;22.1;21.4;760.6
5586;Lausanne;59218;41.9;141418;27328;20320;14.4;19.3;3418.4
5587;Le Mont-sur-Lausanne;2593;27.9;9291;2377;1367;14.7;25.6;948.1
5588;Paudex;518;33.4;1550;284;337;21.7;18.3;3229.2
5589;Prilly;5243;42.6;12294;2382;2154;17.5;19.4;5588.2
5590;Pully;6087;32.1;18984;3823;4169;22;20.1;3239.6
5591;Renens (VD);10404;49.3;21086;4351;3049;14.5;20.6;7147.8
5592;Romanel-sur-Lausanne;1006;26.6;3788;786;679;17.9;20.7;1315.3
56;Embrach;2947;29.5;10005;2143;1731;17.3;21.4;788.4
5601;Chexbres;556;25.2;2202;467;494;22.4;21.2;1024.2
5604;Forel (Lavaux);399;19.3;2064;472;355;17.2;22.9;111.5
5606;Lutry;2992;27.9;10718;2103;2422;22.6;19.6;1266.9
5607;Puidoux;914;30.5;2992;660;428;14.3;22.1;130.9
5609;Rivaz;52;15.7;332;49;69;20.8;14.8;1071
561;Adelboden;328;9.6;3399;672;788;23.2;19.8;38.8
5610;Saint-Saphorin (Lavaux);84;20.9;401;84;66;16.5;20.9;455.7
5611;Savigny;749;21.9;3418;730;681;19.9;21.4;213.5
5613;Bourg-en-Lavaux;1169;21.7;5386;1067;1159;21.5;19.8;558.7
562;Aeschi bei Spiez;133;5.8;2283;464;529;23.2;20.3;73.7
5621;Aclens;139;25;557;123;79;14.2;22.1;142.8
5622;Bremblens;80;13.2;606;143;97;16;23.6;208.2
5623;Buchillon;182;27;674;148;149;22.1;22;317.9
5624;Bussigny;3950;38.1;10365;2339;1385;13.4;22.6;2154.9
5627;Chavannes-près-Renens;4719;54;8737;2023;921;10.5;23.2;5295.2
5628;Chigny;108;25.8;419;120;49;11.7;28.6;470.8
5629;Clarmont;45;21.1;213;50;32;15;23.5;208.8
563;Frutigen;528;7.5;7014;1544;1555;22.2;22;97
5631;Denens;119;16.7;714;135;142;19.9;18.9;216.4
5632;Denges;584;32.9;1774;372;207;11.7;21;1068.7
5633;Echandens;919;31.7;2895;625;594;20.5;21.6;746.1
5634;Echichens;674;21;3208;744;588;18.3;23.2;241.7
5635;Ecublens (VD);6167;47;13118;2859;2026;15.4;21.8;2293.4
5636;Etoy;891;30.4;2931;628;452;15.4;21.4;595.7
5637;Lavigny;260;25.1;1034;254;145;14;24.6;258.5
5638;Lonay;596;22.3;2672;504;568;21.3;18.9;718.3
5639;Lully (VD);129;15.7;824;207;135;16.4;25.1;402
564;Kandergrund;58;7.1;822;176;173;21;21.4;25.6
5640;Lussy-sur-Morges;120;16.5;729;197;149;20.4;27;311.5
5642;Morges;6578;37.5;17529;3216;3230;18.4;18.3;4564.8
5643;Préverenges;1598;30.7;5204;1143;952;18.3;22;2782.9
5645;Romanel-sur-Morges;72;15.7;460;88;80;17.4;19.1;261.4
5646;Saint-Prex;2171;37;5871;1366;939;16;23.3;1061.7
5648;Saint-Sulpice (VD);2387;47.3;5046;1116;848;16.8;22.1;2712.9
5649;Tolochenaz;559;29.6;1890;419;302;16;22.2;1188.7
565;Kandersteg;300;23.1;1298;180;375;28.9;13.9;9.7
5650;Vaux-sur-Morges;32;17.3;185;40;38;20.5;21.6;88.1
5651;Villars-Sainte-Croix;263;26.8;982;203;172;17.5;20.7;595.2
5652;Villars-sous-Yens;118;19.2;615;138;93;15.1;22.4;202.3
5653;Vufflens-le-Château;176;19.9;884;223;153;17.3;25.2;413.1
5654;Vullierens;103;18.4;561;122;90;16;21.7;82
5655;Yens;354;23.4;1511;370;264;17.5;24.5;158.9
5656;Hautemorges;709;16.7;4256;997;735;17.3;23.4;129.1
566;Krattigen;101;8.9;1140;207;316;27.7;18.2;190
5661;Boulens;29;7.6;382;88;61;16;23;111.7
5663;Bussy-sur-Moudon;43;17.5;246;57;44;17.9;23.2;78.8
5665;Chavannes-sur-Moudon;16;7.3;218;39;49;22.5;17.9;42.3
5669;Curtilles;29;10;290;54;60;20.7;18.6;58.5
567;Reichenbach im Kandertal;201;5.4;3698;799;842;22.8;21.6;29.4
5671;Dompierre (VD);28;11.3;248;54;47;19;21.8;77.3
5673;Hermenches;46;12.4;371;71;71;19.1;19.1;77.8
5674;Lovatens;7;4.9;143;27;28;19.6;18.9;41.2
5675;Lucens;1697;38.4;4414;1118;665;15.1;25.3;228.9
5678;Moudon;2697;44;6124;1593;850;13.9;26;391.3
5680;Ogens;30;9.3;324;89;53;16.4;27.5;95.3
5683;Prévonloup;20;9.1;220;52;45;20.5;23.6;119.6
5684;Rossenges;21;22.8;92;16;15;16.3;17.4;85.2
5688;Syens;37;22.7;163;35;32;19.6;21.5;64.7
5690;Villars-le-Comte;14;10.1;138;27;31;22.5;19.6;32.9
5692;Vucherens;108;17;635;154;89;14;24.3;193.6
5693;Montanaire;337;12;2819;724;440;15.6;25.7;84.1
57;Freienstein-Teufen;385;16.1;2394;460;508;21.2;19.2;285
5701;Arnex-sur-Nyon;58;23.9;243;61;35;14.4;25.1;119.1
5702;Arzier-Le Muids;822;27.8;2960;728;421;14.2;24.6;57
5703;Bassins;364;24.5;1486;360;186;12.5;24.2;71.5
5704;Begnins;550;28.3;1941;435;368;19;22.4;405.2
5705;Bogis-Bossey;320;34.3;932;274;134;14.4;29.4;380.4
5706;Borex;322;28.3;1139;282;192;16.9;24.8;572.4
5707;Chavannes-de-Bogis;507;37.8;1340;373;214;16;27.8;468.5
5708;Chavannes-des-Bois;363;35.8;1014;320;121;11.9;31.6;478.3
5709;Chéserex;303;24.3;1245;268;233;18.7;21.5;117.7
571;Beatenberg;228;19.3;1182;178;353;29.9;15.1;40.4
5710;Coinsins;96;19.3;498;109;99;19.9;21.9;171.1
5711;Commugny;1171;39.3;2976;826;491;16.5;27.8;455.7
5712;Coppet;1196;37.3;3206;783;578;18;24.4;1714.4
5713;Crans (VD);731;30.9;2363;587;420;17.8;24.8;548.3
5714;Crassier;292;23.6;1236;323;158;12.8;26.1;608.9
5715;Duillier;222;19.9;1113;263;163;14.6;23.6;270.8
5716;Eysins;571;32.2;1775;468;236;13.3;26.4;745.8
5717;Founex;1538;40.7;3775;1026;543;14.4;27.2;788.1
5718;Genolier;542;26.8;2020;527;362;17.9;26.1;415.6
5719;Gingins;291;23;1266;276;252;19.9;21.8;100.8
572;Bönigen;248;9.7;2568;485;630;24.5;18.9;170.3
5720;Givrins;283;27.7;1021;222;187;18.3;21.7;257.8
5721;Gland;4751;34.8;13664;3162;1765;12.9;23.1;1644.3
5722;Grens;74;18.5;399;84;57;14.3;21.1;156.5
5723;Mies;883;39.5;2236;640;344;15.4;28.6;646.2
5724;Nyon;9141;40.7;22465;4778;3499;15.6;21.3;3303.7
5725;Prangins;1258;29.4;4278;995;805;18.8;23.3;703.6
5726;La Rippe;299;24.9;1200;288;159;13.3;24;72.3
5727;Saint-Cergue;873;31.3;2788;587;465;16.7;21.1;114.8
5728;Signy-Avenex;161;27.5;586;151;104;17.7;25.8;302.1
5729;Tannay;633;36.8;1721;455;300;17.4;26.4;956.1
573;Brienz (BE);447;13.9;3225;584;807;25;18.1;67.1
5730;Trélex;338;23.6;1430;329;235;16.4;23;247.8
5731;Le Vaud;271;19.3;1403;355;214;15.3;25.3;451.1
5732;Vich;359;30.9;1160;283;160;13.8;24.4;748.4
574;Brienzwiler;58;11.9;486;70;137;28.2;14.4;27.6
5741;L'Abergement;13;5;260;63;53;20.4;24.2;44.9
5742;Agiez;62;16.4;379;101;57;15;26.6;69.4
5743;Arnex-sur-Orbe;101;14.6;691;165;128;18.5;23.9;90.7
5744;Ballaigues;274;23.8;1153;252;235;20.4;21.9;127.3
5745;Baulmes;207;18.2;1135;233;203;17.9;20.5;50.4
5746;Bavois;162;16;1010;210;119;11.8;20.8;108
5747;Bofflens;12;5.9;203;48;39;19.2;23.6;48.2
5748;Bretonnières;20;7.6;264;68;39;14.8;25.8;48.4
5749;Chavornay;1404;26;5395;1307;666;12.3;24.2;279.8
575;Därligen;60;14.5;413;82;103;24.9;19.9;59.6
5750;Les Clées;16;8.6;186;36;48;25.8;19.4;26.4
5752;Croy;50;13;386;65;105;27.2;16.8;86.2
5754;Juriens;29;8.4;347;69;69;19.9;19.9;37.1
5755;Lignerolle;86;19.2;447;109;76;17;24.4;42
5756;Montcherand;62;12.5;496;128;72;14.5;25.8;161.6
5757;Orbe;2573;33.8;7613;1728;1182;15.5;22.7;631.8
5758;La Praz;27;14.8;183;33;37;20.2;18;35.7
5759;Premier;23;9.7;236;57;61;25.8;24.2;38.6
576;Grindelwald;951;25.3;3756;526;889;23.7;14;21.9
5760;Rances;71;13.6;521;104;98;18.8;20;53
5761;Romainmôtier-Envy;79;14.1;559;126;106;19;22.5;80.1
5762;Sergey;14;10;140;34;17;12.1;24.3;95.9
5763;Valeyres-sous-Rances;93;15.3;606;140;109;18;23.1;95.6
5764;Vallorbe;1228;31;3958;898;707;17.9;22.7;170.7
5765;Vaulion;59;12.2;483;95;97;20.1;19.7;36.7
5766;Vuiteboeuf;105;17.7;592;134;86;14.5;22.6;117
577;Gsteigwiler;55;12.9;426;83;86;20.2;19.5;60.7
578;Gündlischwand;82;23.4;351;70;64;18.2;19.9;21
5785;Corcelles-le-Jorat;77;15.9;483;103;94;19.5;21.3;60.8
579;Habkern;36;5.8;622;120;140;22.5;19.3;12.2
5790;Maracon;71;13;546;128;89;16.3;23.4;124.7
5792;Montpreveyres;135;20.4;661;161;76;11.5;24.4;160.4
5798;Ropraz;114;21.6;527;131;78;14.8;24.9;109.6
5799;Servion;375;17.5;2138;512;358;16.7;23.9;338.3
58;Glattfelden;1261;24;5258;1147;830;15.8;21.8;427.8
580;Hofstetten bei Brienz;48;8.8;543;77;148;27.3;14.2;61.9
5803;Vulliens;92;14.5;633;163;80;12.6;25.8;95.5
5804;Jorat-Menthue;234;15;1563;364;256;16.4;23.3;88.6
5805;Oron;1325;21.7;6114;1464;1004;16.4;23.9;232.6
5806;Jorat-Mézières;505;16.3;3104;755;523;16.8;24.3;279.9
581;Interlaken;1971;33.3;5926;916;1348;22.7;15.5;1387.8
5812;Champtauroz;13;7.7;169;51;20;11.8;30.2;55.4
5813;Chevroux;58;11.2;519;113;100;19.3;21.8;119.9
5816;Corcelles-près-Payerne;889;31.3;2844;674;427;15;23.7;234.8
5817;Grandcour;167;16.7;1000;247;165;16.5;24.7;98
5819;Henniez;92;22.3;412;119;59;14.3;28.9;157.9
582;Iseltwald;45;10.9;413;71;116;28.1;17.2;18.8
5821;Missy;63;16.3;387;102;76;19.6;26.4;124.4
5822;Payerne;4326;41.8;10342;2450;1690;16.3;23.7;427.7
5827;Trey;45;15;300;74;47;15.7;24.7;79.2
5828;Treytorrens (Payerne);5;4.8;105;22;23;21.9;21;34.2
5830;Villarzel;78;16;487;126;76;15.6;25.9;63.6
5831;Valbroye;759;22.6;3362;791;629;18.7;23.5;100.2
584;Lauterbrunnen;646;28.5;2270;322;576;25.4;14.2;13.8
5841;Château-d'Oex;985;27.6;3564;718;856;24;20.1;31.4
5842;Rossinière;66;12.4;532;117;116;21.8;22;22.8
5843;Rougemont;282;34;829;143;234;28.2;17.2;17.1
585;Leissigen;138;11.6;1193;238;249;20.9;19.9;114.9
5851;Allaman;118;27.8;424;75;78;18.4;17.7;162.5
5852;Bursinel;128;25.4;504;122;86;17.1;24.2;283.1
5853;Bursins;178;23.2;766;172;128;16.7;22.5;227.3
5854;Burtigny;86;20.8;414;110;68;16.4;26.6;72.9
5855;Dully;175;28;626;143;108;17.3;22.8;381.7
5856;Essertines-sur-Rolle;163;21.9;743;206;108;14.5;27.7;106.9
5857;Gilly;423;29.3;1446;322;199;13.8;22.3;186.3
5858;Luins;181;29.5;614;139;85;13.8;22.6;230
5859;Mont-sur-Rolle;794;28.7;2767;667;457;16.5;24.1;716.8
586;Lütschental;36;16.2;222;36;34;15.3;16.2;18.1
5860;Perroy;465;30.1;1547;358;240;15.5;23.1;529.8
5861;Rolle;2650;41.9;6322;1653;964;15.2;26.1;2298.9
5862;Tartegnin;82;32.9;249;69;40;16.1;27.7;228.4
5863;Vinzel;101;26.6;379;81;59;15.6;21.4;344.5
587;Matten bei Interlaken;912;21.9;4171;705;957;22.9;16.9;705.8
5871;L'Abbaye;237;15.4;1534;305;398;25.9;19.9;48.1
5872;Le Chenit;1178;25.6;4603;945;1057;23;20.5;46.4
5873;Le Lieu;125;14.1;886;182;218;24.6;20.5;27.2
588;Niederried bei Interlaken;54;14.6;370;50;121;32.7;13.5;89.2
5882;Chardonne;794;24.9;3186;561;698;21.9;17.6;309
5883;Corseaux;610;26.5;2303;407;616;26.7;17.7;2172.6
5884;Corsier-sur-Vevey;1071;31.9;3362;649;665;19.8;19.3;498.8
5885;Jongny;501;27.2;1842;397;338;18.3;21.6;852.8
5886;Montreux;11600;44.2;26230;5183;5456;20.8;19.8;785.1
5889;La Tour-de-Peilz;3691;29.8;12382;2561;2555;20.6;20.7;3798.2
589;Oberried am Brienzersee;62;13.1;474;62;135;28.5;13.1;23.6
5890;Vevey;7864;39.8;19738;3791;3007;15.2;19.2;8224.2
5891;Veytaux;366;37.5;975;177;185;19;18.2;144
5892;Blonay - Saint-Légier;2815;23.2;12117;2769;2366;19.5;22.9;387.7
59;Hochfelden;294;14.8;1989;441;390;19.6;22.2;322.4
590;Ringgenberg (BE);309;12.1;2549;399;635;24.9;15.7;287
5902;Belmont-sur-Yverdon;55;12.6;435;104;53;12.2;23.9;67.2
5903;Bioley-Magnoux;9;3.6;247;53;63;25.5;21.5;57.6
5904;Chamblon;73;12.9;567;104;115;20.3;18.3;198.3
5905;Champvent;122;16.8;727;181;104;14.3;24.9;80.5
5907;Chavannes-le-Chêne;39;12.3;316;70;60;19;22.2;79
5908;Chêne-Pâquier;23;14.2;162;43;25;15.4;26.5;76.8
5909;Cheseaux-Noréaz;92;12.5;735;171;158;21.5;23.3;122.7
591;Saxeten;6;6.8;88;7;26;29.5;8;4.5
5910;Cronay;31;7.6;410;102;90;22;24.9;62.3
5911;Cuarny;27;11.4;237;51;44;18.6;21.5;52
5912;Démoret;6;3.6;167;42;32;19.2;25.1;39
5913;Donneloye;118;13;905;246;135;14.9;27.2;100.4
5914;Ependes (VD);54;14.5;372;92;56;15.1;24.7;77.3
5919;Mathod;131;19.2;684;153;91;13.3;22.4;103.8
592;Schwanden bei Brienz;49;7.6;649;119;181;27.9;18.3;91.9
5921;Molondin;40;15.4;259;57;50;19.3;22;47.2
5922;Montagny-près-Yverdon;126;16.3;772;181;136;17.6;23.4;219.3
5923;Oppens;50;24.6;203;40;31;15.3;19.7;56.4
5924;Orges;48;11.8;406;102;41;10.1;25.1;101
5925;Orzens;15;7.2;208;39;46;22.1;18.8;49.5
5926;Pomy;67;7.8;864;229;116;13.4;26.5;153.7
5928;Rovray;21;10.8;194;57;33;17;29.4;60.6
5929;Suchy;117;17.4;671;178;69;10.3;26.5;101.1
593;Unterseen;1095;19.1;5745;928;1432;24.9;16.2;410.7
5930;Suscévaz;31;14.2;219;60;47;21.5;27.4;52.6
5931;Treycovagnes;97;18.6;521;117;78;15;22.5;250.5
5932;Ursins;33;14.3;231;50;43;18.6;21.6;68.8
5933;Valeyres-sous-Montagny;108;15.4;703;147;135;19.2;20.9;308.3
5934;Valeyres-sous-Ursins;16;6.6;241;45;60;24.9;18.7;84
5935;Villars-Epeney;8;8.8;91;21;12;13.2;23.1;105.8
5937;Vugelles-La Mothe;13;9.5;137;37;19;13.9;27;44.6
5938;Yverdon-les-Bains;11245;37.7;29827;6543;5397;18.1;21.9;2201.3
5939;Yvonand;559;15.8;3529;812;663;18.8;23;263
594;Wilderswil;430;15.9;2697;492;543;20.1;18.2;204.5
6;Kappel am Albis;205;15.5;1321;341;181;13.7;25.8;166.8
60;Höri;1246;37.7;3307;651;475;14.4;19.7;690.4
6002;Brig-Glis;2694;19.7;13642;2422;2996;22;17.8;362.1
6004;Eggerberg;18;5.7;317;42;84;26.5;13.2;52.4
6007;Naters;1804;17.2;10484;1921;2328;22.2;18.3;71.2
6008;Ried-Brig;232;10.6;2183;501;412;18.9;23;45.9
6009;Simplon;7;2.4;290;39;87;30;13.4;3.2
6010;Termen;115;10;1152;280;197;17.1;24.3;61.8
6011;Zwischbergen;26;35.6;73;3;14;19.2;4.1;0.8
602;Arni (BE);28;2.9;951;208;176;18.5;21.9;91.2
6021;Ardon;1133;31.8;3564;808;494;13.9;22.7;174.8
6022;Chamoson;720;17.2;4178;864;874;20.9;20.7;128.7
6023;Conthey;2180;24.3;8983;1906;1767;19.7;21.2;105.7
6024;Nendaz;1204;17.3;6943;1270;1524;22;18.3;80.8
6025;Vétroz;1597;24.5;6510;1482;985;15.1;22.8;624.2
603;Biglen;150;8.1;1852;350;390;21.1;18.9;515.9
6032;Bourg-Saint-Pierre;29;13.3;218;28;56;25.7;12.8;2.4
6033;Liddes;59;7.9;745;153;173;23.2;20.5;12.7
6034;Orsières;523;16.2;3237;701;730;22.6;21.7;19.6
6035;Sembrancher;193;18.4;1050;206;202;19.2;19.6;59.4
6037;Val de Bagnes;3101;29;10693;2029;2241;21;19;35.4
605;Bowil;42;3.1;1338;272;274;20.5;20.3;91.1
6052;Bellwald;43;12.7;338;45;102;30.2;13.3;24.2
6054;Binn;9;7;128;21;47;36.7;16.4;2
6056;Ernen;59;11.2;528;59;161;30.5;11.2;14.9
6057;Fiesch;147;15.9;925;126;261;28.2;13.6;83.9
6058;Fieschertal;29;8.3;351;79;77;21.9;22.5;2
606;Brenzikofen;14;2.9;488;96;112;23;19.7;222.8
6061;Lax;47;14.1;333;75;99;29.7;22.5;61.4
607;Freimettigen;43;9.3;464;103;98;21.1;22.2;156.8
6076;Obergoms;70;10.9;640;89;203;31.7;13.9;4.1
6077;Goms;129;11.3;1142;154;362;31.7;13.5;8.8
608;Grosshöchstetten;327;7.9;4130;796;1067;25.8;19.3;596
6082;Ayent;550;13;4247;842;1037;24.4;19.8;76.7
6083;Evolène;171;10.3;1655;247;444;26.8;14.9;7.9
6084;Hérémence;106;7.1;1488;218;446;30;14.7;13.8
6087;Saint-Martin (VS);56;6.7;832;126;273;32.8;15.1;22.5
6089;Vex;248;13.4;1854;354;413;22.3;19.1;142.1
609;Häutligen;5;1.9;263;60;38;14.4;22.8;85.7
6090;Mont-Noble;107;9.6;1112;148;399;35.9;13.3;25.6
61;Hüntwangen;138;12.6;1093;225;235;21.5;20.6;222.6
610;Herbligen;29;4.8;609;153;108;17.7;25.1;220.7
6101;Agarn;85;12;709;106;147;20.7;15;92.7
6102;Albinen;29;11.5;253;27;84;33.2;10.7;16.3
6104;Ergisch;9;5;179;18;57;31.8;10.1;6.1
6109;Inden;32;27.6;116;15;34;29.3;12.9;11.9
611;Kiesen;65;6.4;1013;233;194;19.2;23;216
6110;Leuk;652;15.8;4134;755;910;22;18.3;75
6111;Leukerbad;452;34.9;1295;169;348;26.9;13.1;19.2
6112;Oberems;3;2.4;127;11;37;29.1;8.7;2.5
6113;Salgesch;261;15.7;1659;328;360;21.7;19.8;146
6116;Varen;64;9.2;692;122;191;27.6;17.6;54
6117;Guttet-Feschel;32;7.3;437;71;110;25.2;16.2;41.9
6118;Gampel-Bratsch;321;15.2;2116;365;456;21.6;17.2;91.8
6119;Turtmann-Unterems;158;13.6;1160;224;249;21.5;19.3;27.3
612;Konolfingen;590;10.8;5463;983;1316;24.1;18;427.8
613;Landiswil;13;2.1;613;122;143;23.3;19.9;59.7
6131;Bovernier;124;13.6;911;189;152;16.7;20.7;69.7
6133;Fully;1688;18.7;9049;1972;1581;17.5;21.8;239.3
6134;Isérables;62;7.5;829;144;239;28.8;17.4;54.3
6135;Leytron;559;17;3281;571;856;26.1;17.4;122.3
6136;Martigny;6348;30.3;20974;4244;3706;17.7;20.2;643.6
6137;Martigny-Combe;287;12.3;2336;429;482;20.6;18.4;62.4
6139;Riddes;1084;30.7;3535;754;643;18.2;21.3;147.9
614;Linden;52;4.1;1278;267;282;22.1;20.9;96.6
6140;Saillon;578;19.3;2995;673;565;18.9;22.5;218
6141;Saxon;2214;33.1;6690;1438;987;14.8;21.5;288.1
6142;Trient;16;10;160;29;36;22.5;18.1;4
615;Mirchel;24;4;593;126;114;19.2;21.2;253.4
6151;Champéry;331;24.5;1350;206;411;30.4;15.3;34.7
6152;Collombey-Muraz;2624;26.9;9739;2253;1359;14;23.1;327.4
6153;Monthey;6269;34;18446;3731;3405;18.5;20.2;642.7
6154;Port-Valais;1333;30.3;4397;886;825;18.8;20.2;306.4
6155;Saint-Gingolph;304;30.8;988;165;241;24.4;16.7;68.4
6156;Troistorrents;666;13.8;4838;1003;957;19.8;20.7;130.9
6157;Val-d'Illiez;411;19.2;2146;416;425;19.8;19.4;54.7
6158;Vionnaz;578;19.9;2902;600;521;18;20.7;138.5
6159;Vouvry;1304;29.2;4473;1054;763;17.1;23.6;133.5
616;Münsingen;1606;12.3;13045;2526;3355;25.7;19.4;827.2
617;Niederhünigen;16;2.3;710;143;129;18.2;20.1;131
6172;Bister;4;9.8;41;4;10;24.4;9.8;7.1
6173;Bitsch;128;11.4;1122;235;147;13.1;20.9;193.8
6177;Grengiols;37;8.8;419;70;92;22;16.7;7.2
6181;Riederalp;54;12.6;427;84;100;23.4;19.7;22.4
619;Oberdiessbach;291;8.1;3572;706;742;20.8;19.8;217
6191;Ausserberg;52;8.3;630;111;160;25.4;17.6;41.6
6192;Blatten;10;3.4;298;51;85;28.5;17.1;3.3
6193;Bürchen;50;6.7;750;110;199;26.5;14.7;55.7
6194;Eischoll;27;6.1;445;55;151;33.9;12.4;31.4
6195;Ferden;12;4.8;251;29;59;23.5;11.6;9
6197;Kippel;17;5.2;324;37;102;31.5;11.4;27.7
6198;Niedergesteln;65;8.7;743;144;151;20.3;19.4;42.2
6199;Raron;284;14.5;1955;397;427;21.8;20.3;64.4
62;Kloten;7442;35.5;20967;3808;3270;15.6;18.2;1098.3
620;Oberthal;10;1.4;727;136;151;20.8;18.7;69
6201;Unterbäch;53;10.9;485;78;132;27.2;16.1;22
6202;Wiler (Lötschen);26;4.7;554;94;115;20.8;17;37.3
6203;Mörel-Filet;116;16.1;720;133;167;23.2;18.5;84.2
6204;Steg-Hohtenn;302;17.7;1711;300;397;23.2;17.5;122
6205;Bettmeralp;60;13;463;77;108;23.3;16.6;16.1
6211;Collonges;151;17.9;843;186;160;19;22.1;69
6212;Dorénaz;186;17.1;1086;256;148;13.6;23.6;86.3
6213;Evionnaz;277;19.6;1416;298;231;16.3;21;29.5
6214;Finhaut;81;22.3;363;59;107;29.5;16.3;15.9
6215;Massongex;387;19.5;1984;421;293;14.8;21.2;298.8
6217;Saint-Maurice;1173;25.8;4540;937;791;17.4;20.6;304.3
6218;Salvan;158;10.8;1469;262;382;26;17.8;27.5
6219;Vernayaz;501;27.6;1812;337;351;19.4;18.6;324.2
622;Oppligen;32;5;640;131;111;17.3;20.5;188.2
6220;Vérossaz;86;9.9;866;205;123;14.2;23.7;60.6
623;Rubigen;241;8.3;2910;514;676;23.2;17.7;420.5
6232;Chalais;731;19.4;3759;763;772;20.5;20.3;154.4
6235;Chippis;694;44.6;1556;316;284;18.3;20.3;789.8
6238;Grône;612;24;2545;523;487;19.1;20.6;122.8
6239;Icogne;165;25.9;636;105;178;28;16.5;25.6
6240;Lens;1430;32.5;4406;710;1272;28.9;16.1;315.2
6246;Saint-Léonard;505;19.8;2548;500;458;18;19.6;656.7
6248;Sierre;5782;33.4;17295;3258;3837;22.2;18.8;904.1
6252;Anniviers;549;20.3;2703;450;705;26.1;16.6;11.1
6253;Crans-Montana;3666;35.7;10271;1583;2690;26.2;15.4;172.2
6254;Noble-Contrée;641;13.8;4635;989;1012;21.8;21.3;713.1
626;Walkringen;127;7.1;1795;349;402;22.4;19.4;104.3
6261;Arbaz;200;14.4;1390;248;348;25;17.8;72.5
6263;Grimisuat;545;14.4;3774;907;659;17.5;24;848.1
6265;Savièse;1069;13.2;8097;1541;1840;22.7;19;114.1
6266;Sion;9833;27.6;35650;6720;7273;20.4;18.8;1022.7
6267;Veysonnaz;126;21.2;594;121;145;24.4;20.4;521.1
627;Worb;2030;17.7;11460;2159;2941;25.7;18.8;543.6
628;Zäziwil;104;6.4;1623;321;338;20.8;19.8;300
6281;Baltschieder;141;10.4;1355;307;207;15.3;22.7;43.4
6282;Eisten;10;5.3;189;13;52;27.5;6.9;5
6283;Embd;19;6.6;286;39;71;24.8;13.6;20.4
6285;Grächen;140;11;1271;190;280;22;14.9;89.1
6286;Lalden;96;13.6;706;124;137;19.4;17.6;543.1
6287;Randa;126;28.6;440;73;98;22.3;16.6;8.1
6288;Saas-Almagell;46;12.8;360;51;85;23.6;14.2;3.3
6289;Saas-Balen;54;14.7;368;54;85;23.1;14.7;12.2
629;Oberhünigen;10;3.1;320;76;64;20;23.8;53.2
6290;Saas-Fee;471;30.2;1561;270;282;18.1;17.3;38.7
6291;Saas-Grund;136;13.5;1005;163;231;23;16.2;40.5
6292;St. Niklaus;280;12.5;2242;420;475;21.2;18.7;25.1
6293;Stalden (VS);141;12.8;1103;169;267;24.2;15.3;104.9
6294;Staldenried;37;6.5;566;90;132;23.3;15.9;39.7
6295;Täsch;807;60.5;1333;263;154;11.6;19.7;22.7
6296;Törbel;14;2.8;497;84;119;23.9;16.9;29.5
6297;Visp;2375;28.6;8305;1531;1566;18.9;18.4;629.2
6298;Visperterminen;80;6.1;1310;227;360;27.5;17.3;25.4
6299;Zeneggen;47;15.1;312;63;73;23.4;20.2;41.3
63;Lufingen;543;19.6;2767;646;347;12.5;23.3;534.2
630;Allmendingen;37;6.5;566;97;174;30.7;17.1;148.6
6300;Zermatt;2462;42.8;5746;900;832;14.5;15.7;23.7
632;Wichtrach;314;7.2;4350;866;934;21.5;19.9;375
64;Nürensdorf;955;16.7;5723;1077;1301;22.7;18.8;564.4
6404;Boudry;1763;28.1;6267;1445;1096;17.5;23.1;373.9
6408;Cortaillod;982;20.9;4707;972;998;21.2;20.7;1275.6
6413;Rochefort;177;13.5;1313;254;275;20.9;19.3;50.8
6416;Milvignes;1739;18.9;9217;1947;1975;21.4;21.1;1048.6
6417;La Grande Béroche;1720;19;9029;1770;1998;22.1;19.6;213.9
6421;La Chaux-de-Fonds;11118;30.4;36527;7331;7151;19.6;20.1;655.7
6422;Les Planchettes;24;11.3;213;46;37;17.4;21.6;18.2
6423;La Sagne;125;11.7;1069;252;234;21.9;23.6;41.8
6432;La Brévine;29;4.8;606;115;140;23.1;19;14.5
6433;Brot-Plamboz;22;7.8;282;78;53;18.8;27.7;17.5
6434;Le Cerneux-Péquignot;14;4.3;325;84;46;14.2;25.8;20.7
6435;La Chaux-du-Milieu;23;4.7;489;125;94;19.2;25.6;28.2
6436;Le Locle;3158;29.4;10746;2188;2342;21.8;20.4;310
6437;Les Ponts-de-Martel;115;9.3;1239;245;270;21.8;19.8;68.2
6451;Cornaux;395;24.2;1635;317;308;18.8;19.4;345.7
6452;Cressier (NE);524;27.8;1888;381;347;18.4;20.2;220.3
6455;Le Landeron;922;19.7;4680;945;1070;22.9;20.2;454.4
6456;Lignières;117;11.6;1006;257;191;19;25.5;80.4
6458;Neuchâtel;14154;31.7;44597;8458;8141;18.3;19;1482.1
6487;Val-de-Ruz;3059;17.6;17410;4133;2940;16.9;23.7;140.1
65;Oberembrach;143;13.1;1092;182;234;21.4;16.7;106.4
6504;La Côte-aux-Fées;49;10;491;110;129;26.3;22.4;38.3
6511;Les Verrières;59;9;652;146;142;21.8;22.4;22.6
6512;Val-de-Travers;2053;19.4;10558;2078;2533;24;19.7;84.6
6513;Laténa;2902;25;11625;2480;2430;20.9;21.3;446.1
66;Opfikon;9577;45.1;21213;4369;2501;11.8;20.6;3794.8
6601;Aire-la-Ville;187;16.3;1145;277;206;18;24.2;390.8
6602;Anières;760;31.4;2417;552;440;18.2;22.8;626.2
6603;Avully;329;19.3;1708;406;284;16.6;23.8;369.7
6604;Avusy;151;11;1377;284;249;18.1;20.6;266.3
6605;Bardonnex;634;25;2531;570;483;19.1;22.5;506.2
6606;Bellevue;1569;38.5;4075;1063;525;12.9;26.1;932.5
6607;Bernex;2254;22;10250;2221;2077;20.3;21.7;791.5
6608;Carouge (GE);8178;36.9;22164;4585;3379;15.2;20.7;8208.9
6609;Cartigny;195;19.1;1021;250;181;17.7;24.5;233.1
6610;Céligny;299;35.4;845;212;136;16.1;25.1;181.3
6611;Chancy;358;21.4;1671;482;199;11.9;28.8;310.6
6612;Chêne-Bougeries;4724;35.6;13261;3138;2682;20.2;23.7;3203.1
6613;Chêne-Bourg;3435;38.9;8836;1926;1453;16.4;21.8;6903.1
6614;Choulex;275;22.5;1222;279;252;20.6;22.8;312.5
6615;Collex-Bossy;595;34.5;1727;439;262;15.2;25.4;250.7
6616;Collonge-Bellerive;2473;29.1;8496;2130;1598;18.8;25.1;1388.2
6617;Cologny;2121;35.5;5970;1392;1243;20.8;23.3;1626.7
6618;Confignon;814;17.7;4593;1072;883;19.2;23.3;1658.1
6619;Corsier (GE);655;28.9;2267;536;404;17.8;23.6;827.4
662;Ferenbalm;131;10.7;1223;208;316;25.8;17;134
6620;Dardagny;507;28.2;1799;401;321;17.8;22.3;209.2
6621;Genève;100291;49.2;203840;36330;32451;15.9;17.8;12771.9
6622;Genthod;990;34.3;2884;653;551;19.1;22.6;1004.9
6623;Le Grand-Saconnex;5501;43.6;12607;3146;1908;15.1;25;2878.3
6624;Gy;87;17.4;499;117;95;19;23.4;151.7
6625;Hermance;342;28.8;1189;292;237;19.9;24.6;825.7
6626;Jussy;266;22.3;1193;278;245;20.5;23.3;105.1
6627;Laconnex;108;15.4;703;150;154;21.9;21.3;183.6
6628;Lancy;12359;35.7;34656;8117;5331;15.4;23.4;7265.4
6629;Meinier;407;19.7;2069;452;431;20.8;21.8;297.7
663;Frauenkappelen;209;14.6;1430;268;316;22.1;18.7;153.9
6630;Meyrin;12046;45.4;26517;6168;4291;16.2;23.3;2667.7
6631;Onex;6907;36.8;18773;4125;3568;19;22;6680.8
6632;Perly-Certoux;802;25.5;3141;694;613;19.5;22.1;1236.6
6633;Plan-les-Ouates;2919;24.1;12088;2950;1734;14.3;24.4;2066.3
6634;Pregny-Chambésy;2095;52.5;3992;1000;673;16.9;25.1;1232.1
6635;Presinge;138;18.7;737;163;184;25;22.1;156.5
6636;Puplinge;587;23.2;2527;607;491;19.4;24;946.4
6637;Russin;145;27.1;536;102;90;16.8;19;109.2
6638;Satigny;1278;28.7;4449;1131;656;14.7;25.4;235.1
6639;Soral;196;20.4;963;225;205;21.3;23.4;327.6
6640;Thônex;5943;36.9;16115;3494;2862;17.8;21.7;4218.6
6641;Troinex;537;20.7;2600;623;433;16.7;24;758
6642;Vandoeuvres;925;32.4;2851;675;489;17.2;23.7;645
6643;Vernier;16397;44.8;36572;8325;5484;15;22.8;4755.8
6644;Versoix;5763;43.2;13337;3445;2205;16.5;25.8;1269
6645;Veyrier;3415;28.7;11901;2940;2232;18.8;24.7;1830.9
665;Gurbrü;31;12.6;247;47;48;19.4;19;132.8
666;Kriechenwil;20;4.7;424;73;132;31.1;17.2;88.9
667;Laupen;550;16.8;3282;600;816;24.9;18.3;792.8
668;Mühleberg;368;12;3074;562;649;21.1;18.3;117.1
669;Münchenwiler;79;14.1;559;140;102;18.2;25;225.4
67;Rafz;1056;22.6;4672;939;899;19.2;20.1;437.5
670;Neuenegg;896;15.8;5656;1122;1229;21.7;19.8;259.1
6702;Boécourt;76;8;951;204;191;20.1;21.5;77
6703;Bourrignon;8;3.1;258;55;51;19.8;21.3;19
6704;Châtillon (JU);36;7.6;471;111;82;17.4;23.6;88.7
6706;Courchapoix;28;6.3;441;93;88;20;21.1;69
6708;Courrendlin;812;22;3686;858;642;17.4;23.3;171
6709;Courroux;482;14.5;3313;704;695;21;21.2;167.8
671;Wileroltigen;45;11.8;380;65;62;16.3;17.1;91.6
6710;Courtételle;399;15;2654;580;484;18.2;21.9;195.7
6711;Delémont;3738;29.6;12636;2494;2835;22.4;19.7;575.1
6712;Develier;185;13.6;1360;293;288;21.2;21.5;109.1
6713;Ederswiler;7;6.3;112;15;33;29.5;13.4;33.8
6715;Mervelier;35;6.7;522;106;120;23;20.3;53.6
6716;Mettembert;11;10.4;106;22;29;27.4;20.8;45.3
6718;Movelier;34;8;425;81;121;28.5;19.1;52.6
6719;Pleigne;8;2.3;350;65;83;23.7;18.6;19.6
6721;Rossemaison;103;14.1;733;151;145;19.8;20.6;387.8
6722;Saulcy;10;3.7;270;54;59;21.9;20;34.4
6724;Soyhières;80;19.2;417;59;93;22.3;14.1;55.6
6729;Haute-Sorne;1182;16.1;7319;1591;1469;20.1;21.7;103
6730;Val Terbi;230;7;3285;746;663;20.2;22.7;70.4
6741;Le Bémont (JU);6;1.9;308;59;70;22.7;19.2;26.4
6742;Les Bois;101;8;1258;285;245;19.5;22.7;50.9
6743;Les Breuleux;189;11.7;1611;353;329;20.4;21.9;108.3
6745;Les Enfers;6;3.8;156;36;22;14.1;23.1;21.9
6748;Les Genevez (JU);25;4.9;510;105;119;23.3;20.6;37.4
6750;Lajoux (JU);57;8.1;705;136;142;20.1;19.3;56.9
6751;Montfaucon;36;6.5;551;105;127;23;19.1;30.2
6753;Muriaux;30;5.9;511;103;124;24.3;20.2;30.3
6754;Le Noirmont;303;15.9;1902;408;337;17.7;21.5;93.3
6757;Saignelégier;221;8.6;2575;479;597;23.2;18.6;81.3
6758;Saint-Brais;18;7.9;228;39;48;21.1;17.1;15
6759;Soubey;13;11;118;13;36;30.5;11;8.7
6771;Alle;208;11.1;1882;412;408;21.7;21.9;177.5
6774;Boncourt;137;11.4;1205;208;365;30.3;17.3;133.6
6778;Bure;28;4.4;631;125;181;28.7;19.8;46.1
6781;Coeuve;25;3.5;718;183;145;20.2;25.5;61.8
6782;Cornol;94;9.2;1018;219;191;18.8;21.5;97.4
6783;Courchavon;28;9.6;293;57;60;20.5;19.5;47.3
6784;Courgenay;247;10.1;2435;491;514;21.1;20.2;132
6785;Courtedoux;58;7.4;786;156;197;25.1;19.8;95.7
6789;Fahy;33;9.9;333;52;102;30.6;15.6;42.8
6790;Fontenais;146;8.7;1674;360;376;22.5;21.5;83.7
6792;Grandfontaine;21;5.4;391;85;97;24.8;21.7;43.6
68;Rorbas;756;26;2908;669;392;13.5;23;655
6800;Porrentruy;1242;19.3;6441;1134;1612;25;17.6;436.4
6806;Vendlincourt;40;7.3;546;95;147;26.9;17.4;59.7
6807;Basse-Allaine;106;8.7;1217;266;313;25.7;21.9;52.8
6808;Clos du Doubs;105;8.2;1275;248;324;25.4;19.5;20.6
6809;Haute-Ajoie;77;7.3;1052;174;304;28.9;16.5;25.7
681;Belprahon;15;5.4;276;36;91;33;13;72.3
6810;La Baroche;63;5.7;1114;224;276;24.8;20.1;35.9
6811;Damphreux-Lugnez;28;7.6;370;77;99;26.8;20.8;34.4
6812;Basse-Vendline;88;11.9;742;112;245;33;15.1;39.7
683;Champoz;N/A - secret statistique;N/A - secret statistique;160;40;27;16.9;25;22.3
687;Corcelles (BE);7;3.5;201;32;49;24.4;15.9;29.6
69;Wallisellen;5408;31.3;17299;3366;2746;15.9;19.5;2694.5
690;Court;155;11.1;1394;304;332;23.8;21.8;56.6
691;Crémines;50;9.8;508;105;141;27.8;20.7;53.6
692;Eschert;56;14.6;384;68;78;20.3;17.7;58.4
694;Grandval;54;13.5;399;93;77;19.3;23.3;48.4
696;Loveresse;26;7.2;362;91;72;19.9;25.1;77.2
7;Knonau;428;17.7;2416;610;366;15.1;25.2;373.4
70;Wasterkingen;73;12.4;589;111;139;23.6;18.8;148.7
700;Moutier;1944;27;7189;1388;1683;23.4;19.3;366.6
701;Perrefitte;103;21.8;472;99;111;23.5;21;55.1
703;Reconvilier;497;20.5;2425;509;516;21.3;21;293.9
704;Roches (BE);26;13.7;190;25;39;20.5;13.2;21
706;Saicourt;27;4.3;623;149;132;21.2;23.9;45.2
707;Saules (BE);4;2.6;152;33;38;25;21.7;35.5
708;Schelten;3;9.4;32;5;6;18.8;15.6;5.8
709;Seehof;10;14.1;71;9;14;19.7;12.7;8.4
71;Wil (ZH);228;14.6;1564;336;326;20.8;21.5;174.9
711;Sorvilier;35;12.3;284;59;58;20.4;20.8;41.2
713;Tavannes;878;25.6;3430;743;627;18.3;21.7;232.2
715;Rebévelier;N/A - secret statistique;N/A - secret statistique;40;10;10;25;25;11.3
716;Petit-Val;29;7.1;410;93;86;21;22.7;17.2
717;Valbirse;769;19.6;3918;766;933;23.8;19.6;209.7
72;Winkel;816;16.8;4858;856;948;19.5;17.6;599
723;La Neuveville;653;17.2;3798;693;866;22.8;18.2;560.2
724;Nods;60;7.5;804;182;143;17.8;22.6;30.2
726;Plateau de Diesse;201;9.5;2118;434;462;21.8;20.5;82.9
731;Aegerten;454;19.2;2359;449;546;23.1;19;1092.1
732;Bellmund;151;8.5;1777;407;346;19.5;22.9;467.6
733;Brügg;1114;25;4456;908;961;21.6;20.4;891.2
734;Bühl;21;4.3;483;87;100;20.7;18;162.6
735;Epsach;21;6.4;330;64;65;19.7;19.4;96.8
736;Hagneck;28;6.7;420;86;91;21.7;20.5;228.3
737;Hermrigen;19;6;318;62;91;28.6;19.5;93
738;Jens;26;3.9;668;132;160;24;19.8;145.9
739;Ipsach;508;13;3895;726;1004;25.8;18.6;2050
740;Ligerz;39;7.4;525;90;168;32;17.1;293.3
741;Merzligen;13;3.3;396;65;115;29;16.4;172.2
742;Mörigen;58;6.5;890;148;241;27.1;16.6;412
743;Nidau;1835;25.8;7118;1458;1597;22.4;20.5;4682.9
744;Orpund;739;22.7;3255;660;728;22.4;20.3;819.9
745;Port;558;14.4;3882;797;972;25;20.5;1578
746;Safnern;183;9.1;2001;426;448;22.4;21.3;356
747;Scheuren;58;10.8;536;130;102;19;24.3;254
748;Schwadernau;71;10.2;693;139;136;19.6;20.1;167
749;Studen (BE);919;26.5;3463;785;664;19.2;22.7;1268.5
750;Sutz-Lattrigen;136;9.6;1420;297;318;22.4;20.9;397.8
751;Täuffelen;290;9.4;3071;556;862;28.1;18.1;698
754;Walperswil;68;6.7;1020;212;199;19.5;20.8;146.6
755;Worben;255;10.2;2501;498;628;25.1;19.9;906.2
756;Twann-Tüscherz;165;13.8;1193;178;335;28.1;14.9;96.1
761;Därstetten;39;4.5;858;164;182;21.2;19.1;26.1
762;Diemtigen;96;4.2;2271;447;507;22.3;19.7;17.5
763;Erlenbach im Simmental;117;6.7;1744;315;434;24.9;18.1;47.5
766;Oberwil im Simmental;29;3.5;818;158;227;27.8;19.3;17.8
767;Reutigen;95;7;1351;280;261;19.3;20.7;98.3
768;Spiez;1591;12.3;12906;2169;3300;25.6;16.8;772.8
769;Wimmis;250;9.5;2645;582;531;20.1;22;118.3
770;Stocken-Höfen;47;4.6;1021;219;176;17.2;21.4;71.8
782;Guttannen;25;10.2;246;34;93;37.8;13.8;1.2
783;Hasliberg;132;12;1101;241;301;27.3;21.9;26.4
784;Innertkirchen;98;9.2;1069;191;284;26.6;17.9;4.5
785;Meiringen;857;18.4;4656;850;1082;23.2;18.3;114.6
786;Schattenhalb;79;13.9;570;100;125;21.9;17.5;18.1
791;Boltigen;83;6.5;1275;239;333;26.1;18.7;16.5
792;Lenk;307;13.5;2276;430;613;26.9;18.9;18.5
793;St. Stephan;96;7.3;1319;260;324;24.6;19.7;21.7
794;Zweisimmen;424;13.8;3083;525;835;27.1;17;42.2
8;Maschwanden;79;12.3;644;142;117;18.2;22;137.3
81;Bachs;78;12.3;636;117;134;21.1;18.4;69.7
82;Boppelsen;188;12.9;1454;318;283;19.5;21.9;367.2
83;Buchs (ZH);1758;26.5;6628;1356;992;15;20.5;1134.9
84;Dällikon;1311;30.7;4271;914;712;16.7;21.4;947
841;Gsteig;228;22.7;1003;181;197;19.6;18;16.1
842;Lauenen;111;13;851;186;193;22.7;21.9;14.5
843;Saanen;2191;31.6;6929;1184;1557;22.5;17.1;57.7
85;Dänikon;493;26.4;1865;393;302;16.2;21.1;649.8
852;Guggisberg;51;3.5;1478;298;331;22.4;20.2;26.9
853;Rüschegg;80;4.7;1706;326;433;25.4;19.1;29.8
855;Schwarzenburg;458;6.8;6767;1201;1706;25.2;17.7;151
86;Dielsdorf;2086;33.9;6151;1217;1098;17.9;19.8;1047.9
861;Belp;1826;15.8;11578;2266;2666;23;19.6;497.8
863;Burgistein;35;3.2;1098;191;238;21.7;17.4;145.8
866;Gerzensee;70;5.5;1266;265;241;19;20.9;162.1
867;Gurzelen;24;2.7;889;211;146;16.4;23.7;196.7
868;Jaberg;8;2.5;315;74;38;12.1;23.5;240.5
869;Kaufdorf;90;8;1124;256;206;18.3;22.8;545.6
87;Hüttikon;161;16.8;959;256;133;13.9;26.7;603.1
870;Kehrsatz;1246;27.8;4474;1022;929;20.8;22.8;1007.7
872;Kirchdorf (BE);115;6.3;1820;328;356;19.6;18;124.5
877;Niedermuhlern;24;4.7;509;92;106;20.8;18.1;70.1
879;Riggisberg;176;5.7;3086;593;734;23.8;19.2;89.4
88;Neerach;433;13.1;3314;557;735;22.2;16.8;548.7
880;Rüeggisberg;93;5.2;1787;309;415;23.2;17.3;49.9
883;Seftigen;183;8.5;2161;401;518;24;18.6;555.5
884;Toffen;312;11.9;2611;522;627;24;20;535
885;Uttigen;151;6.9;2173;454;450;20.7;20.9;570.3
886;Wattenwil;158;5;3165;679;697;22;21.5;217.7
888;Wald (BE);82;7;1176;226;282;24;19.2;88.4
889;Thurnen;128;6.4;2013;400;453;22.5;19.9;338.3
89;Niederglatt;1389;26.8;5180;1034;854;16.5;20;1438.9
9;Mettmenstetten;897;15.9;5635;1325;1041;18.5;23.5;432.5
90;Niederhasli;2595;27.3;9497;2107;1564;16.5;22.2;840.4
901;Eggiwil;46;1.9;2443;583;530;21.7;23.9;40.5
902;Langnau im Emmental;748;8;9337;1815;2211;23.7;19.4;193.1
903;Lauperswil;113;4.2;2704;524;591;21.9;19.4;127.6
904;Röthenbach im Emmental;24;2.1;1164;248;246;21.1;21.3;31.6
905;Rüderswil;94;3.9;2425;507;517;21.3;20.9;140.9
906;Schangnau;35;3.8;915;216;193;21.1;23.6;25.1
907;Signau;128;4.8;2652;488;640;24.1;18.4;119.8
908;Trub;36;2.7;1322;301;256;19.4;22.8;21.3
909;Trubschachen;139;9.3;1497;293;375;25.1;19.6;95.7
91;Niederweningen;541;17.6;3082;676;507;16.5;21.9;449.9
92;Oberglatt;2856;38;7520;1635;906;12;21.7;911.5
921;Amsoldingen;28;3.6;788;143;180;22.8;18.1;167.3
922;Blumenstein;46;3.6;1267;251;326;25.7;19.8;81.6
923;Buchholterberg;35;2.3;1536;316;326;21.2;20.6;100.2
924;Eriz;10;2.1;478;86;114;23.8;18;21.9
925;Fahrni;20;2.5;813;175;171;21;21.5;121.7
927;Heiligenschwendi;79;10.4;756;143;188;24.9;18.9;136.2
928;Heimberg;884;12.6;7020;1390;1495;21.3;19.8;1290.4
929;Hilterfingen;361;8.9;4056;684;1174;28.9;16.9;1443.4
93;Oberweningen;440;23.4;1883;363;342;18.2;19.3;381.2
931;Homberg;11;2.2;501;129;77;15.4;25.7;77
932;Horrenbach-Buchen;4;1.7;231;54;45;19.5;23.4;11.3
934;Oberhofen am Thunersee;312;12.7;2465;371;840;34.1;15.1;909.6
935;Oberlangenegg;6;1.3;465;117;89;19.1;25.2;50.8
936;Pohlern;13;5.7;230;46;51;22.2;20;23.3
938;Sigriswil;551;11.3;4878;638;1665;34.1;13.1;88
939;Steffisburg;1754;10.9;16071;2867;3997;24.9;17.8;1085.1
94;Otelfingen;664;22.5;2946;669;487;16.5;22.7;412
940;Teuffenthal (BE);0;0;158;26;37;23.4;16.5;34.9
941;Thierachern;140;5.5;2539;558;518;20.4;22;337.2
942;Thun;6581;15.1;43670;7233;10914;25;16.6;2024.6
943;Uebeschi;22;3.1;720;166;146;20.3;23.1;162.9
944;Uetendorf;425;7.3;5858;1116;1579;27;19.1;576
945;Unterlangenegg;22;2;1092;250;199;18.2;22.9;160.6
946;Wachseldorn;9;4;224;42;58;25.9;18.8;63.8
948;Forst-Längenbühl;21;2.7;766;171;150;19.6;22.3;170.2
95;Regensberg;82;17.7;464;84;99;21.3;18.1;195.8
951;Affoltern im Emmental;52;4.4;1181;207;260;22;17.5;102.6
952;Dürrenroth;64;5.9;1076;251;224;20.8;23.3;76.2
953;Eriswil;56;4.1;1356;280;319;23.5;20.6;119.6
954;Huttwil;726;14.3;5069;1010;1150;22.7;19.9;294
955;Lützelflüh;351;8;4366;891;971;22.2;20.4;162.5
956;Rüegsau;182;5.6;3255;618;776;23.8;19;216.1
957;Sumiswald;348;6.9;5038;980;1238;24.6;19.5;84.9
958;Trachselwald;25;2.7;921;191;232;25.2;20.7;57.7
959;Walterswil (BE);16;3;526;105;112;21.3;20;66.8
96;Regensdorf;6676;35.6;18739;3864;3246;17.3;20.6;1281.7
960;Wyssachen;75;6.8;1105;229;243;22;20.7;94.5
97;Rümlang;2484;30.3;8186;1762;1301;15.9;21.5;659.6
971;Attiswil;161;10.4;1549;278;355;22.9;17.9;202.5
972;Berken;3;6.4;47;5;11;23.4;10.6;33.8
973;Bettenhausen;35;5.2;679;110;186;27.4;16.2;172.3
975;Farnern;12;5.3;228;45;51;22.4;19.7;62
976;Graben;27;8.1;334;74;63;18.9;22.2;105.7
977;Heimenhausen;92;7.8;1178;239;230;19.5;20.3;201.7
979;Herzogenbuchsee;1418;19.4;7291;1473;1628;22.3;20.2;742.5
98;Schleinikon;117;13.6;863;145;152;17.6;16.8;151.9
980;Inkwil;40;5.7;696;112;169;24.3;16.1;205.9
981;Niederbipp;1365;26.3;5185;1018;969;18.7;19.6;262.3
982;Niederönz;164;9.3;1769;341;392;22.2;19.3;634.1
983;Oberbipp;318;17.4;1826;379;315;17.3;20.8;216.1
985;Ochlenberg;22;4.1;536;99;139;25.9;18.5;44.2
987;Rumisberg;35;6.9;510;99;118;23.1;19.4;99.2
988;Seeberg;103;6.4;1599;306;337;21.1;19.1;95.2
989;Thörigen;110;9.2;1196;243;209;17.5;20.3;262.9
99;Schöfflisdorf;230;16.9;1361;256;310;22.8;18.8;339.4
990;Walliswil bei Niederbipp;24;10.6;226;37;58;25.7;16.4;153.7
991;Walliswil bei Wangen;33;5.4;615;116;119;19.3;18.9;200.3
992;Wangen an der Aare;406;14.5;2796;523;575;20.6;18.7;343.9
995;Wiedlisbach;444;17.4;2550;501;489;19.2;19.6;340